step,t,d,C,side,digits,norm4
1,5,6,17,both,1,0.89424
2,17,24,59,d-1,2,0.35766
3,59,78,197,d+1,2,0.20076
4,197,222,617,d+1,3,0.17119
5,617,42,1277,both,3,0.01325
6,1277,174,2729,d-1,4,0.03380
7,2729,60,5519,both,4,0.00740
8,5519,132,11171,d-1,4,0.01112
9,11171,3456,25799,d+1,5,0.20510
10,25799,1260,52859,d-1,5,0.05105
11,52859,312,106031,both,5,0.00935
12,106031,1068,213131,d+1,6,0.02433
13,213131,21186,447449,d+1,6,0.37286
14,447449,1548,896447,d+1,6,0.02105
15,896447,822,1793717,both,6,0.00890
16,1793717,11934,3599369,d-1,7,0.10406
17,3599369,270,7199009,both,7,0.00192
18,7199009,1218,14399237,d-1,7,0.00710
19,14399237,9972,28808447,d+1,8,0.04821
20,28808447,1032,57617927,both,8,0.00417
21,57617927,66732,115302587,d+1,8,0.22701
22,115302587,16572,230621747,d+1,9,0.04778
23,230621747,4392,461247887,d-1,9,0.01080
24,461247887,36432,922532207,d+1,9,0.07685
25,922532207,242262,1845306677,d-1,9,0.44072
26,1845306677,100734,3690714089,d-1,10,0.15884
27,3690714089,24132,7381452311,d+1,10,0.03314
28,7381452311,54576,14762959199,d+1,10,0.06555
29,14762959199,1950,29525920349,both,11,0.00206
30,29525920349,67782,59051908481,d+1,11,0.06305
31,59051908481,100926,118103917889,d+1,11,0.08307
32,118103917889,54450,236207890229,d-1,12,0.03980
33,236207890229,67290,472415847749,d-1,12,0.04381
34,472415847749,11832,944831707331,both,12,0.00688
35,944831707331,52956,1889663467619,d+1,12,0.02762
36,1889663467619,146292,3779327081531,d-1,13,0.06857
37,3779327081531,34368,7558654197431,both,13,0.01452
38,7558654197431,176538,15117308571401,d-1,13,0.06736
39,15117308571401,411288,30234617554091,d-1,14,0.14210
40,30234617554091,205608,60469235313791,d-1,14,0.06447
41,60469235313791,105468,120938470733051,d-1,14,0.03008
42,120938470733051,7668,241876941473771,d+1,15,0.00199
43,241876941473771,224298,483753883171841,d+1,15,0.05326
44,483753883171841,55206,967507766398889,d+1,15,0.01200
45,967507766398889,42300,1935015532840079,d-1,15,0.00843
46,1935015532840079,231492,3870031065911651,d+1,16,0.04235
47,3870031065911651,174918,7740062131998221,d-1,16,0.02944
48,7740062131998221,64668,15480124264061111,d-1,16,0.01003
49,15480124264061111,747828,30960248528870051,both,17,0.10702
50,30960248528870051,70098,61920497057810201,d+1,17,0.00927
51,61920497057810201,39408,123840994115659811,d+1,17,0.00482
52,123840994115659811,409026,247681988231728649,d+1,18,0.04641
53,247681988231728649,282972,495363976463740271,d+1,18,0.02980
54,495363976463740271,206448,990727952927686991,d-1,18,0.02021
55,990727952927686991,803088,1981455905856177071,d-1,18,0.07314
56,1981455905856177071,298776,3962911811712652919,d+1,19,0.02535
57,3962911811712652919,44712,7925823623425350551,d-1,19,0.00354
58,7925823623425350551,624726,15851647246851325829,d+1,19,0.04617
59,15851647246851325829,468870,31703294493703120529,d-1,20,0.03239
60,31703294493703120529,228738,63406588987406469797,d-1,20,0.01479
61,63406588987406469797,176082,126813177974813115677,d-1,20,0.01067
62,126813177974813115677,2417904,253626355949628649259,d-1,21,0.13733
63,253626355949628649259,194688,507252711899257493207,d-1,21,0.01038
64,507252711899257493207,305742,1014505423798515292157,both,21,0.01531
65,1014505423798515292157,1534632,2029010847597032118947,d+1,22,0.07228
66,2029010847597032118947,42462,4058021695194064280357,both,22,0.00188
67,4058021695194064280357,627252,8116043390388129187967,d-1,22,0.02620
68,8116043390388129187967,417864,16232086780776258793799,d-1,22,0.01645
69,16232086780776258793799,2286672,32464173561552519874271,d-1,23,0.08496
70,32464173561552519874271,1552998,64928347123105041301541,d-1,23,0.05449
71,64928347123105041301541,1264596,129856694246210083867679,d+1,23,0.04193
72,129856694246210083867679,2173182,259713388492420169908541,d+1,24,0.06815
73,259713388492420169908541,998196,519426776984840340815279,d+1,24,0.02963
74,519426776984840340815279,4292940,1038853553969680685923499,d+1,24,0.12069
75,1038853553969680685923499,145878,2077707107939361371992877,d+1,25,0.00389
76,2077707107939361371992877,230352,4155414215878722744216107,d+1,25,0.00582
77,4155414215878722744216107,333252,8310828431757445488765467,d+1,25,0.00799
78,8310828431757445488765467,2325264,16621656863514890979856199,d-1,25,0.05297
79,16621656863514890979856199,2821452,33243313727029781962533851,d-1,26,0.06108
80,33243313727029781962533851,11127246,66486627454059563936194949,d+1,26,0.22904
81,66486627454059563936194949,1326168,132973254908119127873716067,d-1,26,0.02597
82,132973254908119127873716067,5601882,265946509816238255753034017,d-1,27,0.10444
83,265946509816238255753034017,319314,531893019632476511506387349,d-1,27,0.00567
84,531893019632476511506387349,393162,1063786039264953023013167861,d-1,27,0.00665
85,1063786039264953023013167861,760458,2127572078529906046027096181,d-1,28,0.01227
86,2127572078529906046027096181,1518708,4255144157059812092055711071,both,28,0.02339
87,4255144157059812092055711071,5776386,8510288314119624184117198529,d+1,28,0.08492
88,8510288314119624184117198529,2789070,17020576628239248368237186129,d-1,28,0.03916
89,17020576628239248368237186129,296988,34041153256478496736474669247,d-1,29,0.00398
90,34041153256478496736474669247,2428992,68082306512956993472951767487,d-1,29,0.03116
91,68082306512956993472951767487,9527052,136164613025913986945913062027,d+1,29,0.11688
92,136164613025913986945913062027,4805532,272329226051827973891830929587,both,30,0.05642
93,272329226051827973891830929587,1360764,544658452103655947783663219939,d-1,30,0.01529
94,544658452103655947783663219939,2795118,1089316904207311895567329234997,d+1,30,0.03009
95,1089316904207311895567329234997,8183232,2178633808414623791134666653227,d+1,31,0.08442
96,2178633808414623791134666653227,389562,4357267616829247582269333696017,both,31,0.00385
97,4357267616829247582269333696017,1117662,8714535233658495164538668509697,d-1,31,0.01060
98,8714535233658495164538668509697,8130312,17429070467316990329077345149707,d+1,31,0.07398
99,17429070467316990329077345149707,6532692,34858140934633980658154696832107,d+1,32,0.05706
100,34858140934633980658154696832107,3278532,69716281869267961316309396942747,d-1,32,0.02750
101,69716281869267961316309396942747,4308174,139432563738535922632618798193669,d-1,32,0.03471
102,139432563738535922632618798193669,3664482,278865127477071845265237600051821,d+1,33,0.02837
103,278865127477071845265237600051821,451158,557730254954143690530475200554801,d+1,33,0.00336
104,557730254954143690530475200554801,8009166,1115460509908287381060950409118769,d+1,33,0.05732
105,1115460509908287381060950409118769,17379552,2230921019816574762121900835617091,d+1,34,0.11966
106,2230921019816574762121900835617091,1741386,4461842039633149524243801672975569,d+1,34,0.01154
107,4461842039633149524243801672975569,1307700,8923684079266299048487603347258839,d+1,34,0.00834
108,8923684079266299048487603347258839,452628,17847368158532598096975206694970307,d+1,34,0.00278
109,17847368158532598096975206694970307,14597274,35694736317065196193950413404537889,d-1,35,0.08638
110,35694736317065196193950413404537889,15469758,71389472634130392387900826824545537,d+1,35,0.08822
111,71389472634130392387900826824545537,9655602,142778945268260784775801653658746677,d+1,35,0.05308
112,142778945268260784775801653658746677,60802662,285557890536521569551603307378296017,d+1,36,0.32232
113,285557890536521569551603307378296017,2038944,571115781073043139103206614758630979,d-1,36,0.01043
114,571115781073043139103206614758630979,73122,1142231562146086278206413229517335081,d-1,36,0.00036
115,1142231562146086278206413229517335081,36703986,2284463124292172556412826459071374149,d+1,37,0.17479
116,2284463124292172556412826459071374149,3453738,4568926248584345112825652918146202037,d+1,37,0.01588
117,4568926248584345112825652918146202037,17792862,9137852497168690225651305836310196937,d-1,37,0.07901
118,9137852497168690225651305836310196937,2834502,18275704994337380451302611672623228377,d-1,37,0.01216
119,18275704994337380451302611672623228377,10234842,36551409988674760902605223345256691597,both,38,0.04242
120,36551409988674760902605223345256691597,24923124,73102819977349521805210446690538306319,d-1,38,0.09985
121,73102819977349521805210446690538306319,13020648,146205639954699043610420893381089633287,both,38,0.05044
122,146205639954699043610420893381089633287,10457814,292411279909398087220841786762189724389,d-1,39,0.03918
123,292411279909398087220841786762189724389,3835488,584822559818796174441683573524383284267,d-1,39,0.01390
124,584822559818796174441683573524383284267,185304,1169645119637592348883367147048766753839,d-1,39,0.00065
125,1169645119637592348883367147048766753839,2403342,2339290239275184697766734294097535911021,d+1,40,0.00816
126,2339290239275184697766734294097535911021,20292528,4678580478550369395533468588195092114571,d-1,40,0.06668
127,4678580478550369395533468588195092114571,10681896,9357160957100738791066937176390194911039,d+1,40,0.03399
128,9357160957100738791066937176390194911039,6569010,18714321914201477582133874352780396391089,both,40,0.02024
129,18714321914201477582133874352780396391089,5596812,37428643828402955164267748705560798378991,d+1,41,0.01671
130,37428643828402955164267748705560798378991,496548,74857287656805910328535497411121597254531,d+1,41,0.00144
131,74857287656805910328535497411121597254531,3621726,149714575313611820657070994822243198130789,d+1,41,0.01016
132,149714575313611820657070994822243198130789,18631308,299429150627223641314141989644486414892887,d+1,42,0.05066
133,299429150627223641314141989644486414892887,6547974,598858301254447282628283979288972836333749,d-1,42,0.01726
134,598858301254447282628283979288972836333749,20462148,1197716602508894565256567958577945693129647,d+1,42,0.05233
135,1197716602508894565256567958577945693129647,32307954,2395433205017789130513135917155891418567249,d-1,43,0.08016
136,2395433205017789130513135917155891418567249,5232738,4790866410035578261026271834311782842367237,d-1,43,0.01260
137,4790866410035578261026271834311782842367237,6819582,9581732820071156522052543668623565691554057,d+1,43,0.01594
138,9581732820071156522052543668623565691554057,3936042,19163465640142313044105087337247131387044157,d+1,43,0.00893
139,19163465640142313044105087337247131387044157,72179904,38326931280284626088210174674494262846268219,d-1,44,0.15899
140,38326931280284626088210174674494262846268219,57750,76653862560569252176420349348988525692594189,d+1,44,0.00012
141,76653862560569252176420349348988525692594189,13471032,153307725121138504352840698697977051398659411,d+1,44,0.02799
142,153307725121138504352840698697977051398659411,5552148,306615450242277008705681397395954102802870971,d-1,45,0.01121
143,306615450242277008705681397395954102802870971,53177088,613230900484554017411362794791908205658919031,d-1,45,0.10434
144,613230900484554017411362794791908205658919031,2563386,1226461800969108034822725589583816411320401449,d+1,45,0.00489
145,1226461800969108034822725589583816411320401449,27019128,2452923601938216069645451179167632822667822027,d-1,46,0.05009
146,2452923601938216069645451179167632822667822027,24572202,4905847203876432139290902358335265645360216257,d-1,46,0.04430
147,4905847203876432139290902358335265645360216257,124970094,9811694407752864278581804716670531290845402609,d-1,46,0.21909
148,9811694407752864278581804716670531290845402609,1757340,19623388815505728557163609433341062581692562559,d-1,46,0.00300
149,19623388815505728557163609433341062581692562559,34537668,39246777631011457114327218866682125163419662787,d+1,47,0.05730
150,39246777631011457114327218866682125163419662787,46859712,78493555262022914228654437733364250326886185287,both,47,0.07565
151,78493555262022914228654437733364250326886185287,44852322,156987110524045828457308875466728500653817222897,d-1,47,0.07047
152,156987110524045828457308875466728500653817222897,267700182,313974221048091656914617750933457001307902145977,d+1,48,0.40940
153,313974221048091656914617750933457001307902145977,6069984,627948442096183313829235501866914002615810361939,d-1,48,0.00904
154,627948442096183313829235501866914002615810361939,3438798,1255896884192366627658471003733828005231624162677,d-1,48,0.00499
155,1255896884192366627658471003733828005231624162677,5198874,2511793768384733255316942007467656010463253524229,d-1,49,0.00734
156,2511793768384733255316942007467656010463253524229,23048982,5023587536769466510633884014935312020926530097441,d-1,49,0.03170
157,5023587536769466510633884014935312020926530097441,144399948,10047175073538933021267768029870624041853204594831,d+1,49,0.19348
158,10047175073538933021267768029870624041853204594831,53400966,20094350147077866042535536059741248083706462590629,d+1,50,0.06972
159,20094350147077866042535536059741248083706462590629,45313572,40188700294155732085071072119482496167412970494831,d-1,50,0.05765
160,40188700294155732085071072119482496167412970494831,129417018,80377400588311464170142144238964992334826070406681,d-1,50,0.16049
161,80377400588311464170142144238964992334826070406681,65023878,160754801176622928340284288477929984669652205837241,both,50,0.07861
162,160754801176622928340284288477929984669652205837241,148255908,321509602353245856680568576955859969339304559930391,d+1,51,0.17475
163,321509602353245856680568576955859969339304559930391,23796258,643019204706491713361137153911719938678609143657041,d-1,51,0.02735
164,643019204706491713361137153911719938678609143657041,135968958,1286038409412983426722274307823439877357218423283041,d-1,51,0.15242
165,1286038409412983426722274307823439877357218423283041,66627216,2572076818825966853444548615646879754714436913193299,d+1,52,0.07285
166,2572076818825966853444548615646879754714436913193299,4819152,5144153637651933706889097231293759509428873831205751,both,52,0.00514
167,5144153637651933706889097231293759509428873831205751,28092276,10288307275303867413778194462587519018857747690503779,d+1,52,0.02924
168,10288307275303867413778194462587519018857747690503779,12990408,20576614550607734827556388925175038037715495393997967,d+1,53,0.01319
169,20576614550607734827556388925175038037715495393997967,36196284,41153229101215469655112777850350076075430990824192219,d-1,53,0.03588
170,41153229101215469655112777850350076075430990824192219,32401908,82306458202430939310225555700700152150861981680786347,d-1,53,0.03136
171,82306458202430939310225555700700152150861981680786347,190759962,164612916404861878620451111401400304301723963552332657,d+1,53,0.18022
172,164612916404861878620451111401400304301723963552332657,65812722,329225832809723757240902222802800608603447927170478037,d+1,54,0.06071
173,329225832809723757240902222802800608603447927170478037,300656262,658451665619447514481804445605601217206895854641612337,both,54,0.27084
174,658451665619447514481804445605601217206895854641612337,10445562,1316903331238895028963608891211202434413791709293670237,d+1,54,0.00919
175,1316903331238895028963608891211202434413791709293670237,39765582,2633806662477790057927217782422404868827583418627106057,d-1,55,0.03418
176,2633806662477790057927217782422404868827583418627106057,13096824,5267613324955580115854435564844809737655166837267308939,d-1,55,0.01100
177,5267613324955580115854435564844809737655166837267308939,22815450,10535226649911160231708871129689619475310333674557433329,d+1,55,0.01872
178,10535226649911160231708871129689619475310333674557433329,18172902,21070453299822320463417742259379238950620667349133039561,d-1,56,0.01457
179,21070453299822320463417742259379238950620667349133039561,13942548,42140906599644640926835484518758477901241334698280021671,d-1,56,0.01092
180,42140906599644640926835484518758477901241334698280021671,92109696,84281813199289281853670969037516955802482669396652153039,d+1,56,0.07053
181,84281813199289281853670969037516955802482669396652153039,52322592,168563626398578563707341938075033911604965338793356628671,d-1,56,0.03917
182,168563626398578563707341938075033911604965338793356628671,8031468,337127252797157127414683876150067823209930677586721288811,both,57,0.00588
183,337127252797157127414683876150067823209930677586721288811,319488,674254505594314254829367752300135646419861355173442897111,d+1,57,0.00023
184,674254505594314254829367752300135646419861355173442897111,157921608,1348509011188628509658735504600271292839722710347043715831,d-1,57,0.11051
185,1348509011188628509658735504600271292839722710347043715831,238355076,2697018022377257019317471009200542585679445420694325786739,d+1,58,0.16313
186,2697018022377257019317471009200542585679445420694325786739,71198070,5394036044754514038634942018401085171358890841388722771549,d-1,58,0.04766
187,5394036044754514038634942018401085171358890841388722771549,78748860,10788072089509028077269884036802170342717781682777524291959,d+1,58,0.05157
188,10788072089509028077269884036802170342717781682777524291959,44015682,21576144179018056154539768073604340685435563365555092599601,d+1,59,0.02820
189,21576144179018056154539768073604340685435563365555092599601,40387356,43152288358036112309079536147208681370871126731110225586559,d+1,59,0.02532
190,43152288358036112309079536147208681370871126731110225586559,90911730,86304576716072224618159072294417362741742253462220542084849,d-1,59,0.05578
191,86304576716072224618159072294417362741742253462220542084849,36810012,172609153432144449236318144588834725483484506924441120979711,d+1,59,0.02210
192,172609153432144449236318144588834725483484506924441120979711,33326898,345218306864288898472636289177669450966969013848882275286321,d-1,60,0.01959
193,345218306864288898472636289177669450966969013848882275286321,10354446,690436613728577796945272578355338901933938027697764560927089,d+1,60,0.00596
194,690436613728577796945272578355338901933938027697764560927089,51068928,1380873227457155593890545156710677803867876055395529172923107,d+1,60,0.02877
195,1380873227457155593890545156710677803867876055395529172923107,10159044,2761746454914311187781090313421355607735752110791058356005259,d-1,61,0.00560
196,2761746454914311187781090313421355607735752110791058356005259,121205640,5523492909828622375562180626842711215471504221582116833216159,d-1,61,0.06546
197,5523492909828622375562180626842711215471504221582116833216159,68778240,11046985819657244751124361253685422430943008443164233735210559,d-1,61,0.03638
198,11046985819657244751124361253685422430943008443164233735210559,60239358,22093971639314489502248722507370844861886016886328467530660477,d-1,62,0.03121
199,22093971639314489502248722507370844861886016886328467530660477,60939234,44187943278628979004497445014741689723772033772656935122260189,d-1,62,0.03092
200,44187943278628979004497445014741689723772033772656935122260189,75526560,88375886557257958008994890029483379447544067545313870320046939,d-1,62,0.03755
201,88375886557257958008994890029483379447544067545313870320046939,10991268,176751773114515916017989780058966758895088135090627740651085147,d+1,62,0.00535
202,176751773114515916017989780058966758895088135090627740651085147,2440224,353503546229031832035979560117933517790176270181255481304610519,d-1,63,0.00116
203,353503546229031832035979560117933517790176270181255481304610519,54536970,707007092458063664071959120235867035580352540362510962663758009,d+1,63,0.02550
204,707007092458063664071959120235867035580352540362510962663758009,67272480,1414014184916127328143918240471734071160705080725021925394788499,d+1,63,0.03083
205,1414014184916127328143918240471734071160705080725021925394788499,221932542,2828028369832254656287836480943468142321410161450043851011509541,d-1,64,0.09969
206,2828028369832254656287836480943468142321410161450043851011509541,166164678,5656056739664509312575672961886936284642820322900087702189183761,d+1,64,0.07317
207,5656056739664509312575672961886936284642820322900087702189183761,509976348,11312113479329018625151345923773872569285640645800175404888343871,d-1,64,0.22013
208,11312113479329018625151345923773872569285640645800175404888343871,140595816,22624226958658037250302691847547745138571281291600350809917283559,d+1,65,0.05950
209,22624226958658037250302691847547745138571281291600350809917283559,122281590,45248453917316074500605383695095490277142562583200701619956848709,d-1,65,0.05074
210,45248453917316074500605383695095490277142562583200701619956848709,14783460,90496907834632149001210767390190980554285125166401403239928480879,d-1,65,0.00602
211,90496907834632149001210767390190980554285125166401403239928480879,29433618,180993815669264298002421534780381961108570250332802806479886395377,both,65,0.01174
212,180993815669264298002421534780381961108570250332802806479886395377,20192154,361987631338528596004843069560763922217140500665605612959792982909,d-1,66,0.00790
213,361987631338528596004843069560763922217140500665605612959792982909,49219500,723975262677057192009686139121527844434281001331211225919635185319,d+1,66,0.01889
214,723975262677057192009686139121527844434281001331211225919635185319,43560912,1447950525354114384019372278243055688868562002662422451839313931551,d-1,66,0.01640
215,1447950525354114384019372278243055688868562002662422451839313931551,230793228,2895901050708228768038744556486111377737124005324844903678858656331,d+1,67,0.08526
216,2895901050708228768038744556486111377737124005324844903678858656331,45147228,5791802101416457536077489112972222755474248010649689807357762459891,d-1,67,0.01636
217,5791802101416457536077489112972222755474248010649689807357762459891,12127308,11583604202832915072154978225944445510948496021299379614715537047091,d+1,67,0.00431
218,11583604202832915072154978225944445510948496021299379614715537047091,41853036,23167208405665830144309956451888891021896992042598759229431115947219,d+1,68,0.01461
219,23167208405665830144309956451888891021896992042598759229431115947219,112190988,46334416811331660288619912903777782043793984085197518458862344085427,d+1,68,0.03842
220,46334416811331660288619912903777782043793984085197518458862344085427,21998322,92668833622663320577239825807555564087587968170395036917724710169177,d-1,68,0.00739
221,92668833622663320577239825807555564087587968170395036917724710169177,403277472,185337667245326641154479651615111128175175936340790073835449823615827,d-1,68,0.13304
222,185337667245326641154479651615111128175175936340790073835449823615827,37780452,370675334490653282308959303230222256350351872681580147670899685012107,both,69,0.01223
223,370675334490653282308959303230222256350351872681580147670899685012107,21903654,741350668981306564617918606460444512700703745363160295341799391927869,d-1,69,0.00696
224,741350668981306564617918606460444512700703745363160295341799391927869,41587692,1482701337962613129235837212920889025401407490726320590683598825443431,d-1,69,0.01298
225,1482701337962613129235837212920889025401407490726320590683598825443431,38929968,2965402675925226258471674425841778050802814981452641181367197689816831,d-1,70,0.01193
226,2965402675925226258471674425841778050802814981452641181367197689816831,213014478,5930805351850452516943348851683556101605629962905282362734395592648141,d+1,70,0.06410
227,5930805351850452516943348851683556101605629962905282362734395592648141,91153068,11861610703700905033886697703367112203211259925810564725468791276449351,d-1,70,0.02694
228,11861610703700905033886697703367112203211259925810564725468791276449351,34140636,23723221407401810067773395406734224406422519851621129450937582587039339,d+1,71,0.00991
229,23723221407401810067773395406734224406422519851621129450937582587039339,253077678,47446442814803620135546790813468448812845039703242258901875165427156357,d-1,71,0.07214
230,47446442814803620135546790813468448812845039703242258901875165427156357,463597074,94892885629607240271093581626936897625690079406484517803750331317909789,d-1,71,0.12980
231,94892885629607240271093581626936897625690079406484517803750331317909789,4587642,189785771259214480542187163253873795251380158812969035607500662640407221,d+1,71,0.00126
232,189785771259214480542187163253873795251380158812969035607500662640407221,568248768,379571542518428961084374326507747590502760317625938071215001325849063211,d-1,72,0.15354
233,379571542518428961084374326507747590502760317625938071215001325849063211,100025838,759143085036857922168748653015495181005520635251876142430002651798152261,d+1,72,0.02655
234,759143085036857922168748653015495181005520635251876142430002651798152261,520382838,1518286170073715844337497306030990362011041270503752284860005304116687361,d+1,72,0.13573
235,1518286170073715844337497306030990362011041270503752284860005304116687361,1421568,3036572340147431688674994612061980724022082541007504569720010608234796291,d+1,73,0.00036
236,3036572340147431688674994612061980724022082541007504569720010608234796291,5077248,6073144680294863377349989224123961448044165082015009139440021216474669831,d+1,73,0.00128
237,6073144680294863377349989224123961448044165082015009139440021216474669831,331690788,12146289360589726754699978448247922896088330164030018278880042433281030451,d-1,73,0.08210
238,12146289360589726754699978448247922896088330164030018278880042433281030451,61999746,24292578721179453509399956896495845792176660328060036557760084866624060649,d+1,74,0.01508
239,24292578721179453509399956896495845792176660328060036557760084866624060649,120224178,48585157442358907018799913792991691584353320656120073115520169733368345477,d+1,74,0.02875
240,48585157442358907018799913792991691584353320656120073115520169733368345477,433191174,97170314884717814037599827585983383168706641312240146231040339467169882129,d-1,74,0.10182
241,97170314884717814037599827585983383168706641312240146231040339467169882129,330332052,194340629769435628075199655171966766337413282624480292462080678934670096311,d+1,74,0.07632
242,194340629769435628075199655171966766337413282624480292462080678934670096311,148555158,388681259538871256150399310343933532674826565248960584924161357869488747781,d-1,75,0.03374
243,388681259538871256150399310343933532674826565248960584924161357869488747781,78803706,777362519077742512300798620687867065349653130497921169848322715739056299269,d+1,75,0.01760
244,777362519077742512300798620687867065349653130497921169848322715739056299269,75388152,1554725038155485024601597241375734130699306260995842339696645431478187986691,d-1,75,0.01655
245,1554725038155485024601597241375734130699306260995842339696645431478187986691,117962928,3109450076310970049203194482751468261398612521991684679393290862956493936311,d-1,76,0.02547
246,3109450076310970049203194482751468261398612521991684679393290862956493936311,202052526,6218900152621940098406388965502936522797225043983369358786581725913189925149,d+1,76,0.04290
247,6218900152621940098406388965502936522797225043983369358786581725913189925149,64320360,12437800305243880196812777931005873045594450087966738717573163451826444170659,d-1,76,0.01343
248,12437800305243880196812777931005873045594450087966738717573163451826444170659,57217062,24875600610487760393625555862011746091188900175933477435146326903652945558381,d+1,77,0.01175
249,24875600610487760393625555862011746091188900175933477435146326903652945558381,71522628,49751201220975520787251111724023492182377800351866954870292653807305962639391,d+1,77,0.01445
250,49751201220975520787251111724023492182377800351866954870292653807305962639391,547561446,99502402441951041574502223448046984364755600703733909740585307614612472840229,d+1,77,0.10880
251,99502402441951041574502223448046984364755600703733909740585307614612472840229,408303738,199004804883902083149004446896093968729511201407467819481170615229225353984197,d-1,77,0.07981
252,199004804883902083149004446896093968729511201407467819481170615229225353984197,11641212,398009609767804166298008893792187937459022402814935638962341230458450719609607,d-1,78,0.00224
253,398009609767804166298008893792187937459022402814935638962341230458450719609607,171889872,796019219535608332596017787584375874918044805629871277924682460916901611109087,d-1,78,0.03252
254,796019219535608332596017787584375874918044805629871277924682460916901611109087,1999131774,1592038439071216665192035575168751749836089611259742555849364921833805221349949,d-1,78,0.37212
255,1592038439071216665192035575168751749836089611259742555849364921833805221349949,156016188,3184076878142433330384071150337503499672179222519485111698729843667610598716087,d-1,79,0.02858
256,3184076878142433330384071150337503499672179222519485111698729843667610598716087,92078424,6368153756284866660768142300675006999344358445038970223397459687335221289510599,d-1,79,0.01660
257,6368153756284866660768142300675006999344358445038970223397459687335221289510599,158355210,12736307512569733321536284601350013998688716890077940446794919374670442737376409,d-1,79,0.02809
258,12736307512569733321536284601350013998688716890077940446794919374670442737376409,2841912,25472615025139466643072569202700027997377433780155880893589838749340885477594731,d-1,80,0.00050
259,25472615025139466643072569202700027997377433780155880893589838749340885477594731,671029398,50945230050278933286145138405400055994754867560311761787179677498681771626218861,d+1,80,0.11528
260,50945230050278933286145138405400055994754867560311761787179677498681771626218861,490176726,101890460100557866572290276810800111989509735120623523574359354997363543742614449,d+1,80,0.08288
261,101890460100557866572290276810800111989509735120623523574359354997363543742614449,62998800,203780920201115733144580553621600223979019470241247047148718709994727087548227699,d+1,81,0.01049
262,203780920201115733144580553621600223979019470241247047148718709994727087548227699,534483870,407561840402231466289161107243200447958038940482494094297437419989454175630939269,d-1,81,0.08757
263,407561840402231466289161107243200447958038940482494094297437419989454175630939269,16616142,815123680804462932578322214486400895916077880964988188594874839978908351278494681,d-1,81,0.00268
264,815123680804462932578322214486400895916077880964988188594874839978908351278494681,223456398,1630247361608925865156644428972801791832155761929976377189749679957816702780445761,d+1,81,0.03548
265,1630247361608925865156644428972801791832155761929976377189749679957816702780445761,28300476,3260494723217851730313288857945603583664311523859952754379499359915633405589191999,d+1,82,0.00442
266,3260494723217851730313288857945603583664311523859952754379499359915633405589191999,245927190,6520989446435703460626577715891207167328623047719905508758998719831266811424311189,d-1,82,0.03786
267,6520989446435703460626577715891207167328623047719905508758998719831266811424311189,308604072,13041978892871406921253155431782414334657246095439811017517997439662533623157226451,d-1,82,0.04678
268,13041978892871406921253155431782414334657246095439811017517997439662533623157226451,230687598,26083957785742813842506310863564828669314492190879622035035994879325067246545140501,d+1,83,0.03443
269,26083957785742813842506310863564828669314492190879622035035994879325067246545140501,311460828,52167915571485627685012621727129657338628984381759244070071989758650134493401741831,both,83,0.04578
270,52167915571485627685012621727129657338628984381759244070071989758650134493401741831,76244886,104335831142971255370025243454259314677257968763518488140143979517300268986879728549,d+1,83,0.01104
271,104335831142971255370025243454259314677257968763518488140143979517300268986879728549,104696322,208671662285942510740050486908518629354515937527036976280287959034600537973864153421,both,84,0.01493
272,208671662285942510740050486908518629354515937527036976280287959034600537973864153421,334316058,417343324571885021480100973817037258709031875054073952560575918069201075948062622901,d-1,84,0.04695
273,417343324571885021480100973817037258709031875054073952560575918069201075948062622901,5675316,834686649143770042960201947634074517418063750108147905121151836138402151896130921119,d+1,84,0.00078
274,834686649143770042960201947634074517418063750108147905121151836138402151896130921119,229639260,1669373298287540085920403895268149034836127500216295810242303672276804303792491481499,d+1,84,0.03129
275,1669373298287540085920403895268149034836127500216295810242303672276804303792491481499,156285060,3338746596575080171840807790536298069672255000432591620484607344553608607585139248059,d+1,85,0.02098
276,3338746596575080171840807790536298069672255000432591620484607344553608607585139248059,105638820,6677493193150160343681615581072596139344510000865183240969214689107217215170384134939,d+1,85,0.01397
277,6677493193150160343681615581072596139344510000865183240969214689107217215170384134939,36741882,13354986386300320687363231162145192278689020001730366481938429378214434430340805011761,d+1,85,0.00479
278,13354986386300320687363231162145192278689020001730366481938429378214434430340805011761,258367968,26709972772600641374726462324290384557378040003460732963876858756428868860681868391491,d+1,86,0.03316
279,26709972772600641374726462324290384557378040003460732963876858756428868860681868391491,67310526,53419945545201282749452924648580769114756080006921465927753717512857737721363804093509,d+1,86,0.00851
280,53419945545201282749452924648580769114756080006921465927753717512857737721363804093509,454452,106839891090402565498905849297161538229512160013842931855507435025715475442727608641471,both,86,0.00006
281,106839891090402565498905849297161538229512160013842931855507435025715475442727608641471,62670468,213679782180805130997811698594323076459024320027685863711014870051430950885455279953411,d-1,87,0.00770
282,213679782180805130997811698594323076459024320027685863711014870051430950885455279953411,889685868,427359564361610261995623397188646152918048640055371727422029740102861901770911449592691,d+1,87,0.10767
283,427359564361610261995623397188646152918048640055371727422029740102861901770911449592691,76007538,854719128723220523991246794377292305836097280110743454844059480205723803541822975192921,both,87,0.00907
284,854719128723220523991246794377292305836097280110743454844059480205723803541822975192921,493453776,1709438257446441047982493588754584611672194560221486909688118960411447607083646443839619,d+1,87,0.05800
285,1709438257446441047982493588754584611672194560221486909688118960411447607083646443839619,240214908,3418876514892882095964987177509169223344389120442973819376237920822895214167293127894147,d-1,88,0.02783
286,3418876514892882095964987177509169223344389120442973819376237920822895214167293127894147,1339222602,6837753029785764191929974355018338446688778240885947638752475841645790428334587595010897,d-1,88,0.15294
287,6837753029785764191929974355018338446688778240885947638752475841645790428334587595010897,1070419482,13675506059571528383859948710036676893377556481771895277504951683291580856669176260441277,d-1,88,0.12050
288,13675506059571528383859948710036676893377556481771895277504951683291580856669176260441277,982471224,27351012119143056767719897420073353786755112963543790555009903366583161713338353503353779,d-1,89,0.10902
289,27351012119143056767719897420073353786755112963543790555009903366583161713338353503353779,1264505628,54702024238286113535439794840146707573510225927087581110019806733166323426676708271213187,d+1,89,0.13833
290,54702024238286113535439794840146707573510225927087581110019806733166323426676708271213187,622251144,109404048476572227070879589680293415147020451854175162220039613466332646853353417164677519,d-1,89,0.06711
291,109404048476572227070879589680293415147020451854175162220039613466332646853353417164677519,107698398,218808096953144454141759179360586830294040903708350324440079226932665293706706834437053437,d+1,90,0.01145
292,218808096953144454141759179360586830294040903708350324440079226932665293706706834437053437,874406982,437616193906288908283518358721173660588081807416700648880158453865330587413413669748513857,d+1,90,0.09167
293,437616193906288908283518358721173660588081807416700648880158453865330587413413669748513857,801307092,875232387812577816567036717442347321176163614833401297760316907730661174826827340298334807,d+1,90,0.08283
294,875232387812577816567036717442347321176163614833401297760316907730661174826827340298334807,966761622,1750464775625155633134073434884694642352327229666802595520633815461322349653654681563431237,d+1,90,0.09854
295,1750464775625155633134073434884694642352327229666802595520633815461322349653654681563431237,855763584,3500929551250311266268146869769389284704654459333605191041267630922644699307309363982626059,d-1,91,0.08602
296,3500929551250311266268146869769389284704654459333605191041267630922644699307309363982626059,534104790,7001859102500622532536293739538778569409308918667210382082535261845289398614618728499356909,d-1,91,0.05294
297,7001859102500622532536293739538778569409308918667210382082535261845289398614618728499356909,268698468,14003718205001245065072587479077557138818617837334420764165070523690578797229237457267412287,d-1,91,0.02627
298,14003718205001245065072587479077557138818617837334420764165070523690578797229237457267412287,79193742,28007436410002490130145174958155114277637235674668841528330141047381157594458474914614018317,d+1,92,0.00763
299,28007436410002490130145174958155114277637235674668841528330141047381157594458474914614018317,113415024,56014872820004980260290349916310228555274471349337683056660282094762315188916949829341451659,d-1,92,0.01078
300,56014872820004980260290349916310228555274471349337683056660282094762315188916949829341451659,129907572,112029745640009960520580699832620457110548942698675366113320564189524630377833899658812810891,d-1,92,0.01218
301,112029745640009960520580699832620457110548942698675366113320564189524630377833899658812810891,1564967196,224059491280019921041161399665240914221097885397350732226641128379049260755667799319190588979,d+1,93,0.14477
302,224059491280019921041161399665240914221097885397350732226641128379049260755667799319190588979,549800088,448118982560039842082322799330481828442195770794701464453282256758098521511335598638930978047,d-1,93,0.05017
303,448118982560039842082322799330481828442195770794701464453282256758098521511335598638930978047,535275072,896237965120079684164645598660963656884391541589402928906564513516197043022671197278397231167,d-1,93,0.04818
304,896237965120079684164645598660963656884391541589402928906564513516197043022671197278397231167,330784914,1792475930240159368329291197321927313768783083178805857813129027032394086045342394557125247249,d-1,93,0.02938
305,1792475930240159368329291197321927313768783083178805857813129027032394086045342394557125247249,326010852,3584951860480318736658582394643854627537566166357611715626258054064788172090684789114576505351,d-1,94,0.02856
306,3584951860480318736658582394643854627537566166357611715626258054064788172090684789114576505351,808777098,7169903720960637473317164789287709255075132332715223431252516108129576344181369578229961787801,d-1,94,0.06991
307,7169903720960637473317164789287709255075132332715223431252516108129576344181369578229961787801,60359136,14339807441921274946634329578575418510150264665430446862505032216259152688362739156459983934739,d+1,94,0.00515
308,14339807441921274946634329578575418510150264665430446862505032216259152688362739156459983934739,77542560,28679614883842549893268659157150837020300529330860893725010064432518305376725478312920045412039,d+1,95,0.00652
309,28679614883842549893268659157150837020300529330860893725010064432518305376725478312920045412039,137742498,57359229767685099786537318314301674040601058661721787450020128865036610753450956625840228566577,d+1,95,0.01144
310,57359229767685099786537318314301674040601058661721787450020128865036610753450956625840228566577,1826687862,114718459535370199573074636628603348081202117323443574900040257730073221506901913251682283821017,d-1,95,0.14966
311,114718459535370199573074636628603348081202117323443574900040257730073221506901913251682283821017,423944202,229436919070740399146149273257206696162404234646887149800080515460146443013803826503364991586237,d+1,96,0.03428
312,229436919070740399146149273257206696162404234646887149800080515460146443013803826503364991586237,1346568594,458873838141480798292298546514413392324808469293774299600161030920292886027607653006731329741069,d-1,96,0.10744
313,458873838141480798292298546514413392324808469293774299600161030920292886027607653006731329741069,119975130,917747676282961596584597093028826784649616938587548599200322061840585772055215306013462779457269,d+1,96,0.00945
314,917747676282961596584597093028826784649616938587548599200322061840585772055215306013462779457269,857683482,1835495352565923193169194186057653569299233877175097198400644123681171544110430612026926416598021,d-1,96,0.06665
315,1835495352565923193169194186057653569299233877175097198400644123681171544110430612026926416598021,516055296,3670990705131846386338388372115307138598467754350194396801288247362343088220861224053853349251339,d+1,97,0.03958
316,3670990705131846386338388372115307138598467754350194396801288247362343088220861224053853349251339,643176690,7341981410263692772676776744230614277196935508700388793602576494724686176441722448107707341679369,d-1,97,0.04869
317,7341981410263692772676776744230614277196935508700388793602576494724686176441722448107707341679369,128201238,14683962820527385545353553488461228554393871017400777587205152989449372352883444896215414811559977,d-1,97,0.00958
318,14683962820527385545353553488461228554393871017400777587205152989449372352883444896215414811559977,451407162,29367925641054771090707106976922457108787742034801555174410305978898744705766889792430830074527117,d-1,98,0.03330
319,29367925641054771090707106976922457108787742034801555174410305978898744705766889792430830074527117,734821254,58735851282109542181414213953844914217575484069603110348820611957797489411533779584861660883875489,d-1,98,0.05350
320,58735851282109542181414213953844914217575484069603110348820611957797489411533779584861660883875489,383504142,117471702564219084362828427907689828435150968139206220697641223915594978823067559169723322151255121,d-1,98,0.02757
321,117471702564219084362828427907689828435150968139206220697641223915594978823067559169723322151255121,878692536,234943405128438168725656855815379656870301936278412441395282447831189957646135118339446645181202779,d+1,99,0.06235
322,234943405128438168725656855815379656870301936278412441395282447831189957646135118339446645181202779,29887650,469886810256876337451313711630759313740603872556824882790564895662379915292270236678893290392293209,d+1,99,0.00209
323,469886810256876337451313711630759313740603872556824882790564895662379915292270236678893290392293209,134800020,939773620513752674902627423261518627481207745113649765581129791324759830584540473357786580919386439,d-1,99,0.00932
324,939773620513752674902627423261518627481207745113649765581129791324759830584540473357786580919386439,140226168,1879547241027505349805254846523037254962415490227299531162259582649519661169080946715573161978999047,d-1,99,0.00958
325,1879547241027505349805254846523037254962415490227299531162259582649519661169080946715573161978999047,859305942,3759094482055010699610509693046074509924830980454599062324519165299039322338161893431146324817304037,d+1,100,0.05794
326,3759094482055010699610509693046074509924830980454599062324519165299039322338161893431146324817304037,136597032,7518188964110021399221019386092149019849661960909198124649038330598078644676323786862292649771205107,d-1,100,0.00909
327,7518188964110021399221019386092149019849661960909198124649038330598078644676323786862292649771205107,1223754024,15036377928220042798442038772184298039699323921818396249298076661196157289352647573724585300766164239,d-1,100,0.08045
328,15036377928220042798442038772184298039699323921818396249298076661196157289352647573724585300766164239,186201468,30072755856440085596884077544368596079398647843636792498596153322392314578705295147449170601718529947,d-1,101,0.01209
329,30072755856440085596884077544368596079398647843636792498596153322392314578705295147449170601718529947,983732154,60145511712880171193768155088737192158797295687273584997192306644784629157410590294898341204420792049,d-1,101,0.06307
330,60145511712880171193768155088737192158797295687273584997192306644784629157410590294898341204420792049,138181062,120291023425760342387536310177474384317594591374547169994384613289569258314821180589796682408979765161,both,101,0.00875
331,120291023425760342387536310177474384317594591374547169994384613289569258314821180589796682408979765161,386923188,240582046851520684775072620354948768635189182749094339988769226579138516629642361179593364818346453511,d+1,102,0.02419
332,240582046851520684775072620354948768635189182749094339988769226579138516629642361179593364818346453511,264001938,481164093703041369550145240709897537270378365498188679977538453158277033259284722359186729636956908961,d+1,102,0.01630
333,481164093703041369550145240709897537270378365498188679977538453158277033259284722359186729636956908961,240026838,962328187406082739100290481419795074540756730996377359955076906316554066518569444718373459274153844761,d-1,102,0.01464
334,962328187406082739100290481419795074540756730996377359955076906316554066518569444718373459274153844761,424933668,1924656374812165478200580962839590149081513461992754719910153812633108133037138889436746918548732623191,d-1,102,0.02560
335,1924656374812165478200580962839590149081513461992754719910153812633108133037138889436746918548732623191,1969577748,3849312749624330956401161925679180298163026923985509439820307625266216266074277778873493837099434824131,d+1,103,0.11720
336,3849312749624330956401161925679180298163026923985509439820307625266216266074277778873493837099434824131,245995608,7698625499248661912802323851358360596326053847971018879640615250532432532148555557746987674199115643871,d+1,103,0.01446
337,7698625499248661912802323851358360596326053847971018879640615250532432532148555557746987674199115643871,1006677558,15397250998497323825604647702716721192652107695942037759281230501064865064297111115493975348399237965301,d-1,103,0.05845
338,15397250998497323825604647702716721192652107695942037759281230501064865064297111115493975348399237965301,1446009678,30794501996994647651209295405433442385304215391884075518562461002129730128594222230987950696799921940281,d+1,104,0.08294
339,30794501996994647651209295405433442385304215391884075518562461002129730128594222230987950696799921940281,590912616,61589003993989295302418590810866884770608430783768151037124922004259460257188444461975901393600434793179,d+1,104,0.03348
340,61589003993989295302418590810866884770608430783768151037124922004259460257188444461975901393600434793179,134370618,123178007987978590604837181621733769541216861567536302074249844008518920514376888923951802787201003956977,d+1,104,0.00752
341,123178007987978590604837181621733769541216861567536302074249844008518920514376888923951802787201003956977,920272014,246356015975957181209674363243467539082433723135072604148499688017037841028753777847903605574402928185969,d-1,105,0.05090
342,246356015975957181209674363243467539082433723135072604148499688017037841028753777847903605574402928185969,348465282,492712031951914362419348726486935078164867446270145208296999376034075682057507555695807211148806204837221,d+1,105,0.01904
343,492712031951914362419348726486935078164867446270145208296999376034075682057507555695807211148806204837221,70022646,985424063903828724838697452973870156329734892540290416593998752068151364115015111391614422297612479697089,d+1,105,0.00378
344,985424063903828724838697452973870156329734892540290416593998752068151364115015111391614422297612479697089,266463822,1970848127807657449677394905947740312659469785080580833187997504136302728230030222783228844595225225858001,d+1,105,0.01421
345,1970848127807657449677394905947740312659469785080580833187997504136302728230030222783228844595225225858001,2001060096,3941696255615314899354789811895480625318939570161161666375995008272605456460060445566457689190452452776099,d+1,106,0.10547
346,3941696255615314899354789811895480625318939570161161666375995008272605456460060445566457689190452452776099,393455520,7883392511230629798709579623790961250637879140322323332751990016545210912920120891132915378380905299007719,d-1,106,0.02049
347,7883392511230629798709579623790961250637879140322323332751990016545210912920120891132915378380905299007719,72820770,15766785022461259597419159247581922501275758280644646665503980033090421825840241782265830756761810670836209,d+1,106,0.00375
348,15766785022461259597419159247581922501275758280644646665503980033090421825840241782265830756761810670836209,317457852,31533570044922519194838318495163845002551516561289293331007960066180843651680483564531661513523621659130271,d-1,107,0.01615
349,31533570044922519194838318495163845002551516561289293331007960066180843651680483564531661513523621659130271,97920858,63067140089845038389676636990327690005103033122578586662015920132361687303360967129063323027047243416181401,d+1,107,0.00492
350,63067140089845038389676636990327690005103033122578586662015920132361687303360967129063323027047243416181401,1847494008,126134280179690076779353273980655380010206066245157173324031840264723374606721934258126646054094488679856811,d+1,107,0.09177
351,126134280179690076779353273980655380010206066245157173324031840264723374606721934258126646054094488679856811,147925158,252268560359380153558706547961310760020412132490314346648063680529446749213443868516253292108188977507638781,both,108,0.00726
352,252268560359380153558706547961310760020412132490314346648063680529446749213443868516253292108188977507638781,3619367466,504537120718760307117413095922621520040824264980628693296127361058893498426887737032506584216377958634645029,d+1,108,0.17560
353,504537120718760307117413095922621520040824264980628693296127361058893498426887737032506584216377958634645029,692831268,1009074241437520614234826191845243040081648529961257386592254722117786996853775474065013168432755917962121327,d-1,108,0.03322
354,1009074241437520614234826191845243040081648529961257386592254722117786996853775474065013168432755917962121327,584222742,2018148482875041228469652383690486080163297059922514773184509444235573993707550948130026336865511836508465397,d-1,109,0.02769
355,2018148482875041228469652383690486080163297059922514773184509444235573993707550948130026336865511836508465397,4722586542,4036296965750082456939304767380972160326594119845029546369018888471147987415101896260052673731023677739517337,both,109,0.22124
356,4036296965750082456939304767380972160326594119845029546369018888471147987415101896260052673731023677739517337,442479972,8072593931500164913878609534761944320653188239690059092738037776942295974830203792520105347462047355921514647,d-1,109,0.02049
357,8072593931500164913878609534761944320653188239690059092738037776942295974830203792520105347462047355921514647,7454472,16145187863000329827757219069523888641306376479380118185476075553884591949660407585040210694924094711850483767,d-1,109,0.00034
358,16145187863000329827757219069523888641306376479380118185476075553884591949660407585040210694924094711850483767,1444261122,32290375726000659655514438139047777282612752958760236370952151107769183899320815170080421389848189425145228657,d+1,110,0.06535
359,32290375726000659655514438139047777282612752958760236370952151107769183899320815170080421389848189425145228657,971797224,64580751452001319311028876278095554565225505917520472741904302215538367798641630340160842779696378851262254539,d-1,110,0.04347
360,64580751452001319311028876278095554565225505917520472741904302215538367798641630340160842779696378851262254539,321606960,129161502904002638622057752556191109130451011835040945483808604431076735597283260680321685559392757702846116039,d-1,110,0.01422
361,129161502904002638622057752556191109130451011835040945483808604431076735597283260680321685559392757702846116039,6024582,258323005808005277244115505112382218260902023670081890967617208862153471194566521360643371118785515405698256661,d+1,111,0.00026
362,258323005808005277244115505112382218260902023670081890967617208862153471194566521360643371118785515405698256661,6019938306,516646011616010554488231010224764436521804047340163781935234417724306942389133042721286742237571030817416451629,d+1,111,0.26019
363,516646011616010554488231010224764436521804047340163781935234417724306942389133042721286742237571030817416451629,96372798,1033292023232021108976462020449528873043608094680327563870468835448613884778266085442573484475142061634929276057,both,111,0.00412
364,1033292023232021108976462020449528873043608094680327563870468835448613884778266085442573484475142061634929276057,23018442,2066584046464042217952924040899057746087216189360655127740937670897227769556532170885146968950284123269881570557,d-1,112,0.00097
365,2066584046464042217952924040899057746087216189360655127740937670897227769556532170885146968950284123269881570557,3165892914,4133168092928084435905848081798115492174432378721310255481875341794455539113064341770293937900568246542929034029,d-1,112,0.13225
366,4133168092928084435905848081798115492174432378721310255481875341794455539113064341770293937900568246542929034029,210772188,8266336185856168871811696163596230984348864757442620510963750683588911078226128683540587875801136493086068840247,d+1,112,0.00871
367,8266336185856168871811696163596230984348864757442620510963750683588911078226128683540587875801136493086068840247,812698614,16532672371712337743623392327192461968697729514885241021927501367177822156452257367081175751602272986172950379109,d-1,112,0.03319
368,16532672371712337743623392327192461968697729514885241021927501367177822156452257367081175751602272986172950379109,1347473682,33065344743424675487246784654384923937395459029770482043855002734355644312904514734162351503204545972347248231901,d-1,113,0.05442
369,33065344743424675487246784654384923937395459029770482043855002734355644312904514734162351503204545972347248231901,454581006,66130689486849350974493569308769847874790918059540964087710005468711288625809029468324703006409091944694951044809,d+1,113,0.01815
370,66130689486849350974493569308769847874790918059540964087710005468711288625809029468324703006409091944694951044809,45564090,132261378973698701948987138617539695749581836119081928175420010937422577251618058936649406012818183889389947653709,d-1,113,0.00180
371,132261378973698701948987138617539695749581836119081928175420010937422577251618058936649406012818183889389947653709,289501698,264522757947397403897974277235079391499163672238163856350840021874845154503236117873298812025636367778780184809117,d+1,114,0.01131
372,264522757947397403897974277235079391499163672238163856350840021874845154503236117873298812025636367778780184809117,17335344,529045515894794807795948554470158782998327344476327712701680043749690309006472235746597624051272735557560386953579,d-1,114,0.00067
373,529045515894794807795948554470158782998327344476327712701680043749690309006472235746597624051272735557560386953579,425806632,1058091031789589615591897108940317565996654688952655425403360087499380618012944471493195248102545471115121199713791,d-1,114,0.01627
374,1058091031789589615591897108940317565996654688952655425403360087499380618012944471493195248102545471115121199713791,85190106,2116182063579179231183794217880635131993309377905310850806720174998761236025888942986390496205090942230242484617689,d+1,115,0.00322
375,2116182063579179231183794217880635131993309377905310850806720174998761236025888942986390496205090942230242484617689,127463298,4232364127158358462367588435761270263986618755810621701613440349997522472051777885972780992410181884460485096698677,d+1,115,0.00476
376,4232364127158358462367588435761270263986618755810621701613440349997522472051777885972780992410181884460485096698677,879196812,8464728254316716924735176871522540527973237511621243403226880699995044944103555771945561984820363768920971072594167,d-1,115,0.03249
377,8464728254316716924735176871522540527973237511621243403226880699995044944103555771945561984820363768920971072594167,351109632,16929456508633433849470353743045081055946475023242486806453761399990089888207111543891123969640727537841942496297967,d-1,115,0.01283
378,16929456508633433849470353743045081055946475023242486806453761399990089888207111543891123969640727537841942496297967,467626332,33858913017266867698940707486090162111892950046484973612907522799980179776414223087782247939281455075683885460222267,d-1,116,0.01691
379,33858913017266867698940707486090162111892950046484973612907522799980179776414223087782247939281455075683885460222267,220130052,67717826034533735397881414972180324223785900092969947225815045599960359552828446175564495878562910151367771140574587,d-1,116,0.00787
380,67717826034533735397881414972180324223785900092969947225815045599960359552828446175564495878562910151367771140574587,3573198054,135435652069067470795762829944360648447571800185939894451630091199920719105656892351128991757125820302735545854347229,d-1,116,0.12641
381,135435652069067470795762829944360648447571800185939894451630091199920719105656892351128991757125820302735545854347229,1217061672,270871304138134941591525659888721296895143600371879788903260182399841438211313784702257983514251640605471092925756131,d+1,117,0.04259
382,270871304138134941591525659888721296895143600371879788903260182399841438211313784702257983514251640605471092925756131,6704466108,541742608276269883183051319777442593790287200743759577806520364799682876422627569404515967028503281210942192555978371,d-1,117,0.23210
383,541742608276269883183051319777442593790287200743759577806520364799682876422627569404515967028503281210942192555978371,138080598,1083485216552539766366102639554885187580574401487519155613040729599365752845255138809031934057006562421884385250037341,d+1,117,0.00473
384,1083485216552539766366102639554885187580574401487519155613040729599365752845255138809031934057006562421884385250037341,1239724758,2166970433105079532732205279109770375161148802975038311226081459198731505690510277618063868114013124843768771739799441,d-1,118,0.04200
385,2166970433105079532732205279109770375161148802975038311226081459198731505690510277618063868114013124843768771739799441,1261890276,4333940866210159065464410558219540750322297605950076622452162918397463011381020555236127736228026249687537544741489159,d+1,118,0.04230
386,4333940866210159065464410558219540750322297605950076622452162918397463011381020555236127736228026249687537544741489159,80128800,8667881732420318130928821116439081500644595211900153244904325836794926022762041110472255472456052499375075089563107119,d-1,118,0.00266
387,8667881732420318130928821116439081500644595211900153244904325836794926022762041110472255472456052499375075089563107119,819156792,17335763464840636261857642232878163001289190423800306489808651673589852045524082220944510944912104998750150179945371031,d-1,118,0.02688
388,17335763464840636261857642232878163001289190423800306489808651673589852045524082220944510944912104998750150179945371031,2209101948,34671526929681272523715284465756326002578380847600612979617303347179704091048164441889021889824209997500300362099844011,d+1,119,0.07171
389,34671526929681272523715284465756326002578380847600612979617303347179704091048164441889021889824209997500300362099844011,648334698,69343053859362545047430568931512652005156761695201225959234606694359408182096328883778043779648419995000600724848022721,d-1,119,0.02082
390,69343053859362545047430568931512652005156761695201225959234606694359408182096328883778043779648419995000600724848022721,1854041106,138686107718725090094861137863025304010313523390402451918469213388718816364192657767556087559296839990001201451550086549,d+1,119,0.05892
391,138686107718725090094861137863025304010313523390402451918469213388718816364192657767556087559296839990001201451550086549,1966138902,277372215437450180189722275726050608020627046780804903836938426777437632728385315535112175118593679980002402905066312001,d+1,120,0.06183
392,277372215437450180189722275726050608020627046780804903836938426777437632728385315535112175118593679980002402905066312001,1178270148,554744430874900360379444551452101216041254093561609807673876853554875265456770631070224350237187359960004805811310894151,d-1,120,0.03666
393,554744430874900360379444551452101216041254093561609807673876853554875265456770631070224350237187359960004805811310894151,180389568,1109488861749800720758889102904202432082508187123219615347753707109750530913541262140448700474374719920009611622802177871,d+1,120,0.00555
394,1109488861749800720758889102904202432082508187123219615347753707109750530913541262140448700474374719920009611622802177871,398583186,2218977723499601441517778205808404864165016374246439230695507414219501061827082524280897400948749439840019223246002938929,d+1,121,0.01214
395,2218977723499601441517778205808404864165016374246439230695507414219501061827082524280897400948749439840019223246002938929,1173645960,4437955446999202883035556411616809728330032748492878461391014828439002123654165048561794801897498879680038446493179523819,d-1,121,0.03539
396,4437955446999202883035556411616809728330032748492878461391014828439002123654165048561794801897498879680038446493179523819,70884810,8875910893998405766071112823233619456660065496985756922782029656878004247308330097123589603794997759360076892986429932449,d-1,121,0.00212
397,8875910893998405766071112823233619456660065496985756922782029656878004247308330097123589603794997759360076892986429932449,845300910,17751821787996811532142225646467238913320130993971513845564059313756008494616660194247179207589995518720153785973705165809,d-1,121,0.02496
398,17751821787996811532142225646467238913320130993971513845564059313756008494616660194247179207589995518720153785973705165809,3263010450,35503643575993623064284451292934477826640261987943027691128118627512016989233320388494358415179991037440307571950673342069,d-1,122,0.09536
399,35503643575993623064284451292934477826640261987943027691128118627512016989233320388494358415179991037440307571950673342069,228692622,71007287151987246128568902585868955653280523975886055382256237255024033978466640776988716830359982074880615143901575376761,d-1,122,0.00661
400,71007287151987246128568902585868955653280523975886055382256237255024033978466640776988716830359982074880615143901575376761,1587980358,142014574303974492257137805171737911306561047951772110764512474510048067956933281553977433660719964149761230287804738733881,d-1,122,0.04546
401,142014574303974492257137805171737911306561047951772110764512474510048067956933281553977433660719964149761230287804738733881,2603070558,284029148607948984514275610343475822613122095903544221529024949020096135913866563107954867321439928299522460575612080538321,d+1,123,0.07375
402,284029148607948984514275610343475822613122095903544221529024949020096135913866563107954867321439928299522460575612080538321,1109929926,568058297215897969028551220686951645226244191807088443058049898040192271827733126215909734642879856599044921151225271006569,d+1,123,0.03113
403,568058297215897969028551220686951645226244191807088443058049898040192271827733126215909734642879856599044921151225271006569,650699502,1136116594431795938057102441373903290452488383614176886116099796080384543655466252431819469285759713198089842302451192712641,d+1,123,0.01806
404,1136116594431795938057102441373903290452488383614176886116099796080384543655466252431819469285759713198089842302451192712641,1324326126,2272233188863591876114204882747806580904976767228353772232199592160769087310932504863638938571519426396179684604903709751409,d+1,124,0.03639
405,2272233188863591876114204882747806580904976767228353772232199592160769087310932504863638938571519426396179684604903709751409,162477978,4544466377727183752228409765495613161809953534456707544464399184321538174621865009727277877143038852792359369209807581980797,both,124,0.00442
406,4544466377727183752228409765495613161809953534456707544464399184321538174621865009727277877143038852792359369209807581980797,1145286282,9088932755454367504456819530991226323619907068913415088928798368643076349243730019454555754286077705584718738419616309247877,d+1,124,0.03083
407,9088932755454367504456819530991226323619907068913415088928798368643076349243730019454555754286077705584718738419616309247877,2202331662,18177865510908735008913639061982452647239814137826830177857596737286152698487460038909111508572155411169437476839234820827417,d-1,124,0.05869
408,18177865510908735008913639061982452647239814137826830177857596737286152698487460038909111508572155411169437476839234820827417,587159922,36355731021817470017827278123964905294479628275653660355715193474572305396974920077818223017144310822338874953678470228814757,d-1,125,0.01549
409,36355731021817470017827278123964905294479628275653660355715193474572305396974920077818223017144310822338874953678470228814757,271505874,72711462043634940035654556247929810588959256551307320711430386949144610793949840155636446034288621644677749907356940729135389,d-1,125,0.00709
410,72711462043634940035654556247929810588959256551307320711430386949144610793949840155636446034288621644677749907356940729135389,515371602,145422924087269880071309112495859621177918513102614641422860773898289221587899680311272892068577243289355499814713881973642381,d-1,125,0.01332
411,145422924087269880071309112495859621177918513102614641422860773898289221587899680311272892068577243289355499814713881973642381,1252921176,290845848174539760142618224991719242355837026205229282845721547796578443175799360622545784137154486578710999629427765200205939,d+1,126,0.03207
412,290845848174539760142618224991719242355837026205229282845721547796578443175799360622545784137154486578710999629427765200205939,2312985090,581691696349079520285236449983438484711674052410458565691443095593156886351598721245091568274308973157421999258855532713396969,both,126,0.05861
413,581691696349079520285236449983438484711674052410458565691443095593156886351598721245091568274308973157421999258855532713396969,411455892,1163383392698159040570472899966876969423348104820917131382886191186313772703197442490183136548617946314843998517711065838249831,d+1,126,0.01032
414,1163383392698159040570472899966876969423348104820917131382886191186313772703197442490183136548617946314843998517711065838249831,6305106,2326766785396318081140945799933753938846696209641834262765772382372627545406394884980366273097235892629687997035422131682804769,d+1,127,0.00016
415,2326766785396318081140945799933753938846696209641834262765772382372627545406394884980366273097235892629687997035422131682804769,3638172072,4653533570792636162281891599867507877693392419283668525531544764745255090812789769960732546194471785259375994070844267003781611,both,127,0.08947
416,4653533570792636162281891599867507877693392419283668525531544764745255090812789769960732546194471785259375994070844267003781611,7321218636,9307067141585272324563783199735015755386784838567337051063089529490510181625579539921465092388943570518751988141688541328781859,d+1,127,0.17826
417,9307067141585272324563783199735015755386784838567337051063089529490510181625579539921465092388943570518751988141688541328781859,440405832,18614134283170544649127566399470031510773569677134674102126179058981020363251159079842930184777887141037503976283377083097969551,d-1,127,0.01062
418,18614134283170544649127566399470031510773569677134674102126179058981020363251159079842930184777887141037503976283377083097969551,1302163818,37228268566341089298255132798940063021547139354269348204252358117962040726502318159685860369555774282075007952566754167498102921,d-1,128,0.03108
419,37228268566341089298255132798940063021547139354269348204252358117962040726502318159685860369555774282075007952566754167498102921,1182075216,74456537132682178596510265597880126043094278708538696408504716235924081453004636319371720739111548564150015905133508336178281059,d+1,128,0.02794
420,74456537132682178596510265597880126043094278708538696408504716235924081453004636319371720739111548564150015905133508336178281059,2407459338,148913074265364357193020531195760252086188557417077392817009432471848162906009272638743441478223097128300031810267016674764021457,both,128,0.05635
421,148913074265364357193020531195760252086188557417077392817009432471848162906009272638743441478223097128300031810267016674764021457,3380978292,297826148530728714386041062391520504172377114834154785634018864943696325812018545277486882956446194256600063620534033352909021207,d-1,129,0.07836
422,297826148530728714386041062391520504172377114834154785634018864943696325812018545277486882956446194256600063620534033352909021207,876095112,595652297061457428772082124783041008344754229668309571268037729887392651624037090554973765912892388513200127241068066706694137527,d+1,129,0.02011
423,595652297061457428772082124783041008344754229668309571268037729887392651624037090554973765912892388513200127241068066706694137527,4199869344,1191304594122914857544164249566082016689508459336619142536075459774785303248074181109947531825784777026400254482136133417588144399,d-1,129,0.09545
424,1191304594122914857544164249566082016689508459336619142536075459774785303248074181109947531825784777026400254482136133417588144399,874362078,2382609188245829715088328499132164033379016918673238285072150919549570606496148362219895063651569554052800508964272266836050650877,d+1,130,0.01968
425,2382609188245829715088328499132164033379016918673238285072150919549570606496148362219895063651569554052800508964272266836050650877,488683884,4765218376491659430176656998264328066758033837346476570144301839099141212992296724439790127303139108105601017928544533672589985639,d-1,130,0.01089
426,4765218376491659430176656998264328066758033837346476570144301839099141212992296724439790127303139108105601017928544533672589985639,1691533242,9530436752983318860353313996528656133516067674692953140288603678198282425984593448879580254606278216211202035857089067346871504521,d-1,130,0.03734
427,9530436752983318860353313996528656133516067674692953140288603678198282425984593448879580254606278216211202035857089067346871504521,3111165006,19060873505966637720706627993057312267032135349385906280577207356396564851969186897759160509212556432422404071714178134696854174049,d+1,130,0.06801
428,19060873505966637720706627993057312267032135349385906280577207356396564851969186897759160509212556432422404071714178134696854174049,18801552,38121747011933275441413255986114624534064270698771812561154414712793129703938373795518321018425112864844808143428356269393727149651,d+1,131,0.00041
429,38121747011933275441413255986114624534064270698771812561154414712793129703938373795518321018425112864844808143428356269393727149651,2482844988,76243494023866550882826511972229249068128541397543625122308829425586259407876747591036642036850225729689616286856712538789937144291,d+1,131,0.05324
430,76243494023866550882826511972229249068128541397543625122308829425586259407876747591036642036850225729689616286856712538789937144291,600516948,152486988047733101765653023944458498136257082795087250244617658851172518815753495182073284073700451459379232573713425077580474805531,d-1,131,0.01275
431,152486988047733101765653023944458498136257082795087250244617658851172518815753495182073284073700451459379232573713425077580474805531,12805020318,304973976095466203531306047888916996272514165590174500489235317702345037631506990364146568147400902918758465147426850155173754631381,d-1,132,0.26935
432,304973976095466203531306047888916996272514165590174500489235317702345037631506990364146568147400902918758465147426850155173754631381,3247708356,609947952190932407062612095777833992545028331180349000978470635404690075263013980728293136294801805837516930294853700310350756971119,d+1,132,0.06766
433,609947952190932407062612095777833992545028331180349000978470635404690075263013980728293136294801805837516930294853700310350756971119,106155978,1219895904381864814125224191555667985090056662360698001956941270809380150526027961456586272589603611675033860589707400620701620098217,d-1,132,0.00219
434,1219895904381864814125224191555667985090056662360698001956941270809380150526027961456586272589603611675033860589707400620701620098217,170200902,2439791808763729628250448383111335970180113324721396003913882541618760301052055922913172545179207223350067721179414801241403410397337,d+1,133,0.00348
435,2439791808763729628250448383111335970180113324721396003913882541618760301052055922913172545179207223350067721179414801241403410397337,1173933582,4879583617527459256500896766222671940360226649442792007827765083237520602104111845826345090358414446700135442358829602482807994728257,d-1,133,0.02377
436,4879583617527459256500896766222671940360226649442792007827765083237520602104111845826345090358414446700135442358829602482807994728257,9520139892,9759167235054918513001793532445343880720453298885584015655530166475041204208223691652690180716828893400270884717659204965625509596407,d-1,133,0.19094
437,9759167235054918513001793532445343880720453298885584015655530166475041204208223691652690180716828893400270884717659204965625509596407,8041241844,19518334470109837026003587064890687761440906597771168031311060332950082408416447383305380361433657786800541769435318409931259060434659,d-1,133,0.15976
438,19518334470109837026003587064890687761440906597771168031311060332950082408416447383305380361433657786800541769435318409931259060434659,1298498100,39036668940219674052007174129781375522881813195542336062622120665900164816832894766610760722867315573601083538870636819862519419367419,d-1,134,0.02556
439,39036668940219674052007174129781375522881813195542336062622120665900164816832894766610760722867315573601083538870636819862519419367419,680151090,78073337880439348104014348259562751045763626391084672125244241331800329633665789533221521445734631147202167077741273639725039518885929,d-1,134,0.01326
440,78073337880439348104014348259562751045763626391084672125244241331800329633665789533221521445734631147202167077741273639725039518885929,2127303840,156146675760878696208028696519125502091527252782169344250488482663600659267331579066443042891469262294404334155482547279450081165075699,d-1,134,0.04109
441,156146675760878696208028696519125502091527252782169344250488482663600659267331579066443042891469262294404334155482547279450081165075699,556274088,312293351521757392416057393038251004183054505564338688500976965327201318534663158132886085782938524588808668310965094558900162886425487,d-1,135,0.01064
442,312293351521757392416057393038251004183054505564338688500976965327201318534663158132886085782938524588808668310965094558900162886425487,1571302914,624586703043514784832114786076502008366109011128677377001953930654402637069326316265772171565877049177617336621930189117800327344153889,d-1,135,0.02979
443,624586703043514784832114786076502008366109011128677377001953930654402637069326316265772171565877049177617336621930189117800327344153889,2889007002,1249173406087029569664229572153004016732218022257354754003907861308805274138652632531544343131754098355234673243860378235600657577314781,d+1,135,0.05425
444,1249173406087029569664229572153004016732218022257354754003907861308805274138652632531544343131754098355234673243860378235600657577314781,3180785478,2498346812174059139328459144306008033464436044514709508007815722617610548277305265063088686263508196710469346487720756471201318335415041,d+1,136,0.05918
445,2498346812174059139328459144306008033464436044514709508007815722617610548277305265063088686263508196710469346487720756471201318335415041,8025663918,4996693624348118278656918288612016066928872089029419016015631445235221096554610530126177372527016393420938692975441512942402644696494001,d-1,136,0.14794
446,4996693624348118278656918288612016066928872089029419016015631445235221096554610530126177372527016393420938692975441512942402644696494001,579070356,9993387248696236557313836577224032133857744178058838032031262890470442193109221060252354745054032786841877385950883025884805289972058359,d+1,136,0.01058
447,9993387248696236557313836577224032133857744178058838032031262890470442193109221060252354745054032786841877385950883025884805289972058359,383253522,19986774497392473114627673154448064267715488356117676064062525780940884386218442120504709490108065573683754771901766051769610580327370241,d+1,136,0.00694
448,19986774497392473114627673154448064267715488356117676064062525780940884386218442120504709490108065573683754771901766051769610580327370241,4709674338,39973548994784946229255346308896128535430976712235352128125051561881768772436884241009418980216131147367509543803532103539221165364414821,d-1,137,0.08444
449,39973548994784946229255346308896128535430976712235352128125051561881768772436884241009418980216131147367509543803532103539221165364414821,1540627476,79947097989569892458510692617792257070861953424470704256250103123763537544873768482018837960432262294735019087607064207078442332269457119,d+1,137,0.02737
450,79947097989569892458510692617792257070861953424470704256250103123763537544873768482018837960432262294735019087607064207078442332269457119,2403581820,159894195979139784917021385235584514141723906848941408512500206247527075089747536964037675920864524589470038175214128414156884666942496059,d-1,137,0.04231
451,159894195979139784917021385235584514141723906848941408512500206247527075089747536964037675920864524589470038175214128414156884666942496059,497068650,319788391958279569834042770471169028283447813697882817025000412495054150179495073928075351841729049178940076350428256828313769334382060769,d+1,138,0.00867
452,319788391958279569834042770471169028283447813697882817025000412495054150179495073928075351841729049178940076350428256828313769334382060769,35099130,639576783916559139668085540942338056566895627395765634050000824990108300358990147856150703683458098357880152700856513656627538668799220669,d+1,138,0.00061
453,639576783916559139668085540942338056566895627395765634050000824990108300358990147856150703683458098357880152700856513656627538668799220669,471176922,1279153567833118279336171081884676113133791254791531268100001649980216600717980295712301407366916196715760305401713027313255077338069618261,d-1,138,0.00807
454,1279153567833118279336171081884676113133791254791531268100001649980216600717980295712301407366916196715760305401713027313255077338069618261,944798148,2558307135666236558672342163769352226267582509583062536200003299960433201435960591424602814733832393431520610803426054626510154677084034671,d-1,139,0.01603
455,2558307135666236558672342163769352226267582509583062536200003299960433201435960591424602814733832393431520610803426054626510154677084034671,399223266,5116614271332473117344684327538704452535165019166125072400006599920866402871921182849205629467664786863041221606852109253020309354567292609,d+1,139,0.00671
456,5116614271332473117344684327538704452535165019166125072400006599920866402871921182849205629467664786863041221606852109253020309354567292609,419903718,10233228542664946234689368655077408905070330038332250144800013199841732805743842365698411258935329573726082443213704218506040618709554488937,both,139,0.00700
457,10233228542664946234689368655077408905070330038332250144800013199841732805743842365698411258935329573726082443213704218506040618709554488937,19386291852,20466457085329892469378737310154817810140660076664500289600026399683465611487684731396822517870659147452164886427408437012081237438495269727,d-1,140,0.32017
458,20466457085329892469378737310154817810140660076664500289600026399683465611487684731396822517870659147452164886427408437012081237438495269727,12484189092,40932914170659784938757474620309635620281320153329000579200052799366931222975369462793645035741318294904329772854816874024162474889474728547,d+1,140,0.20433
459,40932914170659784938757474620309635620281320153329000579200052799366931222975369462793645035741318294904329772854816874024162474889474728547,557738052,81865828341319569877514949240619271240562640306658001158400105598733862445950738925587290071482636589808659545709633748048324949779507195147,d+1,140,0.00905
460,81865828341319569877514949240619271240562640306658001158400105598733862445950738925587290071482636589808659545709633748048324949779507195147,374497932,163731656682639139755029898481238542481125280613316002316800211197467724891901477851174580142965273179617319091419267496096649899559388888227,d-1,140,0.00602
461,163731656682639139755029898481238542481125280613316002316800211197467724891901477851174580142965273179617319091419267496096649899559388888227,1481620062,327463313365278279510059796962477084962250561226632004633600422394935449783802955702349160285930546359234638182838534992193299799120259396517,d-1,141,0.02360
462,327463313365278279510059796962477084962250561226632004633600422394935449783802955702349160285930546359234638182838534992193299799120259396517,4535999514,654926626730556559020119593924954169924501122453264009267200844789870899567605911404698320571861092718469276365677069984386599598245054792549,d-1,141,0.07162
463,654926626730556559020119593924954169924501122453264009267200844789870899567605911404698320571861092718469276365677069984386599598245054792549,180622302,1309853253461113118040239187849908339849002244906528018534401689579741799135211822809396641143722185436938552731354139968773199196490290207401,d-1,141,0.00283
464,1309853253461113118040239187849908339849002244906528018534401689579741799135211822809396641143722185436938552731354139968773199196490290207401,3709712916,2619706506922226236080478375699816679698004489813056037068803379159483598270423645618793282287444370873877105462708279937546398392984290127719,d+1,142,0.05754
465,2619706506922226236080478375699816679698004489813056037068803379159483598270423645618793282287444370873877105462708279937546398392984290127719,21745908,5239413013844452472160956751399633359396008979626112074137606758318967196540847291237586564574888741747754210925416559875092796785968602001347,d+1,142,0.00033
466,5239413013844452472160956751399633359396008979626112074137606758318967196540847291237586564574888741747754210925416559875092796785968602001347,2017128834,10478826027688904944321913502799266718792017959252224148275213516637934393081694582475173129149777483495508421850833119750185593571939221131529,d-1,142,0.03074
467,10478826027688904944321913502799266718792017959252224148275213516637934393081694582475173129149777483495508421850833119750185593571939221131529,4205703972,20957652055377809888643827005598533437584035918504448296550427033275868786163389164950346258299554966991016843701666239500371187143882647967031,d+1,143,0.06352
468,20957652055377809888643827005598533437584035918504448296550427033275868786163389164950346258299554966991016843701666239500371187143882647967031,1208083908,41915304110755619777287654011197066875168071837008896593100854066551737572326778329900692516599109933982033687403332479000742374287766504017971,d-1,143,0.01808
469,41915304110755619777287654011197066875168071837008896593100854066551737572326778329900692516599109933982033687403332479000742374287766504017971,7722009648,83830608221511239554575308022394133750336143674017793186201708133103475144653556659801385033198219867964067374806664958001484748575540730045591,d+1,143,0.11458
470,83830608221511239554575308022394133750336143674017793186201708133103475144653556659801385033198219867964067374806664958001484748575540730045591,3095204118,167661216443022479109150616044788267500672287348035586372403416266206950289307113319602770066396439735928134749613329916002969497151084555295301,d-1,143,0.04553
471,167661216443022479109150616044788267500672287348035586372403416266206950289307113319602770066396439735928134749613329916002969497151084555295301,10033058616,335322432886044958218301232089576535001344574696071172744806832532413900578614226639205540132792879471856269499226659832005938994302179143649219,d+1,144,0.14628
472,335322432886044958218301232089576535001344574696071172744806832532413900578614226639205540132792879471856269499226659832005938994302179143649219,2352450678,670644865772089916436602464179153070002689149392142345489613665064827801157228453278411080265585758943712538998453319664011877988604360639749117,d+1,144,0.03400
473,670644865772089916436602464179153070002689149392142345489613665064827801157228453278411080265585758943712538998453319664011877988604360639749117,837802662,1341289731544179832873204928358306140005378298784284690979227330129655602314456906556822160531171517887425077996906639328023755977208722117300897,d-1,144,0.01200
474,1341289731544179832873204928358306140005378298784284690979227330129655602314456906556822160531171517887425077996906639328023755977208722117300897,3360197502,2682579463088359665746409856716612280010756597568569381958454660259311204628913813113644321062343035774850155993813278656047511954417447594799297,d-1,145,0.04772
475,2682579463088359665746409856716612280010756597568569381958454660259311204628913813113644321062343035774850155993813278656047511954417447594799297,1428237402,5365158926176719331492819713433224560021513195137138763916909320518622409257827626227288642124686071549700311987626557312095023908834896617835997,d-1,145,0.02011
476,5365158926176719331492819713433224560021513195137138763916909320518622409257827626227288642124686071549700311987626557312095023908834896617835997,5776554162,10730317852353438662985639426866449120043026390274277527833818641037244818515655252454577284249372143099400623975253114624190047817669799012226157,d+1,145,0.08063
477,10730317852353438662985639426866449120043026390274277527833818641037244818515655252454577284249372143099400623975253114624190047817669799012226157,3594209694,21460635704706877325971278853732898240086052780548555055667637282074489637031310504909154568498744286198801247950506229248380095635339601618662009,d-1,146,0.04973
478,21460635704706877325971278853732898240086052780548555055667637282074489637031310504909154568498744286198801247950506229248380095635339601618662009,1773112242,42921271409413754651942557707465796480172105561097110111335274564148979274062621009818309136997488572397602495901012458496760191270679205010436261,d-1,146,0.02432
479,42921271409413754651942557707465796480172105561097110111335274564148979274062621009818309136997488572397602495901012458496760191270679205010436261,3204986538,85842542818827509303885115414931592960344211122194220222670549128297958548125242019636618273994977144795204991802024916993520382541358413225859061,d-1,146,0.04359
480,85842542818827509303885115414931592960344211122194220222670549128297958548125242019636618273994977144795204991802024916993520382541358413225859061,3547611408,171685085637655018607770230829863185920688422244388440445341098256595917096250484039273236547989954289590409983604049833987040765082716829999329531,d+1,146,0.04783
481,171685085637655018607770230829863185920688422244388440445341098256595917096250484039273236547989954289590409983604049833987040765082716829999329531,7195838718,343370171275310037215540461659726371841376844488776880890682196513191834192500968078546473095979908579180819967208099667974081530165433667194497781,d-1,147,0.09619
482,343370171275310037215540461659726371841376844488776880890682196513191834192500968078546473095979908579180819967208099667974081530165433667194497781,695851908,686740342550620074431080923319452743682753688977553761781364393026383668385001936157092946191959817158361639934416199335948163060330867335084847471,d+1,147,0.00922
483,686740342550620074431080923319452743682753688977553761781364393026383668385001936157092946191959817158361639934416199335948163060330867335084847471,198980136,1373480685101240148862161846638905487365507377955107523562728786052767336770003872314185892383919634316723279868832398671896326120661734670368675079,d+1,147,0.00261
484,1373480685101240148862161846638905487365507377955107523562728786052767336770003872314185892383919634316723279868832398671896326120661734670368675079,543017220,2746961370202480297724323693277810974731014755910215047125457572105534673540007744628371784767839268633446559737664797343792652241323469341280367379,both,148,0.00708
485,2746961370202480297724323693277810974731014755910215047125457572105534673540007744628371784767839268633446559737664797343792652241323469341280367379,247316508,5493922740404960595448647386555621949462029511820430094250915144211069347080015489256743569535678537266893119475329594687585304482646938682808051267,d-1,148,0.00319
486,5493922740404960595448647386555621949462029511820430094250915144211069347080015489256743569535678537266893119475329594687585304482646938682808051267,855767814,10987845480809921190897294773111243898924059023640860188501830288422138694160030978513487139071357074533786238950659189375170608965293877366471870349,d-1,148,0.01096
487,10987845480809921190897294773111243898924059023640860188501830288422138694160030978513487139071357074533786238950659189375170608965293877366471870349,1344299820,21975690961619842381794589546222487797848118047281720377003660576844277388320061957026974278142714149067572477901318378750341217930587754734288040519,d+1,149,0.01707
488,21975690961619842381794589546222487797848118047281720377003660576844277388320061957026974278142714149067572477901318378750341217930587754734288040519,2073620148,43951381923239684763589179092444975595696236094563440754007321153688554776640123914053948556285428298135144955802636757500682435861175509470649701187,d+1,149,0.02611
489,43951381923239684763589179092444975595696236094563440754007321153688554776640123914053948556285428298135144955802636757500682435861175509470649701187,1181840592,87902763846479369527178358184889951191392472189126881508014642307377109553280247828107897112570856596270289911605273515001364871722351018942481242967,both,149,0.01476
490,87902763846479369527178358184889951191392472189126881508014642307377109553280247828107897112570856596270289911605273515001364871722351018942481242967,173259552,175805527692958739054356716369779902382784944378253763016029284614754219106560495656215794225141713192540579823210547030002729743444702037885135745487,d+1,149,0.00215
491,175805527692958739054356716369779902382784944378253763016029284614754219106560495656215794225141713192540579823210547030002729743444702037885135745487,1004367774,351611055385917478108713432739559804765569888756507526032058569229508438213120991312431588450283426385081159646421094060005459486889404075771275858749,d-1,150,0.01233
492,351611055385917478108713432739559804765569888756507526032058569229508438213120991312431588450283426385081159646421094060005459486889404075771275858749,8948422038,703222110771834956217426865479119609531139777513015052064117138459016876426241982624863176900566852770162319292842188120010918973778808151551500139537,d-1,150,0.10896
493,703222110771834956217426865479119609531139777513015052064117138459016876426241982624863176900566852770162319292842188120010918973778808151551500139537,5046863562,1406444221543669912434853730958239219062279555026030104128234276918033752852483965249726353801133705540324638585684376240021837947557616303108047142637,d-1,150,0.06094
494,1406444221543669912434853730958239219062279555026030104128234276918033752852483965249726353801133705540324638585684376240021837947557616303108047142637,27519220164,2812888443087339824869707461916478438124559110052060208256468553836067505704967930499452707602267411080649277171368752480043675895115232606243613505439,d-1,151,0.32950
495,2812888443087339824869707461916478438124559110052060208256468553836067505704967930499452707602267411080649277171368752480043675895115232606243613505439,650096958,5625776886174679649739414923832956876249118220104120416512937107672135011409935860998905415204534822161298554342737504960087351790230465212487877107837,d-1,151,0.00772
496,5625776886174679649739414923832956876249118220104120416512937107672135011409935860998905415204534822161298554342737504960087351790230465212487877107837,4263524772,11251553772349359299478829847665913752498236440208240833025874215344270022819871721997810830409069644322597108685475009920174703580460930424980017740447,d+1,151,0.05020
497,11251553772349359299478829847665913752498236440208240833025874215344270022819871721997810830409069644322597108685475009920174703580460930424980017740447,11776407954,22503107544698718598957659695331827504996472880416481666051748430688540045639743443995621660818139288645194217370950019840349407160921860849971811888849,d-1,152,0.13752
498,22503107544698718598957659695331827504996472880416481666051748430688540045639743443995621660818139288645194217370950019840349407160921860849971811888849,660951012,45006215089397437197915319390663655009992945760832963332103496861377080091279486887991243321636278577290388434741900039680698814321843721699944284728711,d+1,152,0.00765
499,45006215089397437197915319390663655009992945760832963332103496861377080091279486887991243321636278577290388434741900039680698814321843721699944284728711,2737108878,90012430178794874395830638781327310019985891521665926664206993722754160182558973775982486643272557154580776869483800079361397628643687443399891306566301,d+1,152,0.03144
500,90012430178794874395830638781327310019985891521665926664206993722754160182558973775982486643272557154580776869483800079361397628643687443399891306566301,7770507048,180024860357589748791661277562654620039971783043331853328413987445508320365117947551964973286545114309161553738967600158722795257287374886799790383639651,both,152,0.08851
501,180024860357589748791661277562654620039971783043331853328413987445508320365117947551964973286545114309161553738967600158722795257287374886799790383639651,10239351468,360049720715179497583322555125309240079943566086663706656827974891016640730235895103929946573090228618323107477935200317445590514574749773599591006630771,d+1,153,0.11568
502,360049720715179497583322555125309240079943566086663706656827974891016640730235895103929946573090228618323107477935200317445590514574749773599591006630771,2725112148,720099441430358995166645110250618480159887132173327413313655949782033281460471790207859893146180457236646214955870400634891181029149499547199184738373691,both,153,0.03053
503,720099441430358995166645110250618480159887132173327413313655949782033281460471790207859893146180457236646214955870400634891181029149499547199184738373691,194270268,1440198882860717990333290220501236960319774264346654826627311899564066562920943580415719786292360914473292429911740801269782362058298999094398369671017651,d-1,153,0.00216
504,1440198882860717990333290220501236960319774264346654826627311899564066562920943580415719786292360914473292429911740801269782362058298999094398369671017651,5180407758,2880397765721435980666580441002473920639548528693309653254623799128133125841887160831439572584721828946584859823481602539564724116597998188796744522443061,d+1,154,0.05710
505,2880397765721435980666580441002473920639548528693309653254623799128133125841887160831439572584721828946584859823481602539564724116597998188796744522443061,2182399758,5760795531442871961333160882004947841279097057386619306509247598256266251683774321662879145169443657893169719646963205079129448233195996377593491227285881,d-1,154,0.02386
506,5760795531442871961333160882004947841279097057386619306509247598256266251683774321662879145169443657893169719646963205079129448233195996377593491227285881,8471303058,11521591062885743922666321764009895682558194114773238613018495196512532503367548643325758290338887315786339439293926410158258896466391992755186990925874821,d+1,154,0.09186
507,11521591062885743922666321764009895682558194114773238613018495196512532503367548643325758290338887315786339439293926410158258896466391992755186990925874821,17294448,23043182125771487845332643528019791365116388229546477226036990393025065006735097286651516580677774631572678878587852820316517792932783985510373981869044091,d-1,155,0.00019
508,23043182125771487845332643528019791365116388229546477226036990393025065006735097286651516580677774631572678878587852820316517792932783985510373981869044091,543371796,46086364251542975690665287056039582730232776459092954452073980786050130013470194573303033161355549263145357757175705640633035585865567971020747964281459979,d+1,155,0.00580
509,46086364251542975690665287056039582730232776459092954452073980786050130013470194573303033161355549263145357757175705640633035585865567971020747964281459979,2310122778,92172728503085951381330574112079165460465552918185908904147961572100260026940389146606066322711098526290715514351411281266071171731135942041495930873042737,d-1,155,0.02445
510,92172728503085951381330574112079165460465552918185908904147961572100260026940389146606066322711098526290715514351411281266071171731135942041495930873042737,7787104974,184345457006171902762661148224158330920931105836371817808295923144200520053880778293212132645422197052581431028702822562532142343462271884082991869533190449,d-1,155,0.08174
511,184345457006171902762661148224158330920931105836371817808295923144200520053880778293212132645422197052581431028702822562532142343462271884082991869533190449,420336918,368690914012343805525322296448316661841862211672743635616591846288401040107761556586424265290844394105162862057405645125064284686924543768165983739486717817,d+1,156,0.00438
512,368690914012343805525322296448316661841862211672743635616591846288401040107761556586424265290844394105162862057405645125064284686924543768165983739486717817,2120425782,737381828024687611050644592896633323683724423345487271233183692576802080215523113172848530581688788210325724114811290250128569373849087536331967481093861417,d-1,156,0.02190
513,737381828024687611050644592896633323683724423345487271233183692576802080215523113172848530581688788210325724114811290250128569373849087536331967481093861417,1234398102,1474763656049375222101289185793266647367448846690974542466367385153604160431046226345697061163377576420651448229622580500257138747698175072663934963422120937,d+1,156,0.01265
514,1474763656049375222101289185793266647367448846690974542466367385153604160431046226345697061163377576420651448229622580500257138747698175072663934963422120937,5335992444,2949527312098750444202578371586533294734897693381949084932734770307208320862092452691394122326755152841302896459245161000514277495396350145327869932180234319,d-1,157,0.05423
515,2949527312098750444202578371586533294734897693381949084932734770307208320862092452691394122326755152841302896459245161000514277495396350145327869932180234319,1982583012,5899054624197500888405156743173066589469795386763898169865469540614416641724184905382788244653510305682605792918490322001028554990792700290655739866343051651,both,157,0.01999
516,5899054624197500888405156743173066589469795386763898169865469540614416641724184905382788244653510305682605792918490322001028554990792700290655739866343051651,8665903548,11798109248395001776810313486346133178939590773527796339730939081228833283448369810765576489307020611365211585836980644002057109981585400581311479741352006851,d+1,157,0.08667
517,11798109248395001776810313486346133178939590773527796339730939081228833283448369810765576489307020611365211585836980644002057109981585400581311479741352006851,475759698,23596218496790003553620626972692266357879181547055592679461878162457666566896739621531152978614041222730423171673961288004114219963170801162622959483179773401,d+1,158,0.00472
518,23596218496790003553620626972692266357879181547055592679461878162457666566896739621531152978614041222730423171673961288004114219963170801162622959483179773401,260144628,47192436993580007107241253945384532715758363094111185358923756324915333133793479243062305957228082445460846343347922576008228439926341602325245918966619691431,d-1,158,0.00256
519,47192436993580007107241253945384532715758363094111185358923756324915333133793479243062305957228082445460846343347922576008228439926341602325245918966619691431,3193797168,94384873987160014214482507890769065431516726188222370717847512649830666267586958486124611914456164890921692686695845152016456879852683204650491837936433180031,d+1,158,0.03119
520,94384873987160014214482507890769065431516726188222370717847512649830666267586958486124611914456164890921692686695845152016456879852683204650491837936433180031,150132528,188769747974320028428965015781538130863033452376444741435695025299661332535173916972249223828912329781843385373391690304032913759705366409300983675873016492591,d-1,158,0.00145
521,188769747974320028428965015781538130863033452376444741435695025299661332535173916972249223828912329781843385373391690304032913759705366409300983675873016492591,4052360106,377539495948640056857930031563076261726066904752889482871390050599322665070347833944498447657824659563686770746783380608065827519410732818601967351750085345289,d+1,159,0.03895
522,377539495948640056857930031563076261726066904752889482871390050599322665070347833944498447657824659563686770746783380608065827519410732818601967351750085345289,6489458298,755078991897280113715860063126152523452133809505778965742780101198645330140695667888996895315649319127373541493566761216131655038821465637203934703506660148877,d+1,159,0.06187
523,755078991897280113715860063126152523452133809505778965742780101198645330140695667888996895315649319127373541493566761216131655038821465637203934703506660148877,2466144732,1510157983794560227431720126252305046904267619011557931485560202397290660281391335777993790631298638254747082987133522432263310077642931274407869407015786442487,d-1,159,0.02333
524,1510157983794560227431720126252305046904267619011557931485560202397290660281391335777993790631298638254747082987133522432263310077642931274407869407015786442487,18080263932,3020315967589120454863440252504610093808535238023115862971120404794581320562782671555987581262597276509494165974267044864526620155285862548815738814049653148907,d-1,160,0.16969
525,3020315967589120454863440252504610093808535238023115862971120404794581320562782671555987581262597276509494165974267044864526620155285862548815738814049653148907,151947282,6040631935178240909726880505009220187617070476046231725942240809589162641125565343111975162525194553018988331948534089729053240310571725097631477628099458245097,both,160,0.00141
526,6040631935178240909726880505009220187617070476046231725942240809589162641125565343111975162525194553018988331948534089729053240310571725097631477628099458245097,6154162752,12081263870356481819453761010018440375234140952092463451884481619178325282251130686223950325050389106037976663897068179458106480621143450195262955256205070652947,d+1,160,0.05686
527,12081263870356481819453761010018440375234140952092463451884481619178325282251130686223950325050389106037976663897068179458106480621143450195262955256205070652947,18558409404,24162527740712963638907522020036880750468281904184926903768963238356650564502261372447900650100778212075953327794136358916212961242286900390525910512428699715299,d-1,161,0.17011
528,24162527740712963638907522020036880750468281904184926903768963238356650564502261372447900650100778212075953327794136358916212961242286900390525910512428699715299,785331072,48325055481425927277815044040073761500936563808369853807537926476713301129004522744895801300201556424151906655588272717832425922484573800781051821024858184761671,d+1,161,0.00714
529,48325055481425927277815044040073761500936563808369853807537926476713301129004522744895801300201556424151906655588272717832425922484573800781051821024858184761671,5113593096,96650110962851854555630088080147523001873127616739707615075852953426602258009045489791602600403112848303813311176545435664851844969147601562103642049721483116439,d+1,161,0.04615
530,96650110962851854555630088080147523001873127616739707615075852953426602258009045489791602600403112848303813311176545435664851844969147601562103642049721483116439,1519010922,193300221925703709111260176160295046003746255233479415230151705906853204516018090979583205200806225696607626622353090871329703689938295203124207284099444485243801,d-1,161,0.01360
531,193300221925703709111260176160295046003746255233479415230151705906853204516018090979583205200806225696607626622353090871329703689938295203124207284099444485243801,1291315026,386600443851407418222520352320590092007492510466958830460303411813706409032036181959166410401612451393215253244706181742659407379876590406248414568198890261802629,d+1,162,0.01147
532,386600443851407418222520352320590092007492510466958830460303411813706409032036181959166410401612451393215253244706181742659407379876590406248414568198890261802629,12200360790,773200887702814836445040704641180184014985020933917660920606823627412818064072363918332820803224902786430506489412363485318814759753180812496829136397792723966049,d-1,162,0.10755
533,773200887702814836445040704641180184014985020933917660920606823627412818064072363918332820803224902786430506489412363485318814759753180812496829136397792723966049,2830173318,1546401775405629672890081409282360368029970041867835321841213647254825636128144727836665641606449805572861012978824726970637629519506361624993658272795588278105417,d-1,162,0.02476
534,1546401775405629672890081409282360368029970041867835321841213647254825636128144727836665641606449805572861012978824726970637629519506361624993658272795588278105417,2731327152,3092803550811259345780162818564720736059940083735670643682427294509651272256289455673331283212899611145722025957649453941275259039012723249987316545591179287537987,d+1,163,0.02371
535,3092803550811259345780162818564720736059940083735670643682427294509651272256289455673331283212899611145722025957649453941275259039012723249987316545591179287537987,2635733604,6185607101622518691560325637129441472119880167471341287364854589019302544512578911346662566425799222291444051915298907882550518078025446499974633091182361210809579,d-1,163,0.02270
536,6185607101622518691560325637129441472119880167471341287364854589019302544512578911346662566425799222291444051915298907882550518078025446499974633091182361210809579,692314002,12371214203245037383120651274258882944239760334942682574729709178038605089025157822693325132851598444582888103830597815765101036156050892999949266182364723113933161,d+1,163,0.00592
537,12371214203245037383120651274258882944239760334942682574729709178038605089025157822693325132851598444582888103830597815765101036156050892999949266182364723113933161,4240649028,24742428406490074766241302548517765888479520669885365149459418356077210178050315645386650265703196889165776207661195631530202072312101785999898532364729450468515351,d-1,164,0.03597
538,24742428406490074766241302548517765888479520669885365149459418356077210178050315645386650265703196889165776207661195631530202072312101785999898532364729450468515351,1866293808,49484856812980149532482605097035531776959041339770730298918836712154420356100631290773300531406393778331552415322391263060404144624203571999797064729458902803324511,d+1,164,0.01571
539,49484856812980149532482605097035531776959041339770730298918836712154420356100631290773300531406393778331552415322391263060404144624203571999797064729458902803324511,794515296,98969713625960299064965210194071063553918082679541460597837673424308840712201262581546601062812787556663104830644782526120808289248407143999594129458917806401164319,d+1,164,0.00664
540,98969713625960299064965210194071063553918082679541460597837673424308840712201262581546601062812787556663104830644782526120808289248407143999594129458917806401164319,3317109870,197939427251920598129930420388142127107836165359082921195675346848617681424402525163093202125625575113326209661289565052241616578496814287999188258917835616119438509,d-1,164,0.02749
541,197939427251920598129930420388142127107836165359082921195675346848617681424402525163093202125625575113326209661289565052241616578496814287999188258917835616119438509,1312666182,395878854503841196259860840776284254215672330718165842391350693697235362848805050326186404251251150226652419322579130104483233156993628575998376517835671233551543201,d+1,165,0.01080
542,395878854503841196259860840776284254215672330718165842391350693697235362848805050326186404251251150226652419322579130104483233156993628575998376517835671233551543201,355562298,791757709007682392519721681552568508431344661436331684782701387394470725697610100652372808502502300453304838645158260208966466313987257151996753035671342467458648701,d+1,165,0.00290
543,791757709007682392519721681552568508431344661436331684782701387394470725697610100652372808502502300453304838645158260208966466313987257151996753035671342467458648701,2664997698,1583515418015364785039443363105137016862689322872663369565402774788941451395220201304745617005004600906609677290316520417932932627974514303993506071342684937582295101,d-1,165,0.02159
544,1583515418015364785039443363105137016862689322872663369565402774788941451395220201304745617005004600906609677290316520417932932627974514303993506071342684937582295101,1631297778,3167030836030729570078886726210274033725378645745326739130805549577882902790440402609491234010009201813219354580633040835865865255949028607987012142685369876795887981,d-1,166,0.01311
545,3167030836030729570078886726210274033725378645745326739130805549577882902790440402609491234010009201813219354580633040835865865255949028607987012142685369876795887981,3836295906,6334061672061459140157773452420548067450757291490653478261611099155765805580880805218982468020018403626438709161266081671731730511898057215974024285370739757428071869,d+1,166,0.03061
546,6334061672061459140157773452420548067450757291490653478261611099155765805580880805218982468020018403626438709161266081671731730511898057215974024285370739757428071869,4728491532,12668123344122918280315546904841096134901514582981306956523222198311531611161761610437964936040036807252877418322532163343463461023796114431948048570741479519584635271,d-1,166,0.03744
547,12668123344122918280315546904841096134901514582981306956523222198311531611161761610437964936040036807252877418322532163343463461023796114431948048570741479519584635271,792094428,25336246688245836560631093809682192269803029165962613913046444396623063222323523220875929872080073614505754836645064326686926922047592228863896097141482959039961364971,d-1,167,0.00622
548,25336246688245836560631093809682192269803029165962613913046444396623063222323523220875929872080073614505754836645064326686926922047592228863896097141482959039961364971,6554012946,50672493376491673121262187619364384539606058331925227826092888793246126444647046441751859744160147229011509673290128653373853844095184457727792194282965918086476742889,d+1,167,0.05112
549,50672493376491673121262187619364384539606058331925227826092888793246126444647046441751859744160147229011509673290128653373853844095184457727792194282965918086476742889,190827318,101344986752983346242524375238728769079212116663850455652185777586492252889294092883503719488320294458023019346580257306747707688190368915455584388565931836173144313097,d+1,167,0.00148
550,101344986752983346242524375238728769079212116663850455652185777586492252889294092883503719488320294458023019346580257306747707688190368915455584388565931836173144313097,790585332,202689973505966692485048750477457538158424233327700911304371555172984505778588185767007438976640588916046038693160514613495415376380737830911168777131863672347079211527,d+1,168,0.00607
551,202689973505966692485048750477457538158424233327700911304371555172984505778588185767007438976640588916046038693160514613495415376380737830911168777131863672347079211527,984030492,405379947011933384970097500954915076316848466655401822608743110345969011557176371534014877953281177832092077386321029226990830752761475661822337554263727344695142453547,d-1,168,0.00750
552,405379947011933384970097500954915076316848466655401822608743110345969011557176371534014877953281177832092077386321029226990830752761475661822337554263727344695142453547,1424417934,810759894023866769940195001909830152633696933310803645217486220691938023114352743068029755906562355664184154772642058453981661505522951323644675108527454689391709325029,d-1,168,0.01078
553,810759894023866769940195001909830152633696933310803645217486220691938023114352743068029755906562355664184154772642058453981661505522951323644675108527454689391709325029,864267180,1621519788047733539880390003819660305267393866621607290434972441383876046228705486136059511813124711328368309545284116907963323011045902647289350217054909378784282917239,d-1,168,0.00649
554,1621519788047733539880390003819660305267393866621607290434972441383876046228705486136059511813124711328368309545284116907963323011045902647289350217054909378784282917239,7281959880,3243039576095467079760780007639320610534787733243214580869944882767752092457410972272119023626249422656736619090568233815926646022091805294578700434109818757575847794359,d-1,169,0.05430
555,3243039576095467079760780007639320610534787733243214580869944882767752092457410972272119023626249422656736619090568233815926646022091805294578700434109818757575847794359,4219288938,6486079152190934159521560015278641221069575466486429161739889765535504184914821944544238047252498845313473238181136467631853292044183610589157400868219637515155914877657,d-1,169,0.03123
556,6486079152190934159521560015278641221069575466486429161739889765535504184914821944544238047252498845313473238181136467631853292044183610589157400868219637515155914877657,8416300644,12972158304381868319043120030557282442139150932972858323479779531071008369829643889088476094504997690626946476362272935263706584088367221178314801736439275030320246055959,d-1,169,0.06183
557,12972158304381868319043120030557282442139150932972858323479779531071008369829643889088476094504997690626946476362272935263706584088367221178314801736439275030320246055959,5066573130,25944316608763736638086240061114564884278301865945716646959559062142016739659287778176952189009995381253892952724545870527413168176734442356629603472878550060645558685049,d-1,170,0.03695
558,25944316608763736638086240061114564884278301865945716646959559062142016739659287778176952189009995381253892952724545870527413168176734442356629603472878550060645558685049,3454374612,51888633217527473276172480122229129768556603731891433293919118124284033479318575556353904378019990762507785905449091741054826336353468884713259206945757100121294571744711,d-1,170,0.02500
559,51888633217527473276172480122229129768556603731891433293919118124284033479318575556353904378019990762507785905449091741054826336353468884713259206945757100121294571744711,54482746188,103777266435054946552344960244458259537113207463782866587838236248568066958637151112707808756039981525015571810898183482109652672706937769426518413891514200242643626235611,d+1,170,0.39145
560,103777266435054946552344960244458259537113207463782866587838236248568066958637151112707808756039981525015571810898183482109652672706937769426518413891514200242643626235611,4200237348,207554532870109893104689920488916519074226414927565733175676472497136133917274302225415617512079963050031143621796366964219305345413875538853036827783028400485291452708571,d-1,171,0.02996
561,207554532870109893104689920488916519074226414927565733175676472497136133917274302225415617512079963050031143621796366964219305345413875538853036827783028400485291452708571,2091171408,415109065740219786209379840977833038148452829855131466351352944994272267834548604450831235024159926100062287243592733928438610690827751077706073655566056800970584996588551,d+1,171,0.01480
562,415109065740219786209379840977833038148452829855131466351352944994272267834548604450831235024159926100062287243592733928438610690827751077706073655566056800970584996588551,9272047116,830218131480439572418759681955666076296905659710262932702705889988544535669097208901662470048319852200124574487185467856877221381655502155412147311132113601941179265224219,d+1,171,0.06516
563,830218131480439572418759681955666076296905659710262932702705889988544535669097208901662470048319852200124574487185467856877221381655502155412147311132113601941179265224219,1422168492,1660436262960879144837519363911332152593811319420525865405411779977089071338194417803324940096639704400249148974370935713754442763311004310824294622264227203882359952616931,d-1,171,0.00992
564,1660436262960879144837519363911332152593811319420525865405411779977089071338194417803324940096639704400249148974370935713754442763311004310824294622264227203882359952616931,2186588538,3320872525921758289675038727822664305187622638841051730810823559954178142676388835606649880193279408800498297948741871427508885526622008621648589244528454407764722091822401,d+1,172,0.01514
565,3320872525921758289675038727822664305187622638841051730810823559954178142676388835606649880193279408800498297948741871427508885526622008621648589244528454407764722091822401,14062301916,6641745051843516579350077455645328610375245277682103461621647119908356285352777671213299760386558817600996595897483742855017771053244017243297178489056908815529458245946719,d+1,172,0.09667
566,6641745051843516579350077455645328610375245277682103461621647119908356285352777671213299760386558817600996595897483742855017771053244017243297178489056908815529458245946719,242031870,13283490103687033158700154911290657220750490555364206923243294239816712570705555342426599520773117635201993191794967485710035542106488034486594356978113817631058916733925309,d-1,172,0.00165
567,13283490103687033158700154911290657220750490555364206923243294239816712570705555342426599520773117635201993191794967485710035542106488034486594356978113817631058916733925309,73359288,26566980207374066317400309822581314441500981110728413846486588479633425141411110684853199041546235270403986383589934971420071084212976068973188713956227635262117833541209907,d-1,173,0.00050
568,26566980207374066317400309822581314441500981110728413846486588479633425141411110684853199041546235270403986383589934971420071084212976068973188713956227635262117833541209907,1191698352,53133960414748132634800619645162628883001962221456827692973176959266850282822221369706398083092470540807972767179869942840142168425952137946377427912455270524235668274118167,d+1,173,0.00802
569,53133960414748132634800619645162628883001962221456827692973176959266850282822221369706398083092470540807972767179869942840142168425952137946377427912455270524235668274118167,8328079842,106267920829496265269601239290325257766003924442913655385946353918533700565644442739412796166184941081615945534359739885680284336851904275892754855824910541048471344876316177,d-1,173,0.05561
570,106267920829496265269601239290325257766003924442913655385946353918533700565644442739412796166184941081615945534359739885680284336851904275892754855824910541048471344876316177,5068603104,212535841658992530539202478580650515532007848885827310771892707837067401131288885478825592332369882163231891068719479771360568673703808551785509711649821082096942694821235459,d-1,174,0.03360
571,212535841658992530539202478580650515532007848885827310771892707837067401131288885478825592332369882163231891068719479771360568673703808551785509711649821082096942694821235459,2311795692,425071683317985061078404957161301031064015697771654621543785415674134802262577770957651184664739764326463782137438959542721137347407617103571019423299642164193885391954266611,both,174,0.01521
572,425071683317985061078404957161301031064015697771654621543785415674134802262577770957651184664739764326463782137438959542721137347407617103571019423299642164193885391954266611,364926858,850143366635970122156809914322602062128031395543309243087570831348269604525155541915302369329479528652927564274877919085442274694815234207142038846599284328387770784273460081,d-1,174,0.00238
573,850143366635970122156809914322602062128031395543309243087570831348269604525155541915302369329479528652927564274877919085442274694815234207142038846599284328387770784273460081,9019884468,1700286733271940244313619828645204124256062791086618486175141662696539209050311083830604738658959057305855128549755838170884549389630468414284077693198568656775541577566804631,d+1,174,0.05851
574,1700286733271940244313619828645204124256062791086618486175141662696539209050311083830604738658959057305855128549755838170884549389630468414284077693198568656775541577566804631,2191121796,3400573466543880488627239657290408248512125582173236972350283325393078418100622167661209477317918114611710257099511676341769098779260936828568155386397137313551083157324731059,d+1,175,0.01411
575,3400573466543880488627239657290408248512125582173236972350283325393078418100622167661209477317918114611710257099511676341769098779260936828568155386397137313551083157324731059,7145559672,6801146933087760977254479314580816497024251164346473944700566650786156836201244335322418954635836229223420514199023352683538197558521873657136310772794274627102166321795021791,d-1,175,0.04569
576,6801146933087760977254479314580816497024251164346473944700566650786156836201244335322418954635836229223420514199023352683538197558521873657136310772794274627102166321795021791,2650938726,13602293866175521954508958629161632994048502328692947889401133301572313672402488670644837909271672458446841028398046705367076395117043747314272621545588549254204332646240982309,d+1,175,0.01683
577,13602293866175521954508958629161632994048502328692947889401133301572313672402488670644837909271672458446841028398046705367076395117043747314272621545588549254204332646240982309,2091869610,27204587732351043909017917258323265988097004657385895778802266603144627344804977341289675818543344916893682056796093410734152790234087494628545243091177098508408665294573834229,d-1,176,0.01318
578,27204587732351043909017917258323265988097004657385895778802266603144627344804977341289675818543344916893682056796093410734152790234087494628545243091177098508408665294573834229,6128057400,54409175464702087818035834516646531976194009314771791557604533206289254689609954682579351637086689833787364113592186821468305580468174989257090486182354197016817330595275725859,d-1,176,0.03835
579,54409175464702087818035834516646531976194009314771791557604533206289254689609954682579351637086689833787364113592186821468305580468174989257090486182354197016817330595275725859,2149508832,108818350929404175636071669033293063952388018629543583115209066412578509379219909365158703274173379667574728227184373642936611160936349978514180972364708394033634661192700960551,d-1,176,0.01336
580,108818350929404175636071669033293063952388018629543583115209066412578509379219909365158703274173379667574728227184373642936611160936349978514180972364708394033634661192700960551,2067818688,217636701858808351272143338066586127904776037259087166230418132825157018758439818730317406548346759335149456454368747285873222321872699957028361944729416788067269322387469739791,d+1,177,0.01276
581,217636701858808351272143338066586127904776037259087166230418132825157018758439818730317406548346759335149456454368747285873222321872699957028361944729416788067269322387469739791,14938884768,435273403717616702544286676133172255809552074518174332460836265650314037516879637460634813096693518670298912908737494571746444643745399914056723889458833576134538644789878364351,d+1,177,0.09151
582,435273403717616702544286676133172255809552074518174332460836265650314037516879637460634813096693518670298912908737494571746444643745399914056723889458833576134538644789878364351,1452841236,870546807435233405088573352266344511619104149036348664921672531300628075033759274921269626193387037340597825817474989143492889287490799828113447778917667152269077289581209569939,d+1,177,0.00884
583,870546807435233405088573352266344511619104149036348664921672531300628075033759274921269626193387037340597825817474989143492889287490799828113447778917667152269077289581209569939,11626848222,1741093614870466810177146704532689023238208298072697329843345062601256150067518549842539252386774074681195651634949978286985778574981599656226895557835334304538154579174045988101,d-1,177,0.07022
584,1741093614870466810177146704532689023238208298072697329843345062601256150067518549842539252386774074681195651634949978286985778574981599656226895557835334304538154579174045988101,39134482458,3482187229740933620354293409065378046476416596145394659686690125202512300135037099685078504773548149362391303269899956573971557149963199312453791115670668609076309158387226458661,d+1,178,0.23467
585,3482187229740933620354293409065378046476416596145394659686690125202512300135037099685078504773548149362391303269899956573971557149963199312453791115670668609076309158387226458661,284291346,6964374459481867240708586818130756092952833192290789319373380250405024600270074199370157009547096298724782606539799913147943114299926398624907582231341337218152618316774737208669,d+1,178,0.00169
586,6964374459481867240708586818130756092952833192290789319373380250405024600270074199370157009547096298724782606539799913147943114299926398624907582231341337218152618316774737208669,7077793122,13928748918963734481417173636261512185905666384581578638746760500810049200540148398740314019094192597449565213079599826295886228599852797249815164462682674436305236633556552210461,d+1,178,0.04185
587,13928748918963734481417173636261512185905666384581578638746760500810049200540148398740314019094192597449565213079599826295886228599852797249815164462682674436305236633556552210461,2633179728,27857497837927468962834347272523024371811332769163157277493521001620098401080296797480628038188385194899130426159199652591772457199705594499630328925365348872610473267115737600651,d-1,179,0.01546
588,27857497837927468962834347272523024371811332769163157277493521001620098401080296797480628038188385194899130426159199652591772457199705594499630328925365348872610473267115737600651,46260180816,55714995675854937925668694545046048743622665538326314554987042003240196802160593594961256076376770389798260852318399305183544914399411188999260657850730697745220946534277735382119,d+1,179,0.26968
589,55714995675854937925668694545046048743622665538326314554987042003240196802160593594961256076376770389798260852318399305183544914399411188999260657850730697745220946534277735382119,6720402,111429991351709875851337389090092097487245331076652629109974084006480393604321187189922512152753540779596521704636798610367089828798822377998521315701461395490441893068555477484641,d+1,179,0.00004
590,111429991351709875851337389090092097487245331076652629109974084006480393604321187189922512152753540779596521704636798610367089828798822377998521315701461395490441893068555477484641,3805734726,222859982703419751702674778180184194974490662153305258219948168012960787208642374379845024305507081559193043409273597220734179657597644755997042631402922790980883786137114760704009,d+1,180,0.02188
591,222859982703419751702674778180184194974490662153305258219948168012960787208642374379845024305507081559193043409273597220734179657597644755997042631402922790980883786137114760704009,11451138600,445719965406839503405349556360368389948981324306610516439896336025921574417284748759690048611014163118386086818547194441468359315195289511994085262805845581961767572274240972546619,d-1,180,0.06537
592,445719965406839503405349556360368389948981324306610516439896336025921574417284748759690048611014163118386086818547194441468359315195289511994085262805845581961767572274240972546619,1328710908,891439930813679006810699112720736779897962648613221032879792672051843148834569497519380097222028326236772173637094388882936718630390579023988170525611691163923535144548483273804147,d+1,180,0.00753
593,891439930813679006810699112720736779897962648613221032879792672051843148834569497519380097222028326236772173637094388882936718630390579023988170525611691163923535144548483273804147,30627339762,1782879861627358013621398225441473559795925297226442065759585344103686297669138995038760194444056652473544347274188777765873437260781158047976341051223382327847070289096997174948057,d+1,180,0.17241
594,1782879861627358013621398225441473559795925297226442065759585344103686297669138995038760194444056652473544347274188777765873437260781158047976341051223382327847070289096997174948057,1556167074,3565759723254716027242796450882947119591850594452884131519170688207372595338277990077520388888113304947088694548377555531746874521562316095952682102446764655694140578193995906063189,d-1,181,0.00870
595,3565759723254716027242796450882947119591850594452884131519170688207372595338277990077520388888113304947088694548377555531746874521562316095952682102446764655694140578193995906063189,5350993500,7131519446509432054485592901765894239183701188905768263038341376414745190676555980155040777776226609894177389096755111063493749043124632191905364204893529311388281156387997163119879,d-1,181,0.02971
596,7131519446509432054485592901765894239183701188905768263038341376414745190676555980155040777776226609894177389096755111063493749043124632191905364204893529311388281156387997163119879,1866774900,14263038893018864108971185803531788478367402377811536526076682752829490381353111960310081555552453219788354778193510222126987498086249264383810728409787058622776562312775996193014659,d+1,181,0.01029
597,14263038893018864108971185803531788478367402377811536526076682752829490381353111960310081555552453219788354778193510222126987498086249264383810728409787058622776562312775996193014659,2498768088,28526077786037728217942371607063576956734804755623073052153365505658980762706223920620163111104906439576709556387020444253974996172498528767621456819574117245553124625551994884797407,d+1,182,0.01368
598,28526077786037728217942371607063576956734804755623073052153365505658980762706223920620163111104906439576709556387020444253974996172498528767621456819574117245553124625551994884797407,8259140742,57052155572075456435884743214127153913469609511246146104306731011317961525412447841240326222209812879153419112774040888507949992344997057535242913639148234491106249251103998028735557,d-1,182,0.04491
599,57052155572075456435884743214127153913469609511246146104306731011317961525412447841240326222209812879153419112774040888507949992344997057535242913639148234491106249251103998028735557,17261627442,114104311144150912871769486428254307826939219022492292208613462022635923050824895682480652444419625758306838225548081777015899984689994115070485827278296468982212498502208013319098557,d-1,182,0.09321
600,114104311144150912871769486428254307826939219022492292208613462022635923050824895682480652444419625758306838225548081777015899984689994115070485827278296468982212498502208013319098557,3162551352,228208622288301825743538972856508615653878438044984584417226924045271846101649791364961304888839251516613676451096163554031799969379988230140971654556592937964424997004416029800748467,d-1,183,0.01696
601,228208622288301825743538972856508615653878438044984584417226924045271846101649791364961304888839251516613676451096163554031799969379988230140971654556592937964424997004416029800748467,12318759372,456417244576603651487077945713017231307756876089969168834453848090543692203299582729922609777678503033227352902192327108063599938759976460281943309113185875928849994008832071920256307,both,183,0.06561
602,456417244576603651487077945713017231307756876089969168834453848090543692203299582729922609777678503033227352902192327108063599938759976460281943309113185875928849994008832071920256307,4924374114,912834489153207302974155891426034462615513752179938337668907696181087384406599165459845219555357006066454705804384654216127199877519952920563886618226371751857699988017664148764886729,d-1,183,0.02605
603,912834489153207302974155891426034462615513752179938337668907696181087384406599165459845219555357006066454705804384654216127199877519952920563886618226371751857699988017664148764886729,8370823032,1825668978306414605948311782852068925231027504359876675337815392362174768813198330919690439110714012132909411608769308432254399755039905841127773236452743503715399976035328305900596491,d-1,183,0.04397
604,1825668978306414605948311782852068925231027504359876675337815392362174768813198330919690439110714012132909411608769308432254399755039905841127773236452743503715399976035328305900596491,2550272508,3651337956612829211896623565704137850462055008719753350675630784724349537626396661839380878221428024265818823217538616864508799510079811682255546472905487007430799952070656614351465491,d-1,184,0.01331
605,3651337956612829211896623565704137850462055008719753350675630784724349537626396661839380878221428024265818823217538616864508799510079811682255546472905487007430799952070656614351465491,7641336468,7302675913225658423793247131408275700924110017439506701351261569448699075252793323678761756442856048531637646435077233729017599020159623364511092945810974014861599904141313236344267451,d-1,184,0.03960
606,7302675913225658423793247131408275700924110017439506701351261569448699075252793323678761756442856048531637646435077233729017599020159623364511092945810974014861599904141313236344267451,2916295308,14605351826451316847586494262816551401848220034879013402702523138897398150505586647357523512885712097063275292870154467458035198040319246729022185891621948029723199808282626475604830211,d+1,184,0.01501
607,14605351826451316847586494262816551401848220034879013402702523138897398150505586647357523512885712097063275292870154467458035198040319246729022185891621948029723199808282626475604830211,19978339818,29210703652902633695172988525633102803696440069758026805405046277794796301011173294715047025771424194126550585740308934916070396080638493458044371783243896059446399616565252971188000241,d-1,185,0.10212
608,29210703652902633695172988525633102803696440069758026805405046277794796301011173294715047025771424194126550585740308934916070396080638493458044371783243896059446399616565252971188000241,21077784288,58421407305805267390345977051266205607392880139516053610810092555589592602022346589430094051542848388253101171480617869832140792161276986916088743566487792118892799233130505963453784771,d+1,185,0.10701
609,58421407305805267390345977051266205607392880139516053610810092555589592602022346589430094051542848388253101171480617869832140792161276986916088743566487792118892799233130505963453784771,5062223988,116842814611610534780691954102532411214785760279032107221620185111179185204044693178860188103085696776506202342961235739664281584322553973832177487132975584237785598466261011931969793531,d-1,185,0.02553
610,116842814611610534780691954102532411214785760279032107221620185111179185204044693178860188103085696776506202342961235739664281584322553973832177487132975584237785598466261011931969793531,3152223408,233685629223221069561383908205064822429571520558064214443240370222358370408089386357720376206171393553012404685922471479328563168645107947664354974265951168475571196932522023867091810471,d-1,186,0.01579
611,233685629223221069561383908205064822429571520558064214443240370222358370408089386357720376206171393553012404685922471479328563168645107947664354974265951168475571196932522023867091810471,11837487228,467371258446442139122767816410129644859143041116128428886480740444716740816178772715440752412342787106024809371844942958657126337290215895328709948531902336951142393865044047746021108171,d+1,186,0.05889
612,467371258446442139122767816410129644859143041116128428886480740444716740816178772715440752412342787106024809371844942958657126337290215895328709948531902336951142393865044047746021108171,56475976878,934742516892884278245535632820259289718286082232256857772961480889433481632357545430881504824685574212049618743689885917314252674580431790657419897063804673902284787730088095548518193221,d-1,186,0.27907
613,934742516892884278245535632820259289718286082232256857772961480889433481632357545430881504824685574212049618743689885917314252674580431790657419897063804673902284787730088095548518193221,25977894756,1869485033785768556491071265640518579436572164464513715545922961778866963264715090861763009649371148424099237487379771834628505349160863581314839794127609347804569575460176191123014281199,d+1,186,0.12750
614,1869485033785768556491071265640518579436572164464513715545922961778866963264715090861763009649371148424099237487379771834628505349160863581314839794127609347804569575460176191123014281199,1251777090,3738970067571537112982142531281037158873144328929027431091845923557733926529430181723526019298742296848198474974759543669257010698321727162629679588255218695609139150920352382247280339489,both,187,0.00610
615,3738970067571537112982142531281037158873144328929027431091845923557733926529430181723526019298742296848198474974759543669257010698321727162629679588255218695609139150920352382247280339489,2005219302,7477940135143074225964285062562074317746288657858054862183691847115467853058860363447052038597484593696396949949519087338514021396643454325259359176510437391218278301840704764496565898281,d+1,187,0.00971
616,7477940135143074225964285062562074317746288657858054862183691847115467853058860363447052038597484593696396949949519087338514021396643454325259359176510437391218278301840704764496565898281,26778148278,14955880270286148451928570125124148635492577315716109724367383694230935706117720726894104077194969187392793899899038174677028042793286908650518718353020874782436556603681409529019909944841,d+1,187,0.12880
617,14955880270286148451928570125124148635492577315716109724367383694230935706117720726894104077194969187392793899899038174677028042793286908650518718353020874782436556603681409529019909944841,95346350478,29911760540572296903857140250248297270985154631432219448734767388461871412235441453788208154389938374785587799798076349354056085586573817301037436706041749564873113207362819058135166240161,d+1,188,0.45556
618,29911760540572296903857140250248297270985154631432219448734767388461871412235441453788208154389938374785587799798076349354056085586573817301037436706041749564873113207362819058135166240161,1839191028,59823521081144593807714280500496594541970309262864438897469534776923742824470882907576416308779876749571175599596152698708112171173147634602074873412083499129746226414725638116272171671351,d-1,188,0.00873
619,59823521081144593807714280500496594541970309262864438897469534776923742824470882907576416308779876749571175599596152698708112171173147634602074873412083499129746226414725638116272171671351,2543006718,119647042162289187615428561000993189083940618525728877794939069553847485648941765815152832617559753499142351199192305397416224342346295269204149746824166998259492452829451276232546886349421,d-1,188,0.01199
620,119647042162289187615428561000993189083940618525728877794939069553847485648941765815152832617559753499142351199192305397416224342346295269204149746824166998259492452829451276232546886349421,4216986846,239294084324578375230857122001986378167881237051457755589878139107694971297883531630305665235119506998284702398384610794832448684692590538408299493648333996518984905658902552465097989685689,d+1,189,0.01975
621,239294084324578375230857122001986378167881237051457755589878139107694971297883531630305665235119506998284702398384610794832448684692590538408299493648333996518984905658902552465097989685689,2441573142,478588168649156750461714244003972756335762474102915511179756278215389942595767063260611330470239013996569404796769221589664897369385181076816598987296667993037969811317805104930198420944521,d+1,189,0.01136
622,478588168649156750461714244003972756335762474102915511179756278215389942595767063260611330470239013996569404796769221589664897369385181076816598987296667993037969811317805104930198420944521,3913463838,957176337298313500923428488007945512671524948205831022359512556430779885191534126521222660940478027993138809593538443179329794738770362153633197974593335986075939622635610209860400755352881,d-1,189,0.01808
623,957176337298313500923428488007945512671524948205831022359512556430779885191534126521222660940478027993138809593538443179329794738770362153633197974593335986075939622635610209860400755352881,4756083978,1914352674596627001846856976015891025343049896411662044719025112861559770383068253042445321880956055986277619187076886358659589477540724307266395949186671972151879245271220419720806266789741,d+1,189,0.02183
624,1914352674596627001846856976015891025343049896411662044719025112861559770383068253042445321880956055986277619187076886358659589477540724307266395949186671972151879245271220419720806266789741,8157244308,3828705349193254003693713952031782050686099792823324089438050225723119540766136506084890643761912111972555238374153772717319178955081448614532791898373343944303758490542440839441620690823791,d-1,190,0.03720
625,3828705349193254003693713952031782050686099792823324089438050225723119540766136506084890643761912111972555238374153772717319178955081448614532791898373343944303758490542440839441620690823791,116810598,7657410698386508007387427904063564101372199585646648178876100451446239081532273012169781287523824223945110476748307545434638357910162897229065583796746687888607516981084881678883241498458181,d-1,190,0.00053
626,7657410698386508007387427904063564101372199585646648178876100451446239081532273012169781287523824223945110476748307545434638357910162897229065583796746687888607516981084881678883241498458181,8673348456,15314821396773016014774855808127128202744399171293296357752200902892478163064546024339562575047648447890220953496615090869276715820325794458131167593493375777215033962169763357766491670264819,d+1,190,0.03903
627,15314821396773016014774855808127128202744399171293296357752200902892478163064546024339562575047648447890220953496615090869276715820325794458131167593493375777215033962169763357766491670264819,3503929128,30629642793546032029549711616254256405488798342586592715504401805784956326129092048679125150095296895780441906993230181738553431640651588916262335186986751554430067924339526715532986844458767,d+1,191,0.01567
628,30629642793546032029549711616254256405488798342586592715504401805784956326129092048679125150095296895780441906993230181738553431640651588916262335186986751554430067924339526715532986844458767,25616078922,61259285587092064059099423232508512810977596685173185431008803611569912652258184097358250300190593791560883813986460363477106863281303177832524670373973503108860135848679053431065999304996457,d-1,191,0.11377
629,61259285587092064059099423232508512810977596685173185431008803611569912652258184097358250300190593791560883813986460363477106863281303177832524670373973503108860135848679053431065999304996457,8478171312,122518571174184128118198846465017025621955193370346370862017607223139825304516368194716500600381187583121767627972920726954213726562606355665049340747947006217720271697358106862132007088164227,d+1,191,0.03741
630,122518571174184128118198846465017025621955193370346370862017607223139825304516368194716500600381187583121767627972920726954213726562606355665049340747947006217720271697358106862132007088164227,32654799222,245037142348368256236397692930034051243910386740692741724035214446279650609032736389433001200762375166243535255945841453908427453125212711330098681495894012435440543394716213724264046831127677,d+1,192,0.14314
631,245037142348368256236397692930034051243910386740692741724035214446279650609032736389433001200762375166243535255945841453908427453125212711330098681495894012435440543394716213724264046831127677,4707174342,490074284696736512472795385860068102487820773481385483448070428892559301218065472778866002401524750332487070511891682907816854906250425422660197362991788024870881086789432427448528098369429697,d-1,192,0.02050
632,490074284696736512472795385860068102487820773481385483448070428892559301218065472778866002401524750332487070511891682907816854906250425422660197362991788024870881086789432427448528098369429697,8504131182,980148569393473024945590771720136204975641546962770966896140857785118602436130945557732004803049500664974141023783365815633709812500850845320394725983576049741762173578864854897056205242990577,d+1,192,0.03679
633,980148569393473024945590771720136204975641546962770966896140857785118602436130945557732004803049500664974141023783365815633709812500850845320394725983576049741762173578864854897056205242990577,1733635074,1960297138786946049891181543440272409951283093925541933792281715570237204872261891115464009606099001329948282047566731631267419625001701690640789451967152099483524347157729709794112412219616229,d-1,192,0.00745
634,1960297138786946049891181543440272409951283093925541933792281715570237204872261891115464009606099001329948282047566731631267419625001701690640789451967152099483524347157729709794112412219616229,802477458,3920594277573892099782363086880544819902566187851083867584563431140474409744523782230928019212198002659896564095133463262534839250003403381281578903934304198967048694315459419588224825241709917,d-1,193,0.00343
635,3920594277573892099782363086880544819902566187851083867584563431140474409744523782230928019212198002659896564095133463262534839250003403381281578903934304198967048694315459419588224825241709917,6967271514,7841188555147784199564726173761089639805132375702167735169126862280948819489047564461856038424396005319793128190266926525069678500006806762563157807868608397934097388630918839176449657450691349,d-1,193,0.02956
636,7841188555147784199564726173761089639805132375702167735169126862280948819489047564461856038424396005319793128190266926525069678500006806762563157807868608397934097388630918839176449657450691349,7780461378,15682377110295568399129452347522179279610264751404335470338253724561897638978095128923712076848792010639586256380533853050139357000013613525126315615737216795868194777261837678352899322681844077,d+1,193,0.03279
637,15682377110295568399129452347522179279610264751404335470338253724561897638978095128923712076848792010639586256380533853050139357000013613525126315615737216795868194777261837678352899322681844077,41905311522,31364754220591136798258904695044358559220529502808670940676507449123795277956190257847424153697584021279172512761067706100278714000027227050252631231474433591736389554523675356705798687268999677,d+1,194,0.17549
638,31364754220591136798258904695044358559220529502808670940676507449123795277956190257847424153697584021279172512761067706100278714000027227050252631231474433591736389554523675356705798687268999677,42311724522,62729508441182273596517809390088717118441059005617341881353014898247590555912380515694848307395168042558345025522135412200557428000054454100505262462948867183472779109047350713411597416849723877,d+1,194,0.17605
639,62729508441182273596517809390088717118441059005617341881353014898247590555912380515694848307395168042558345025522135412200557428000054454100505262462948867183472779109047350713411597416849723877,103840517934,125459016882364547193035618780177434236882118011234683762706029796495181111824761031389696614790336085116690051044270824401114856000108908201010524925897734366945558218094701426823194937539965689,d-1,194,0.42926
640,125459016882364547193035618780177434236882118011234683762706029796495181111824761031389696614790336085116690051044270824401114856000108908201010524925897734366945558218094701426823194937539965689,2688505920,250918033764729094386071237560354868473764236022469367525412059592990362223649522062779393229580672170233380102088541648802229712000217816402021049851795468733891116436189402853646389877768437299,d+1,195,0.01104
641,250918033764729094386071237560354868473764236022469367525412059592990362223649522062779393229580672170233380102088541648802229712000217816402021049851795468733891116436189402853646389877768437299,11148468,501836067529458188772142475120709736947528472044938735050824119185980724447299044125558786459161344340466760204177083297604459424000435632804042099703590937467782232872378805707292779755548023067,d+1,195,0.00005
642,501836067529458188772142475120709736947528472044938735050824119185980724447299044125558786459161344340466760204177083297604459424000435632804042099703590937467782232872378805707292779755548023067,2667250254,1003672135058916377544284950241419473895056944089877470101648238371961448894598088251117572918322688680933520408354166595208918848000871265608084199407181874935564465744757611414585559513763296389,d-1,195,0.01081
643,1003672135058916377544284950241419473895056944089877470101648238371961448894598088251117572918322688680933520408354166595208918848000871265608084199407181874935564465744757611414585559513763296389,4102318650,2007344270117832755088569900482838947790113888179754940203296476743922897789196176502235145836645377361867040816708333190417837696001742531216168398814363749871128931489515222829171119031628911429,d+1,196,0.01653
644,2007344270117832755088569900482838947790113888179754940203296476743922897789196176502235145836645377361867040816708333190417837696001742531216168398814363749871128931489515222829171119031628911429,434400222,4014688540235665510177139800965677895580227776359509880406592953487845795578392353004470291673290754723734081633416666380835675392003485062432336797628727499742257862979030445658342238063692223081,d-1,196,0.00174
645,4014688540235665510177139800965677895580227776359509880406592953487845795578392353004470291673290754723734081633416666380835675392003485062432336797628727499742257862979030445658342238063692223081,5126410848,8029377080471331020354279601931355791160455552719019760813185906975691591156784706008940583346581509447468163266833332761671350784006970124864673595257454999484515725958060891316684476132510857011,d-1,196,0.02039
646,8029377080471331020354279601931355791160455552719019760813185906975691591156784706008940583346581509447468163266833332761671350784006970124864673595257454999484515725958060891316684476132510857011,2700198636,16058754160942662040708559203862711582320911105438039521626371813951383182313569412017881166693163018894936326533666665523342701568013940249729347190514909998969031451916121782633368952267721912659,d+1,196,0.01067
647,16058754160942662040708559203862711582320911105438039521626371813951383182313569412017881166693163018894936326533666665523342701568013940249729347190514909998969031451916121782633368952267721912659,7418210118,32117508321885324081417118407725423164641822210876079043252743627902766364627138824035762333386326037789872653067333331046685403136027880499458694381029819997938062903832243565266737904542862035437,d+1,197,0.02913
648,32117508321885324081417118407725423164641822210876079043252743627902766364627138824035762333386326037789872653067333331046685403136027880499458694381029819997938062903832243565266737904542862035437,32920536162,64235016643770648162834236815450846329283644421752158086505487255805532729254277648071524666772652075579745306134666662093370806272055760998917388762059639995876125807664487130533475809118644607037,d+1,197,0.12844
649,64235016643770648162834236815450846329283644421752158086505487255805532729254277648071524666772652075579745306134666662093370806272055760998917388762059639995876125807664487130533475809118644607037,146003304,128470033287541296325668473630901692658567288843504316173010974511611065458508555296143049333545304151159490612269333324186741612544111521997834777524119279991752251615328974261066951618237435217379,d-1,197,0.00057
650,128470033287541296325668473630901692658567288843504316173010974511611065458508555296143049333545304151159490612269333324186741612544111521997834777524119279991752251615328974261066951618237435217379,1726201122,256940066575082592651336947261803385317134577687008632346021949023222130917017110592286098667090608302318981224538666648373483225088223043995669555048238559983504503230657948522133903236476596635881,d+1,198,0.00665
651,256940066575082592651336947261803385317134577687008632346021949023222130917017110592286098667090608302318981224538666648373483225088223043995669555048238559983504503230657948522133903236476596635881,24634226568,513880133150165185302673894523606770634269155374017264692043898046444261834034221184572197334181216604637962449077333296746966450176446087991339110096477119967009006461315897044267806472977827498331,d+1,198,0.09430
652,513880133150165185302673894523606770634269155374017264692043898046444261834034221184572197334181216604637962449077333296746966450176446087991339110096477119967009006461315897044267806472977827498331,401129586,1027760266300330370605347789047213541268538310748034529384087796092888523668068442369144394668362433209275924898154666593493932900352892175982678220192954239934018012922631794088535612945956056126249,d+1,198,0.00153
653,1027760266300330370605347789047213541268538310748034529384087796092888523668068442369144394668362433209275924898154666593493932900352892175982678220192954239934018012922631794088535612945956056126249,24174552042,2055520532600660741210695578094427082537076621496069058768175592185777047336136884738288789336724866418551849796309333186987865800705784351965356440385908479868036025845263588177071225891936286804541,d+1,199,0.09137
654,2055520532600660741210695578094427082537076621496069058768175592185777047336136884738288789336724866418551849796309333186987865800705784351965356440385908479868036025845263588177071225891936286804541,15023501658,4111041065201321482421391156188854165074153242992138117536351184371554094672273769476577578673449732837103699592618666373975731601411568703930712880771816959736072051690527176354142451783887597110741,both,199,0.05643
655,4111041065201321482421391156188854165074153242992138117536351184371554094672273769476577578673449732837103699592618666373975731601411568703930712880771816959736072051690527176354142451783887597110741,32027732568,8222082130402642964842782312377708330148306485984276235072702368743108189344547538953155157346899465674207399185237332747951463202823137407861425761543633919472144103381054352708284903567807221954051,d-1,199,0.11953
656,8222082130402642964842782312377708330148306485984276235072702368743108189344547538953155157346899465674207399185237332747951463202823137407861425761543633919472144103381054352708284903567807221954051,18653232348,16444164260805285929685564624755416660296612971968552470145404737486216378689095077906310314693798931348414798370474665495902926405646274815722851523087267838944288206762108705416569807135633097140451,d-1,199,0.06918
657,16444164260805285929685564624755416660296612971968552470145404737486216378689095077906310314693798931348414798370474665495902926405646274815722851523087267838944288206762108705416569807135633097140451,1284815298,32888328521610571859371129249510833320593225943937104940290809474972432757378190155812620629387597862696829596740949330991805852811292549631445703046174535677888576413524217410833139614271267479096201,both,200,0.00474
658,32888328521610571859371129249510833320593225943937104940290809474972432757378190155812620629387597862696829596740949330991805852811292549631445703046174535677888576413524217410833139614271267479096201,245586768,65776657043221143718742258499021666641186451887874209880581618949944865514756380311625241258775195725393659193481898661983611705622585099262891406092349071355777152827048434821666279228542535203779171,both,200,0.00090
659,65776657043221143718742258499021666641186451887874209880581618949944865514756380311625241258775195725393659193481898661983611705622585099262891406092349071355777152827048434821666279228542535203779171,59922321078,131553314086442287437484516998043333282372903775748419761163237899889731029512760623250482517550391450787318386963797323967223411245170198525782812184698142711554305654096869643332558457085130329879421,d+1,200,0.21808
660,131553314086442287437484516998043333282372903775748419761163237899889731029512760623250482517550391450787318386963797323967223411245170198525782812184698142711554305654096869643332558457085130329879421,76957346178,263106628172884574874969033996086666564745807551496839522326475799779462059025521246500965035100782901574636773927594647934446822490340397051565624369396285423108611308193739286665116914170337617105021,d-1,201,0.27833
661,263106628172884574874969033996086666564745807551496839522326475799779462059025521246500965035100782901574636773927594647934446822490340397051565624369396285423108611308193739286665116914170337617105021,10140182346,526213256345769149749938067992173333129491615102993679044652951599558924118051042493001930070201565803149273547855189295868893644980680794103131248738792570846217222616387478573330233828340685374392389,d+1,201,0.03645
662,526213256345769149749938067992173333129491615102993679044652951599558924118051042493001930070201565803149273547855189295868893644980680794103131248738792570846217222616387478573330233828340685374392389,7943457450,1052426512691538299499876135984346666258983230205987358089305903199117848236102084986003860140403131606298547095710378591737787289961361588206262497477585141692434445232774957146660467656681378692242229,d-1,201,0.02837
663,1052426512691538299499876135984346666258983230205987358089305903199117848236102084986003860140403131606298547095710378591737787289961361588206262497477585141692434445232774957146660467656681378692242229,6696115752,2104853025383076598999752271968693332517966460411974716178611806398235696472204169972007720280806263212597094191420757183475574579922723176412524994955170283384868890465549914293320935313362764080600211,d+1,202,0.02377
664,2104853025383076598999752271968693332517966460411974716178611806398235696472204169972007720280806263212597094191420757183475574579922723176412524994955170283384868890465549914293320935313362764080600211,2414659068,4209706050766153197999504543937386665035932920823949432357223612796471392944408339944015440561612526425194188382841514366951149159845446352825049989910340566769737780931099828586641870626725530575859491,d+1,202,0.00852
665,4209706050766153197999504543937386665035932920823949432357223612796471392944408339944015440561612526425194188382841514366951149159845446352825049989910340566769737780931099828586641870626725530575859491,197997048,8419412101532306395999009087874773330071865841647898864714447225592942785888816679888030881123225052850388376765683028733902298319690892705650099979820681133539475561862199657173283741253451061349716031,both,202,0.00069
666,8419412101532306395999009087874773330071865841647898864714447225592942785888816679888030881123225052850388376765683028733902298319690892705650099979820681133539475561862199657173283741253451061349716031,6490811916,16838824203064612791998018175749546660143731683295797729428894451185885571777633359776061762246450105700776753531366057467804596639381785411300199959641362267078951123724399314346567482506902129190243979,d+1,202,0.02261
667,16838824203064612791998018175749546660143731683295797729428894451185885571777633359776061762246450105700776753531366057467804596639381785411300199959641362267078951123724399314346567482506902129190243979,7827440922,33677648406129225583996036351499093320287463366591595458857788902371771143555266719552123524492900211401553507062732114935609193278763570822600399919282724534157902247448798628693134965013804266207928881,d+1,203,0.02710
668,33677648406129225583996036351499093320287463366591595458857788902371771143555266719552123524492900211401553507062732114935609193278763570822600399919282724534157902247448798628693134965013804266207928881,10335343848,67355296812258451167992072702998186640574926733183190917715577804743542287110533439104247048985800422803107014125464229871218386557527141645200799838565449068315804494897597257386269930027608542751201611,d+1,203,0.03556
669,67355296812258451167992072702998186640574926733183190917715577804743542287110533439104247048985800422803107014125464229871218386557527141645200799838565449068315804494897597257386269930027608542751201611,47054876718,134710593624516902335984145405996373281149853466366381835431155609487084574221066878208494097971600845606214028250928459742436773115054283290401599677130898136631608989795194514772539860055217132557279941,d-1,203,0.16092
670,134710593624516902335984145405996373281149853466366381835431155609487084574221066878208494097971600845606214028250928459742436773115054283290401599677130898136631608989795194514772539860055217132557279941,4903664958,269421187249033804671968290811992746562299706932732763670862311218974169148442133756416988195943201691212428056501856919484873546230108566580803199354261796273263217979590389029545079720110434270018224841,d-1,204,0.01667
671,269421187249033804671968290811992746562299706932732763670862311218974169148442133756416988195943201691212428056501856919484873546230108566580803199354261796273263217979590389029545079720110434270018224841,12115430778,538842374498067609343936581623985493124599413865465527341724622437948338296884267512833976391886403382424856113003713838969747092460217133161606398708523592546526435959180778059090159440220868552151880461,d+1,204,0.04092
672,538842374498067609343936581623985493124599413865465527341724622437948338296884267512833976391886403382424856113003713838969747092460217133161606398708523592546526435959180778059090159440220868552151880461,5541849858,1077684748996135218687873163247970986249198827730931054683449244875896676593768535025667952783772806764849712226007427677939494184920434266323212797417047185093052871918361556118180318880441737109845610781,d-1,204,0.01860
673,1077684748996135218687873163247970986249198827730931054683449244875896676593768535025667952783772806764849712226007427677939494184920434266323212797417047185093052871918361556118180318880441737109845610781,4251561288,2155369497992270437375746326495941972498397655461862109366898489751793353187537070051335905567545613529699424452014855355878988369840868532646425594834094370186105743836723112236360637760883474223942782851,both,205,0.01419
674,2155369497992270437375746326495941972498397655461862109366898489751793353187537070051335905567545613529699424452014855355878988369840868532646425594834094370186105743836723112236360637760883474223942782851,16525322478,4310738995984540874751492652991883944996795310923724218733796979503586706375074140102671811135091227059398848904029710711757976739681737065292851189668188740372211487673446224472721275521766948464410888181,d+1,205,0.05480
675,4310738995984540874751492652991883944996795310923724218733796979503586706375074140102671811135091227059398848904029710711757976739681737065292851189668188740372211487673446224472721275521766948464410888181,23777417898,8621477991969081749502985305983767889993590621847448437467593959007173412750148280205343622270182454118797697808059421423515953479363474130585702379336377480744422975346892448945442551043533896952599194261,d+1,205,0.07837
676,8621477991969081749502985305983767889993590621847448437467593959007173412750148280205343622270182454118797697808059421423515953479363474130585702379336377480744422975346892448945442551043533896952599194261,25032134448,17242955983938163499005970611967535779987181243694896874935187918014346825500296560410687244540364908237595395616118842847031906958726948261171404758672754961488845950693784897890885102087067793930230522971,d-1,205,0.08200
677,17242955983938163499005970611967535779987181243694896874935187918014346825500296560410687244540364908237595395616118842847031906958726948261171404758672754961488845950693784897890885102087067793930230522971,13613465808,34485911967876326998011941223935071559974362487389793749870375836028693651000593120821374489080729816475190791232237685694063813917453896522342809517345509922977691901387569795781770204174135587874074511751,d-1,206,0.04432
678,34485911967876326998011941223935071559974362487389793749870375836028693651000593120821374489080729816475190791232237685694063813917453896522342809517345509922977691901387569795781770204174135587874074511751,9969243396,68971823935752653996023882447870143119948724974779587499740751672057387302001186241642748978161459632950381582464475371388127627834907793044685619034691019845955383802775139591563540408348271175758118266899,d+1,206,0.03226
679,68971823935752653996023882447870143119948724974779587499740751672057387302001186241642748978161459632950381582464475371388127627834907793044685619034691019845955383802775139591563540408348271175758118266899,2904089658,137943647871505307992047764895740286239897449949559174999481503344114774604002372483285497956322919265900763164928950742776255255669815586089371238069382039691910767605550279183127080816696542351519140623457,d+1,206,0.00934
680,137943647871505307992047764895740286239897449949559174999481503344114774604002372483285497956322919265900763164928950742776255255669815586089371238069382039691910767605550279183127080816696542351519140623457,38587447302,275887295743010615984095529791480572479794899899118349998963006688229549208004744966570995912645838531801526329857901485552510511339631172178742476138764079383821535211100558366254161633393084703076868694217,d+1,207,0.12336
681,275887295743010615984095529791480572479794899899118349998963006688229549208004744966570995912645838531801526329857901485552510511339631172178742476138764079383821535211100558366254161633393084703076868694217,6549429564,551774591486021231968191059582961144959589799798236699997926013376459098416009489933141991825291677063603052659715802971105021022679262344357484952277528158767643070422201116732508323266786169406160286817999,d-1,207,0.02081
682,551774591486021231968191059582961144959589799798236699997926013376459098416009489933141991825291677063603052659715802971105021022679262344357484952277528158767643070422201116732508323266786169406160286817999,13556274138,1103549182972042463936382119165922289919179599596473399995852026752918196832018979866283983650583354127206105319431605942210042045358524688714969904555056317535286140844402233465016646533572338812334129910137,d+1,207,0.04282
683,1103549182972042463936382119165922289919179599596473399995852026752918196832018979866283983650583354127206105319431605942210042045358524688714969904555056317535286140844402233465016646533572338812334129910137,3191242032,2207098365944084927872764238331844579838359199192946799991704053505836393664037959732567967301166708254412210638863211884420084090717049377429939809110112635070572281688804466930033293067144677624671451062307,d-1,208,0.01002
684,2207098365944084927872764238331844579838359199192946799991704053505836393664037959732567967301166708254412210638863211884420084090717049377429939809110112635070572281688804466930033293067144677624671451062307,8886037422,4414196731888169855745528476663689159676718398385893599983408107011672787328075919465135934602333416508824421277726423768840168181434098754859879618220225270141144563377608933860066586134289355249351788162037,d+1,208,0.02773
685,4414196731888169855745528476663689159676718398385893599983408107011672787328075919465135934602333416508824421277726423768840168181434098754859879618220225270141144563377608933860066586134289355249351788162037,263801184,8828393463776339711491056953327378319353436796771787199966816214023345574656151838930271869204666833017648842555452847537680336362868197509719759236440450540282289126755217867720133172268578710498703840125259,d-1,208,0.00082
686,8828393463776339711491056953327378319353436796771787199966816214023345574656151838930271869204666833017648842555452847537680336362868197509719759236440450540282289126755217867720133172268578710498703840125259,22689259650,17656786927552679422982113906654756638706873593543574399933632428046691149312303677860543738409333666035297685110905695075360672725736395019439518472880901080564578253510435735440266344537157420997430369510169,d+1,208,0.06995
687,17656786927552679422982113906654756638706873593543574399933632428046691149312303677860543738409333666035297685110905695075360672725736395019439518472880901080564578253510435735440266344537157420997430369510169,777274950,35313573855105358845964227813309513277413747187087148799867264856093382298624607355721087476818667332070595370221811390150721345451472790038879036945761802161129156507020871470880532689074314841994861516295289,d+1,209,0.00238
688,35313573855105358845964227813309513277413747187087148799867264856093382298624607355721087476818667332070595370221811390150721345451472790038879036945761802161129156507020871470880532689074314841994861516295289,12343165950,70627147710210717691928455626619026554827494374174297599734529712186764597249214711442174953637334664141190740443622780301442690902945580077758073891523604322258313014041742941761065378148629683989735375756529,both,209,0.03760
689,70627147710210717691928455626619026554827494374174297599734529712186764597249214711442174953637334664141190740443622780301442690902945580077758073891523604322258313014041742941761065378148629683989735375756529,77434247892,141254295420421435383856911253238053109654988748348595199469059424373529194498429422884349907274669328282381480887245560602885381805891160155516147783047208644516626028083485883522130756297259367979548185760951,d+1,209,0.23445
690,141254295420421435383856911253238053109654988748348595199469059424373529194498429422884349907274669328282381480887245560602885381805891160155516147783047208644516626028083485883522130756297259367979548185760951,6820569726,282508590840842870767713822506476106219309977496697190398938118848747058388996858845768699814549338656564762961774491121205770763611782320311032295566094417289033252056166971767044261512594518735959103192091629,d+1,210,0.02053
691,282508590840842870767713822506476106219309977496697190398938118848747058388996858845768699814549338656564762961774491121205770763611782320311032295566094417289033252056166971767044261512594518735959103192091629,28552074078,565017181681685741535427645012952212438619954993394380797876237697494116777993717691537399629098677313129525923548982242411541527223564640622064591132188834578066504112333943534088523025189037471918234936257337,d-1,210,0.08542
692,565017181681685741535427645012952212438619954993394380797876237697494116777993717691537399629098677313129525923548982242411541527223564640622064591132188834578066504112333943534088523025189037471918234936257337,11252171172,1130034363363371483070855290025904424877239909986788761595752475394988233555987435383074799258197354626259051847097964484823083054447129281244129182264377669156133008224667887068177046050378074943836481124685847,d+1,210,0.03346
693,1130034363363371483070855290025904424877239909986788761595752475394988233555987435383074799258197354626259051847097964484823083054447129281244129182264377669156133008224667887068177046050378074943836481124685847,27526078632,2260068726726742966141710580051808849754479819973577523191504950789976467111974870766149598516394709252518103694195928969646166108894258562488258364528755338312266016449335774136354092100756149887672989775450327,d+1,211,0.08137
694,2260068726726742966141710580051808849754479819973577523191504950789976467111974870766149598516394709252518103694195928969646166108894258562488258364528755338312266016449335774136354092100756149887672989775450327,4761864402,4520137453453485932283421160103617699508959639947155046383009901579952934223949741532299197032789418505036207388391857939292332217788517124976516729057510676624532032898671548272708184201512299775345984312765057,d+1,211,0.01399
695,4520137453453485932283421160103617699508959639947155046383009901579952934223949741532299197032789418505036207388391857939292332217788517124976516729057510676624532032898671548272708184201512299775345984312765057,1025815794,9040274906906971864566842320207235399017919279894310092766019803159905868447899483064598394065578837010072414776783715878584664435577034249953033458115021353249064065797343096545416368403024599550691969651345909,d-1,211,0.00300
696,9040274906906971864566842320207235399017919279894310092766019803159905868447899483064598394065578837010072414776783715878584664435577034249953033458115021353249064065797343096545416368403024599550691969651345909,591672798,18080549813813943729133684640414470798035838559788620185532039606319811736895798966129196788131157674020144829553567431757169328871154068499906066916230042706498128131594686193090832736806049199101383939894364617,d+1,211,0.00172
697,18080549813813943729133684640414470798035838559788620185532039606319811736895798966129196788131157674020144829553567431757169328871154068499906066916230042706498128131594686193090832736806049199101383939894364617,5262660432,36161099627627887458267369280828941596071677119577240371064079212639623473791597932258393576262315348040289659107134863514338657742308136999812133832460085412996256263189372386181665473612098398202767885051389667,d+1,212,0.01519
698,36161099627627887458267369280828941596071677119577240371064079212639623473791597932258393576262315348040289659107134863514338657742308136999812133832460085412996256263189372386181665473612098398202767885051389667,5426758974,72322199255255774916534738561657883192143354239154480742128158425279246947583195864516787152524630696080579318214269727028677315484616273999624267664920170825992512526378744772363330947224196796405535775529538309,d-1,212,0.01557
699,72322199255255774916534738561657883192143354239154480742128158425279246947583195864516787152524630696080579318214269727028677315484616273999624267664920170825992512526378744772363330947224196796405535775529538309,11526170670,144644398510511549833069477123315766384286708478308961484256316850558493895166391729033574305049261392161158636428539454057354630969232547999248535329840341651985025052757489544726661894448393592811071562585247289,d+1,212,0.03288
700,144644398510511549833069477123315766384286708478308961484256316850558493895166391729033574305049261392161158636428539454057354630969232547999248535329840341651985025052757489544726661894448393592811071562585247289,17295339870,289288797021023099666138954246631532768573416956617922968512633701116987790332783458067148610098522784322317272857078908114709261938465095998497070659680683303970050105514979089453323788896787185622143142465834449,d+1,213,0.04905
701,289288797021023099666138954246631532768573416956617922968512633701116987790332783458067148610098522784322317272857078908114709261938465095998497070659680683303970050105514979089453323788896787185622143142465834449,11247986760,578577594042046199332277908493263065537146833913235845937025267402233975580665566916134297220197045568644634545714157816229418523876930191996994141319361366607940100211029958178906647577793574371244286296179655659,d-1,213,0.03171
702,578577594042046199332277908493263065537146833913235845937025267402233975580665566916134297220197045568644634545714157816229418523876930191996994141319361366607940100211029958178906647577793574371244286296179655659,3775868820,1157155188084092398664555816986526131074293667826471691874050534804467951161331133832268594440394091137289269091428315632458837047753860383993988282638722733215880200422059916357813295155587148742488572596135180139,d-1,213,0.01058
703,1157155188084092398664555816986526131074293667826471691874050534804467951161331133832268594440394091137289269091428315632458837047753860383993988282638722733215880200422059916357813295155587148742488572596135180139,4266020970,2314310376168184797329111633973052262148587335652943383748101069608935902322662267664537188880788182274578538182856631264917674095507720767987976565277445466431760400844119832715626590311174297484977145196536381249,d+1,214,0.01189
704,2314310376168184797329111633973052262148587335652943383748101069608935902322662267664537188880788182274578538182856631264917674095507720767987976565277445466431760400844119832715626590311174297484977145196536381249,4772497560,4628620752336369594658223267946104524297174671305886767496202139217871804645324535329074377761576364549157076365713262529835348191015441535975953130554890932863520801688239665431253180622348594969954290397845260059,d-1,214,0.01322
705,4628620752336369594658223267946104524297174671305886767496202139217871804645324535329074377761576364549157076365713262529835348191015441535975953130554890932863520801688239665431253180622348594969954290397845260059,6899504538,9257241504672739189316446535892209048594349342611773534992404278435743609290649070658148755523152729098314152731426525059670696382030883071951906261109781865727041603376479330862506361244697189939908580802590024657,d-1,214,0.01900
706,9257241504672739189316446535892209048594349342611773534992404278435743609290649070658148755523152729098314152731426525059670696382030883071951906261109781865727041603376479330862506361244697189939908580802590024657,15993953874,18514483009345478378632893071784418097188698685223547069984808556871487218581298141316297511046305458196628305462853050119341392764061766143903812522219563731454083206752958661725012722489394379879817161621174003189,d-1,214,0.04379
707,18514483009345478378632893071784418097188698685223547069984808556871487218581298141316297511046305458196628305462853050119341392764061766143903812522219563731454083206752958661725012722489394379879817161621174003189,12346957158,37028966018690956757265786143568836194377397370447094139969617113742974437162596282632595022092610916393256610925706100238682785528123532287807625044439127462908166413505917323450025444978788759759634323254694963537,d-1,215,0.03360
708,37028966018690956757265786143568836194377397370447094139969617113742974437162596282632595022092610916393256610925706100238682785528123532287807625044439127462908166413505917323450025444978788759759634323254694963537,117566409612,74057932037381913514531572287137672388754794740894188279939234227485948874325192565265190044185221832786513221851412200477365571056247064575615250088878254925816332827011834646900050889957577519519268646626956336687,d+1,215,0.31811
709,74057932037381913514531572287137672388754794740894188279939234227485948874325192565265190044185221832786513221851412200477365571056247064575615250088878254925816332827011834646900050889957577519519268646626956336687,8264968572,148115864074763827029063144574275344777509589481788376559878468454971897748650385130530380088370443665573026443702824400954731142112494129151230500177756509851632665654023669293800101779915155039038537293262177641947,d-1,215,0.02223
710,148115864074763827029063144574275344777509589481788376559878468454971897748650385130530380088370443665573026443702824400954731142112494129151230500177756509851632665654023669293800101779915155039038537293262177641947,16468775244,296231728149527654058126289148550689555019178963576753119756936909943795497300770261060760176740887331146052887405648801909462284224988258302461000355513019703265331308047338587600203559830310078077074586540824059139,d-1,216,0.04404
711,296231728149527654058126289148550689555019178963576753119756936909943795497300770261060760176740887331146052887405648801909462284224988258302461000355513019703265331308047338587600203559830310078077074586540824059139,211391130,592463456299055308116252578297101379110038357927153506239513873819887590994601540522121520353481774662292105774811297603818924568449976516604922000711026039406530662616094677175200407119660620156154149173081859509409,d-1,216,0.00056
712,592463456299055308116252578297101379110038357927153506239513873819887590994601540522121520353481774662292105774811297603818924568449976516604922000711026039406530662616094677175200407119660620156154149173081859509409,271865730,1184926912598110616232505156594202758220076715854307012479027747639775181989203081044243040706963549324584211549622595207637849136899953033209844001422052078813061325232189354350400814239321240312308298346163990884549,d+1,216,0.00072
713,1184926912598110616232505156594202758220076715854307012479027747639775181989203081044243040706963549324584211549622595207637849136899953033209844001422052078813061325232189354350400814239321240312308298346163990884549,8504956458,2369853825196221232465010313188405516440153431708614024958055495279550363978406162088486081413927098649168423099245190415275698273799906066419688002844104157626122650464378708700801628478642480624616596692336486725557,d+1,217,0.02235
714,2369853825196221232465010313188405516440153431708614024958055495279550363978406162088486081413927098649168423099245190415275698273799906066419688002844104157626122650464378708700801628478642480624616596692336486725557,28258805022,4739707650392442464930020626376811032880306863417228049916110990559100727956812324176972162827854197298336846198490380830551396547599812132839376005688208315252245300928757417401603256957284961249233193384701232256137,d-1,217,0.07384
715,4739707650392442464930020626376811032880306863417228049916110990559100727956812324176972162827854197298336846198490380830551396547599812132839376005688208315252245300928757417401603256957284961249233193384701232256137,24423380442,9479415300784884929860041252753622065760613726834456099832221981118201455913624648353944325655708394596673692396980761661102793095199624265678752011376416630504490601857514834803206513914569922498466386769426887892717,d-1,217,0.06345
716,9479415300784884929860041252753622065760613726834456099832221981118201455913624648353944325655708394596673692396980761661102793095199624265678752011376416630504490601857514834803206513914569922498466386769426887892717,2297519562,18958830601569769859720082505507244131521227453668912199664443962236402911827249296707888651311416789193347384793961523322205586190399248531357504022752833261008981203715029669606413027829139844996932773538856073304997,both,217,0.00593
717,18958830601569769859720082505507244131521227453668912199664443962236402911827249296707888651311416789193347384793961523322205586190399248531357504022752833261008981203715029669606413027829139844996932773538856073304997,273169932,37917661203139539719440165011014488263042454907337824399328887924472805823654498593415777302622833578386694769587923046644411172380798497062715008045505666522017962407430059339212826055658279689993865547077712419779927,d+1,218,0.00070
718,37917661203139539719440165011014488263042454907337824399328887924472805823654498593415777302622833578386694769587923046644411172380798497062715008045505666522017962407430059339212826055658279689993865547077712419779927,121824445362,75835322406279079438880330022028976526084909814675648798657775848945611647308997186831554605245667156773389539175846093288822344761596994125430016091011333044035924814860118678425652111316559379987731094155546664005217,d+1,218,0.31107
719,75835322406279079438880330022028976526084909814675648798657775848945611647308997186831554605245667156773389539175846093288822344761596994125430016091011333044035924814860118678425652111316559379987731094155546664005217,4553853252,151670644812558158877760660044057953052169819629351297597315551697891223294617994373663109210491334313546779078351692186577644689523193988250860032182022666088071849629720237356851304222633118759975462188311097881863687,d-1,218,0.01156
720,151670644812558158877760660044057953052169819629351297597315551697891223294617994373663109210491334313546779078351692186577644689523193988250860032182022666088071849629720237356851304222633118759975462188311097881863687,103550263044,303341289625116317755521320088115906104339639258702595194631103395782446589235988747326218420982668627093558156703384373155289379046387976501720064364045332176143699259440474713702608445266237519950924376622299313990419,d-1,219,0.26138
721,303341289625116317755521320088115906104339639258702595194631103395782446589235988747326218420982668627093558156703384373155289379046387976501720064364045332176143699259440474713702608445266237519950924376622299313990419,4832752278,606682579250232635511042640176231812208679278517405190389262206791564893178471977494652436841965337254187116313406768746310578758092775953003440128728090664352287398518880949427405216890532475039901848753244603460733117,d+1,219,0.01213
722,606682579250232635511042640176231812208679278517405190389262206791564893178471977494652436841965337254187116313406768746310578758092775953003440128728090664352287398518880949427405216890532475039901848753244603460733117,19287600714,1213365158500465271022085280352463624417358557034810380778524413583129786356943954989304873683930674508374232626813537492621157516185551906006880257456181328704574797037761898854810433781064950079803697506489226209066949,d-1,219,0.04813
723,1213365158500465271022085280352463624417358557034810380778524413583129786356943954989304873683930674508374232626813537492621157516185551906006880257456181328704574797037761898854810433781064950079803697506489226209066949,25725769602,2426730317000930542044170560704927248834717114069620761557048827166259572713887909978609747367861349016748465253627074985242315032371103812013760514912362657409149594075523797709620867562129900159607395012978478143903501,d+1,220,0.06383
724,2426730317000930542044170560704927248834717114069620761557048827166259572713887909978609747367861349016748465253627074985242315032371103812013760514912362657409149594075523797709620867562129900159607395012978478143903501,34174964736,4853460634001861084088341121409854497669434228139241523114097654332519145427775819957219494735722698033496930507254149970484630064742207624027521029824725314818299188151047595419241735124259800319214790025956990462771739,d+1,220,0.08431
725,4853460634001861084088341121409854497669434228139241523114097654332519145427775819957219494735722698033496930507254149970484630064742207624027521029824725314818299188151047595419241735124259800319214790025956990462771739,8433928560,9706921268003722168176682242819708995338868456278483046228195308665038290855551639914438989471445396066993861014508299940969260129484415248055042059649450629636598376302095190838483470248519600638429580051913989359472039,d+1,220,0.02069
726,9706921268003722168176682242819708995338868456278483046228195308665038290855551639914438989471445396066993861014508299940969260129484415248055042059649450629636598376302095190838483470248519600638429580051913989359472039,3182686482,19413842536007444336353364485639417990677736912556966092456390617330076581711103279828877978942890792133987722029016599881938520258968830496110084119298901259273196752604190381676966940497039201276859160103827981901630561,d+1,220,0.00776
727,19413842536007444336353364485639417990677736912556966092456390617330076581711103279828877978942890792133987722029016599881938520258968830496110084119298901259273196752604190381676966940497039201276859160103827981901630561,9143624538,38827685072014888672706728971278835981355473825113932184912781234660153163422206559657755957885781584267975444058033199763877040517937660992220168238597802518546393505208380763353933880994078402553718320207655972946885661,d-1,221,0.02218
728,38827685072014888672706728971278835981355473825113932184912781234660153163422206559657755957885781584267975444058033199763877040517937660992220168238597802518546393505208380763353933880994078402553718320207655972946885661,4905644898,77655370144029777345413457942557671962710947650227864369825562469320306326844413119315511915771563168535950888116066399527754081035875321984440336477195605037092787010416761526707867761988156805107436640415311950799416221,d-1,221,0.01183
729,77655370144029777345413457942557671962710947650227864369825562469320306326844413119315511915771563168535950888116066399527754081035875321984440336477195605037092787010416761526707867761988156805107436640415311950799416221,16686183126,155310740288059554690826915885115343925421895300455728739651124938640612653688826238631023831543126337071901776232132799055508162071750643968880672954391210074185574020833523053415735523976313610214873280830623918285015569,d+1,221,0.04001
730,155310740288059554690826915885115343925421895300455728739651124938640612653688826238631023831543126337071901776232132799055508162071750643968880672954391210074185574020833523053415735523976313610214873280830623918285015569,10558903998,310621480576119109381653831770230687850843790600911457479302249877281225307377652477262047663086252674143803552464265598111016324143501287937761345908782420148371148041667046106831471047952627220429746561661247847128935137,d-1,222,0.02518
731,310621480576119109381653831770230687850843790600911457479302249877281225307377652477262047663086252674143803552464265598111016324143501287937761345908782420148371148041667046106831471047952627220429746561661247847128935137,6650210112,621242961152238218763307663540461375701687581201822914958604499754562450614755304954524095326172505348287607104928531196222032648287002575875522691817564840296742296083334092213662942095905254440859493123322495700908080387,d+1,222,0.01577
732,621242961152238218763307663540461375701687581201822914958604499754562450614755304954524095326172505348287607104928531196222032648287002575875522691817564840296742296083334092213662942095905254440859493123322495700908080387,40434733182,1242485922304476437526615327080922751403375162403645829917208999509124901229510609909048190652345010696575214209857062392444065296574005151751045383635129680593484592166668184427325884191810508881718986246644991442250893957,d-1,222,0.09533
733,1242485922304476437526615327080922751403375162403645829917208999509124901229510609909048190652345010696575214209857062392444065296574005151751045383635129680593484592166668184427325884191810508881718986246644991442250893957,33076968912,2484971844608952875053230654161845502806750324807291659834417999018249802459021219818096381304690021393150428419714124784888130593148010303502090767270259361186969184333336368854651768383621017763437972493289982917578756827,d+1,223,0.07754
734,2484971844608952875053230654161845502806750324807291659834417999018249802459021219818096381304690021393150428419714124784888130593148010303502090767270259361186969184333336368854651768383621017763437972493289982917578756827,9761438892,4969943689217905750106461308323691005613500649614583319668835998036499604918042439636192762609380042786300856839428249569776261186296020607004181534540518722373938368666672737709303536767242035526875944986579965844918952547,d-1,223,0.02275
735,4969943689217905750106461308323691005613500649614583319668835998036499604918042439636192762609380042786300856839428249569776261186296020607004181534540518722373938368666672737709303536767242035526875944986579965844918952547,2276182062,9939887378435811500212922616647382011227001299229166639337671996072999209836084879272385525218760085572601713678856499139552522372592041214008363069081037444747876737333345475418607073534484071053751889973159931692114087157,d-1,223,0.00528
736,9939887378435811500212922616647382011227001299229166639337671996072999209836084879272385525218760085572601713678856499139552522372592041214008363069081037444747876737333345475418607073534484071053751889973159931692114087157,2829226632,19879774756871623000425845233294764022454002598458333278675343992145998419672169758544771050437520171145203427357712998279105044745184082428016726138162074889495753474666690950837214147068968142107503779946319863387057400947,d+1,223,0.00652
737,19879774756871623000425845233294764022454002598458333278675343992145998419672169758544771050437520171145203427357712998279105044745184082428016726138162074889495753474666690950837214147068968142107503779946319863387057400947,19429222932,39759549513743246000851690466589528044908005196916666557350687984291996839344339517089542100875040342290406854715425996558210089490368164856033452276324149778991506949333381901674428294137936284215007559892639726793544024827,d+1,224,0.04453
738,39759549513743246000851690466589528044908005196916666557350687984291996839344339517089542100875040342290406854715425996558210089490368164856033452276324149778991506949333381901674428294137936284215007559892639726793544024827,4162442724,79519099027486492001703380933179056089816010393833333114701375968583993678688679034179084201750080684580813709430851993116420178980736329712066904552648299557983013898666763803348856588275872568430015119785279453591250492379,d-1,224,0.00949
739,79519099027486492001703380933179056089816010393833333114701375968583993678688679034179084201750080684580813709430851993116420178980736329712066904552648299557983013898666763803348856588275872568430015119785279453591250492379,2574393708,159038198054972984003406761866358112179632020787666666229402751937167987357377358068358168403500161369161627418861703986232840357961472659424133809105296599115966027797333527606697713176551745136860030239570558907185075378467,d+1,224,0.00584
740,159038198054972984003406761866358112179632020787666666229402751937167987357377358068358168403500161369161627418861703986232840357961472659424133809105296599115966027797333527606697713176551745136860030239570558907185075378467,5120308662,318076396109945968006813523732716224359264041575333332458805503874335974714754716136716336807000322738323254837723407972465680715922945318848267618210593198231932055594667055213395426353103490273720060479141117814375271065597,d+1,225,0.01154
741,318076396109945968006813523732716224359264041575333332458805503874335974714754716136716336807000322738323254837723407972465680715922945318848267618210593198231932055594667055213395426353103490273720060479141117814375271065597,82203307932,636152792219891936013627047465432448718528083150666664917611007748671949429509432273432673614000645476646509675446815944931361431845890637696535236421186396463864111189334110426790852706206980547440120958282235628832745439127,d+1,225,0.18425
742,636152792219891936013627047465432448718528083150666664917611007748671949429509432273432673614000645476646509675446815944931361431845890637696535236421186396463864111189334110426790852706206980547440120958282235628832745439127,13274558742,1272305584439783872027254094930864897437056166301333329835222015497343898859018864546865347228001290953293019350893631889862722863691781275393070472842372792927728222378668220853581705412413961094880241916564471257678765436997,d-1,225,0.02959
743,1272305584439783872027254094930864897437056166301333329835222015497343898859018864546865347228001290953293019350893631889862722863691781275393070472842372792927728222378668220853581705412413961094880241916564471257678765436997,79259301762,2544611168879567744054508189861729794874112332602666659670444030994687797718037729093730694456002581906586038701787263779725445727383562550786140945684745585855456444757336441707163410824827922189760483833128942515436790175757,both,226,0.17568
744,2544611168879567744054508189861729794874112332602666659670444030994687797718037729093730694456002581906586038701787263779725445727383562550786140945684745585855456444757336441707163410824827922189760483833128942515436790175757,10001595624,5089222337759135488109016379723459589748224665205333319340888061989375595436075458187461388912005163813172077403574527559450891454767125101572281891369491171710912889514672883414326821649655844379520967666257885030883581947139,d-1,226,0.02205
745,5089222337759135488109016379723459589748224665205333319340888061989375595436075458187461388912005163813172077403574527559450891454767125101572281891369491171710912889514672883414326821649655844379520967666257885030883581947139,22013007408,10178444675518270976218032759446919179496449330410666638681776123978751190872150916374922777824010327626344154807149055118901782909534250203144563782738982343421825779029345766828653643299311688759041935332515770061789176901687,d-1,226,0.04825
746,10178444675518270976218032759446919179496449330410666638681776123978751190872150916374922777824010327626344154807149055118901782909534250203144563782738982343421825779029345766828653643299311688759041935332515770061789176901687,21537017424,20356889351036541952436065518893838358992898660821333277363552247957502381744301832749845555648020655252688309614298110237803565819068500406289127565477964686843651558058691533657307286598623377518083870665031540123599890820799,d-1,227,0.04695
747,20356889351036541952436065518893838358992898660821333277363552247957502381744301832749845555648020655252688309614298110237803565819068500406289127565477964686843651558058691533657307286598623377518083870665031540123599890820799,230891670,40713778702073083904872131037787676717985797321642666554727104495915004763488603665499691111296041310505376619228596220475607131638137000812578255130955929373687303116117383067314614573197246755036167741330063080247200012533269,d-1,227,0.00050
748,40713778702073083904872131037787676717985797321642666554727104495915004763488603665499691111296041310505376619228596220475607131638137000812578255130955929373687303116117383067314614573197246755036167741330063080247200012533269,1003002522,81427557404146167809744262075575353435971594643285333109454208991830009526977207330999382222592082621010753238457192440951214263276274001625156510261911858747374606232234766134629229146394493510072335482660126160494401028069061,d+1,227,0.00216
749,81427557404146167809744262075575353435971594643285333109454208991830009526977207330999382222592082621010753238457192440951214263276274001625156510261911858747374606232234766134629229146394493510072335482660126160494401028069061,72459235758,162855114808292335619488524151150706871943189286570666218908417983660019053954414661998764445184165242021506476914384881902428526552548003250313020523823717494749212464469532269258458292788987020144670965320252320988874515373881,d+1,227,0.15536
750,162855114808292335619488524151150706871943189286570666218908417983660019053954414661998764445184165242021506476914384881902428526552548003250313020523823717494749212464469532269258458292788987020144670965320252320988874515373881,9129867996,325710229616584671238977048302301413743886378573141332437816835967320038107908829323997528890368330484043012953828769763804857053105096006500626041047647434989498424928939064538516916585577974040289341930640504641977758160615759,d+1,228,0.01947
751,325710229616584671238977048302301413743886378573141332437816835967320038107908829323997528890368330484043012953828769763804857053105096006500626041047647434989498424928939064538516916585577974040289341930640504641977758160615759,15006378222,651420459233169342477954096604602827487772757146282664875633671934640076215817658647995057780736660968086025907657539527609714106210192013001252082095294869978996849857878129077033833171155948080578683861281009283955531327609741,d+1,228,0.03182
752,651420459233169342477954096604602827487772757146282664875633671934640076215817658647995057780736660968086025907657539527609714106210192013001252082095294869978996849857878129077033833171155948080578683861281009283955531327609741,122147281236,1302840918466338684955908193209205654975545514292565329751267343869280152431635317295990115561473321936172051815315079055219428212420384026002504164190589739957993699715756258154067666342311896161157367722562018567911184802500719,d+1,228,0.25760
753,1302840918466338684955908193209205654975545514292565329751267343869280152431635317295990115561473321936172051815315079055219428212420384026002504164190589739957993699715756258154067666342311896161157367722562018567911184802500719,1449981618,2605681836932677369911816386418411309951091028585130659502534687738560304863270634591980231122946643872344103630630158110438856424840768052005008328381179479915987399431512516308135332684623792322314735445124037135822371054983057,d+1,229,0.00304
754,2605681836932677369911816386418411309951091028585130659502534687738560304863270634591980231122946643872344103630630158110438856424840768052005008328381179479915987399431512516308135332684623792322314735445124037135822371054983057,9282682542,5211363673865354739823632772836822619902182057170261319005069375477120609726541269183960462245893287744688207261260316220877712849681536104010016656762358959831974798863025032616270665369247584644629470890248074271644751392648657,d+1,229,0.01936
755,5211363673865354739823632772836822619902182057170261319005069375477120609726541269183960462245893287744688207261260316220877712849681536104010016656762358959831974798863025032616270665369247584644629470890248074271644751392648657,23617118172,10422727347730709479647265545673645239804364114340522638010138750954241219453082538367920924491786575489376414522520632441755425699363072208020033313524717919663949597726050065232541330738495169289258941780496148543289526402415487,d-1,229,0.04899
756,10422727347730709479647265545673645239804364114340522638010138750954241219453082538367920924491786575489376414522520632441755425699363072208020033313524717919663949597726050065232541330738495169289258941780496148543289526402415487,85344743322,20845454695461418959294531091347290479608728228681045276020277501908482438906165076735841848983573150978752829045041264883510851398726144416040066627049435839327899195452100130465082661476990338578517883560992297086579138149574297,d-1,230,0.17608
757,20845454695461418959294531091347290479608728228681045276020277501908482438906165076735841848983573150978752829045041264883510851398726144416040066627049435839327899195452100130465082661476990338578517883560992297086579138149574297,7413306672,41690909390922837918589062182694580959217456457362090552040555003816964877812330153471683697967146301957505658090082529767021702797452288832080133254098871678655798390904200260930165322953980677157035767121984594173158283712455267,d+1,230,0.01521
758,41690909390922837918589062182694580959217456457362090552040555003816964877812330153471683697967146301957505658090082529767021702797452288832080133254098871678655798390904200260930165322953980677157035767121984594173158283712455267,24904364022,83381818781845675837178124365389161918434912914724181104081110007633929755624660306943367395934292603915011316180165059534043405594904577664160266508197743357311596781808400521860330645907961354314071534243969188346316592329274557,d-1,230,0.05082
759,83381818781845675837178124365389161918434912914724181104081110007633929755624660306943367395934292603915011316180165059534043405594904577664160266508197743357311596781808400521860330645907961354314071534243969188346316592329274557,14482546734,166763637563691351674356248730778323836869825829448362208162220015267859511249320613886734791868585207830022632360330119068086811189809155328320533016395486714623193563616801043720661291815922708628143068487938376692633199141095849,d-1,230,0.02940
760,166763637563691351674356248730778323836869825829448362208162220015267859511249320613886734791868585207830022632360330119068086811189809155328320533016395486714623193563616801043720661291815922708628143068487938376692633199141095849,65791096140,333527275127382703348712497461556647673739651658896724416324440030535719022498641227773469583737170415660045264720660238136173622379618310656641066032790973429246387127233602087441322583631845417256286136975876753385266464073287839,d+1,231,0.13281
761,333527275127382703348712497461556647673739651658896724416324440030535719022498641227773469583737170415660045264720660238136173622379618310656641066032790973429246387127233602087441322583631845417256286136975876753385266464073287839,21720619572,667054550254765406697424994923113295347479303317793448832648880061071438044997282455546939167474340831320090529441320476272347244759236621313282132065581946858492774254467204174882645167263690834512572273951753506770532949867195251,d+1,231,0.04361
762,667054550254765406697424994923113295347479303317793448832648880061071438044997282455546939167474340831320090529441320476272347244759236621313282132065581946858492774254467204174882645167263690834512572273951753506770532949867195251,108824022798,1334109100509530813394849989846226590694958606635586897665297760122142876089994564911093878334948681662640181058882640952544694489518473242626564264131163893716985548508934408349765290334527381669025144547903507013541066008558413301,d+1,231,0.21731
763,1334109100509530813394849989846226590694958606635586897665297760122142876089994564911093878334948681662640181058882640952544694489518473242626564264131163893716985548508934408349765290334527381669025144547903507013541066008558413301,28989909006,2668218201019061626789699979692453181389917213271173795330595520244285752179989129822187756669897363325280362117765281905089388979036946485253128528262327787433971097017868816699530580669054763338050289095807014027082132046106735609,d+1,232,0.05758
764,2668218201019061626789699979692453181389917213271173795330595520244285752179989129822187756669897363325280362117765281905089388979036946485253128528262327787433971097017868816699530580669054763338050289095807014027082132046106735609,9042602022,5336436402038123253579399959384906362779834426542347590661191040488571504359978259644375513339794726650560724235530563810178777958073892970506257056524655574867942194035737633399061161338109526676100578191614028054164264101256073241,d-1,232,0.01786
765,5336436402038123253579399959384906362779834426542347590661191040488571504359978259644375513339794726650560724235530563810178777958073892970506257056524655574867942194035737633399061161338109526676100578191614028054164264101256073241,12036747978,10672872804076246507158799918769812725559668853084695181322382080977143008719956519288751026679589453301121448471061127620357555916147785941012514113049311149735884388071475266798122322676219053352201156383228056108328528214548894461,d-1,232,0.02365
766,10672872804076246507158799918769812725559668853084695181322382080977143008719956519288751026679589453301121448471061127620357555916147785941012514113049311149735884388071475266798122322676219053352201156383228056108328528214548894461,10454750196,21345745608152493014317599837539625451119337706169390362644764161954286017439913038577502053359178906602242896942122255240715111832295571882025028226098622299471768776142950533596244645352438106704402312766456112216657056439552539119,d+1,233,0.02043
767,21345745608152493014317599837539625451119337706169390362644764161954286017439913038577502053359178906602242896942122255240715111832295571882025028226098622299471768776142950533596244645352438106704402312766456112216657056439552539119,29670002250,42691491216304986028635199675079250902238675412338780725289528323908572034879826077155004106718357813204485793884244510481430223664591143764050056452197244598943537552285901067192489290704876213408804625532912224433314112908775080489,d-1,233,0.05767
768,42691491216304986028635199675079250902238675412338780725289528323908572034879826077155004106718357813204485793884244510481430223664591143764050056452197244598943537552285901067192489290704876213408804625532912224433314112908775080489,141345923442,85382982432609972057270399350158501804477350824677561450579056647817144069759652154310008213436715626408971587768489020962860447329182287528100112904394489197887075104571802134384978581409752426817609251065824448866628225958896084421,d+1,233,0.27325
769,85382982432609972057270399350158501804477350824677561450579056647817144069759652154310008213436715626408971587768489020962860447329182287528100112904394489197887075104571802134384978581409752426817609251065824448866628225958896084421,98209516296,170765964865219944114540798700317003608954701649355122901158113295634288139519304308620016426873431252817943175536978041925720894658364575056200225808788978395774150209143604268769957162819504853635218502131648897733256452016001685139,d+1,233,0.18884
770,170765964865219944114540798700317003608954701649355122901158113295634288139519304308620016426873431252817943175536978041925720894658364575056200225808788978395774150209143604268769957162819504853635218502131648897733256452016001685139,46098670740,341531929730439888229081597400634007217909403298710245802316226591268576279038608617240032853746862505635886351073956083851441789316729150112400451617577956791548300418287208537539914325639009707270437004263297795466512904078102041019,d+1,234,0.08816
771,341531929730439888229081597400634007217909403298710245802316226591268576279038608617240032853746862505635886351073956083851441789316729150112400451617577956791548300418287208537539914325639009707270437004263297795466512904078102041019,8066737920,683063859460879776458163194801268014435818806597420491604632453182537152558077217234480065707493725011271772702147912167702883578633458300224800903235155913583096600836574417075079828651278019414540874008526595590933025808164270819959,d-1,234,0.01535
772,683063859460879776458163194801268014435818806597420491604632453182537152558077217234480065707493725011271772702147912167702883578633458300224800903235155913583096600836574417075079828651278019414540874008526595590933025808164270819959,59313147942,1366127718921759552916326389602536028871637613194840983209264906365074305116154434468960131414987450022543545404295824335405767157266916600449601806470311827166193201673148834150159657302556038829081748017053191181866051616387854787861,d-1,234,0.11223
773,1366127718921759552916326389602536028871637613194840983209264906365074305116154434468960131414987450022543545404295824335405767157266916600449601806470311827166193201673148834150159657302556038829081748017053191181866051616387854787861,4017690498,2732255437843519105832652779205072057743275226389681966418529812730148610232308868937920262829974900045087090808591648670811534314533833200899203612940623654332386403346297668300319314605112077658163496034106382363732103232779727266221,d+1,235,0.00756
774,2732255437843519105832652779205072057743275226389681966418529812730148610232308868937920262829974900045087090808591648670811534314533833200899203612940623654332386403346297668300319314605112077658163496034106382363732103232779727266221,14177662878,5464510875687038211665305558410144115486550452779363932837059625460297220464617737875840525659949800090174181617183297341623068629067666401798407225881247308664772806692595336600638629210224155316326992068212764727464206465573632195321,d+1,235,0.02654
775,5464510875687038211665305558410144115486550452779363932837059625460297220464617737875840525659949800090174181617183297341623068629067666401798407225881247308664772806692595336600638629210224155316326992068212764727464206465573632195321,2137403298,10929021751374076423330611116820288230973100905558727865674119250920594440929235475751681051319899600180348363234366594683246137258135332803596814451762494617329545613385190673201277258420448310632653984136425529454928412931149401793941,d+1,235,0.00398
776,10929021751374076423330611116820288230973100905558727865674119250920594440929235475751681051319899600180348363234366594683246137258135332803596814451762494617329545613385190673201277258420448310632653984136425529454928412931149401793941,5274276906,21858043502748152846661222233640576461946201811117455731348238501841188881858470951503362102639799200360696726468733189366492274516270665607193628903524989234659091226770381346402554516840896621265307968272851058909856825862304077864789,d+1,236,0.00977
777,21858043502748152846661222233640576461946201811117455731348238501841188881858470951503362102639799200360696726468733189366492274516270665607193628903524989234659091226770381346402554516840896621265307968272851058909856825862304077864789,6499193400,43716087005496305693322444467281152923892403622234911462696477003682377763716941903006724205279598400721393452937466378732984549032541331214387257807049978469318182453540762692805109033681793242530615936545702117819713651724614654922979,d-1,236,0.01197
778,43716087005496305693322444467281152923892403622234911462696477003682377763716941903006724205279598400721393452937466378732984549032541331214387257807049978469318182453540762692805109033681793242530615936545702117819713651724614654922979,29157121560,87432174010992611386644888934562305847784807244469822925392954007364755527433883806013448410559196801442786905874932757465969098065082662428774515614099956938636364907081525385610218067363586485061231873091404235639427303449258466967519,d+1,236,0.05343
779,87432174010992611386644888934562305847784807244469822925392954007364755527433883806013448410559196801442786905874932757465969098065082662428774515614099956938636364907081525385610218067363586485061231873091404235639427303449258466967519,24813891858,174864348021985222773289777869124611695569614488939645850785908014729511054867767612026896821118393602885573811749865514931938196130165324857549031228199913877272729814163050771220436134727172970122463746182808471278854606898541747826897,d+1,236,0.04523
780,174864348021985222773289777869124611695569614488939645850785908014729511054867767612026896821118393602885573811749865514931938196130165324857549031228199913877272729814163050771220436134727172970122463746182808471278854606898541747826897,1797877392,349728696043970445546579555738249223391139228977879291701571816029459022109735535224053793642236787205771147623499731029863876392260330649715098062456399827754545459628326101542440872269454345940244927492365616942557709213797085293531187,d-1,237,0.00326
781,349728696043970445546579555738249223391139228977879291701571816029459022109735535224053793642236787205771147623499731029863876392260330649715098062456399827754545459628326101542440872269454345940244927492365616942557709213797085293531187,37523362752,699457392087940891093159111476498446782278457955758583403143632058918044219471070448107587284473574411542295246999462059727752784520661299430196124912799655509090919256652203084881744538908691880489854984731233885115418427594208110425127,d+1,237,0.06768
782,699457392087940891093159111476498446782278457955758583403143632058918044219471070448107587284473574411542295246999462059727752784520661299430196124912799655509090919256652203084881744538908691880489854984731233885115418427594208110425127,11945908242,1398914784175881782186318222952996893564556915911517166806287264117836088438942140896215174568947148823084590493998924119455505569041322598860392249825599311018181838513304406169763489077817383760979709969462467770230836855188428166758497,d-1,237,0.02143
783,1398914784175881782186318222952996893564556915911517166806287264117836088438942140896215174568947148823084590493998924119455505569041322598860392249825599311018181838513304406169763489077817383760979709969462467770230836855188428166758497,11404008024,2797829568351763564372636445905993787129113831823034333612574528235672176877884281792430349137894297646169180987997848238911011138082645197720784499651198622036363677026608812339526978155634767521959419938924935540461673710376867737525019,d-1,238,0.02035
784,2797829568351763564372636445905993787129113831823034333612574528235672176877884281792430349137894297646169180987997848238911011138082645197720784499651198622036363677026608812339526978155634767521959419938924935540461673710376867737525019,498213942,5595659136703527128745272891811987574258227663646068667225149056471344353755768563584860698275788595292338361975995696477822022276165290395441568999302397244072727354053217624679053956311269535043918839877849871080923347420753735973263981,d-1,238,0.00088
785,5595659136703527128745272891811987574258227663646068667225149056471344353755768563584860698275788595292338361975995696477822022276165290395441568999302397244072727354053217624679053956311269535043918839877849871080923347420753735973263981,41270493498,11191318273407054257490545783623975148516455327292137334450298112942688707511537127169721396551577190584676723951991392955644044552330580790883137998604794488145454708106435249358107912622539070087837679755699742161846694841507513217021461,d+1,238,0.07288
786,11191318273407054257490545783623975148516455327292137334450298112942688707511537127169721396551577190584676723951991392955644044552330580790883137998604794488145454708106435249358107912622539070087837679755699742161846694841507513217021461,11636680788,22382636546814108514981091567247950297032910654584274668900596225885377415023074254339442793103154381169353447903982785911288089104661161581766275997209588976290909416212870498716215825245078140175675359511399484323693389683015038070723711,d-1,239,0.02044
787,22382636546814108514981091567247950297032910654584274668900596225885377415023074254339442793103154381169353447903982785911288089104661161581766275997209588976290909416212870498716215825245078140175675359511399484323693389683015038070723711,46828419108,44765273093628217029962183134495900594065821309168549337801192451770754830046148508678885586206308762338706895807965571822576178209322323163532551994419177952581818832425740997432431650490156280351350719022798968647386779366030122969866531,both,239,0.08183
788,44765273093628217029962183134495900594065821309168549337801192451770754830046148508678885586206308762338706895807965571822576178209322323163532551994419177952581818832425740997432431650490156280351350719022798968647386779366030122969866531,9721518,89530546187256434059924366268991801188131642618337098675602384903541509660092297017357771172412617524677413791615931143645152356418644646327065103988838355905163637664851481994864863300980312560702701438045597937294773558732060245949454581,d+1,239,0.00002
789,89530546187256434059924366268991801188131642618337098675602384903541509660092297017357771172412617524677413791615931143645152356418644646327065103988838355905163637664851481994864863300980312560702701438045597937294773558732060245949454581,87651623406,179061092374512868119848732537983602376263285236674197351204769807083019320184594034715542344825235049354827583231862287290304712837289292654130207977676711810327275329702963989729726601960625121405402876091195874589547117464120579550532569,d+1,239,0.15157
790,179061092374512868119848732537983602376263285236674197351204769807083019320184594034715542344825235049354827583231862287290304712837289292654130207977676711810327275329702963989729726601960625121405402876091195874589547117464120579550532569,13805465538,358122184749025736239697465075967204752526570473348394702409539614166038640369188069431084689650470098709655166463724574580609425674578585308260415955353423620654550659405927979459453203921250242810805752182391749179094234928241172906530677,d-1,240,0.02375
791,358122184749025736239697465075967204752526570473348394702409539614166038640369188069431084689650470098709655166463724574580609425674578585308260415955353423620654550659405927979459453203921250242810805752182391749179094234928241172906530677,7800832812,716244369498051472479394930151934409505053140946696789404819079228332077280738376138862169379300940197419310332927449149161218851349157170616520831910706847241309101318811855958918906407842500485621611504364783498358188469856482353613894167,d-1,240,0.01335
792,716244369498051472479394930151934409505053140946696789404819079228332077280738376138862169379300940197419310332927449149161218851349157170616520831910706847241309101318811855958918906407842500485621611504364783498358188469856482353613894167,12913083984,1432488738996102944958789860303868819010106281893393578809638158456664154561476752277724338758601880394838620665854898298322437702698314341233041663821413694482618202637623711917837812815685000971243223008729566996716376939712964720140872319,d-1,240,0.02198
793,1432488738996102944958789860303868819010106281893393578809638158456664154561476752277724338758601880394838620665854898298322437702698314341233041663821413694482618202637623711917837812815685000971243223008729566996716376939712964720140872319,9952896978,2864977477992205889917579720607737638020212563786787157619276316913328309122953504555448677517203760789677241331709796596644875405396628682466083327642827388965236405275247423835675625631370001942486446017459133993432753879425929450234641617,d+1,241,0.01685
794,2864977477992205889917579720607737638020212563786787157619276316913328309122953504555448677517203760789677241331709796596644875405396628682466083327642827388965236405275247423835675625631370001942486446017459133993432753879425929450234641617,4578525762,5729954955984411779835159441215475276040425127573574315238552633826656618245907009110897355034407521579354482663419593193289750810793257364932166655285654777930472810550494847671351251262740003884972892034918267986865507758851858905047808997,d-1,241,0.00771
795,5729954955984411779835159441215475276040425127573574315238552633826656618245907009110897355034407521579354482663419593193289750810793257364932166655285654777930472810550494847671351251262740003884972892034918267986865507758851858905047808997,84279264912,11459909911968823559670318882430950552080850255147148630477105267653313236491814018221794710068815043158708965326839186386579501621586514729864333310571309555860945621100989695342702502525480007769945784069836535973731015517703717894374882907,d-1,241,0.14124
796,11459909911968823559670318882430950552080850255147148630477105267653313236491814018221794710068815043158708965326839186386579501621586514729864333310571309555860945621100989695342702502525480007769945784069836535973731015517703717894374882907,26303802342,22919819823937647119340637764861901104161700510294297260954210535306626472983628036443589420137630086317417930653678372773159003243173029459728666621142619111721891242201979390685405005050960015539891568139673071947462031035407435815053568157,d-1,242,0.04385
797,22919819823937647119340637764861901104161700510294297260954210535306626472983628036443589420137630086317417930653678372773159003243173029459728666621142619111721891242201979390685405005050960015539891568139673071947462031035407435815053568157,27843826884,45839639647875294238681275529723802208323401020588594521908421070613252945967256072887178840275260172634835861307356745546318006486346058919457333242285238223443782484403958781370810010101920031079783136279346143894924062070814871657950963199,d-1,242,0.04618
798,45839639647875294238681275529723802208323401020588594521908421070613252945967256072887178840275260172634835861307356745546318006486346058919457333242285238223443782484403958781370810010101920031079783136279346143894924062070814871657950963199,35924340852,91679279295750588477362551059447604416646802041177189043816842141226505891934512145774357680550520345269671722614713491092636012972692117838914666484570476446887564968807917562741620020203840062159566272558692287789848124141629743351826267251,d+1,242,0.05928
799,91679279295750588477362551059447604416646802041177189043816842141226505891934512145774357680550520345269671722614713491092636012972692117838914666484570476446887564968807917562741620020203840062159566272558692287789848124141629743351826267251,24058497288,183358558591501176954725102118895208833293604082354378087633684282453011783869024291548715361101040690539343445229426982185272025945384235677829332969140952893775129937615835125483240040407680124319132545117384575579696248283259486727711031791,d+1,242,0.03949
800,183358558591501176954725102118895208833293604082354378087633684282453011783869024291548715361101040690539343445229426982185272025945384235677829332969140952893775129937615835125483240040407680124319132545117384575579696248283259486727711031791,9414563148,366717117183002353909450204237790417666587208164708756175267368564906023567738048583097430722202081381078686890458853964370544051890768471355658665938281905787550259875231670250966480080815360248638265090234769151159392496566518973464836626731,d+1,243,0.01537
801,366717117183002353909450204237790417666587208164708756175267368564906023567738048583097430722202081381078686890458853964370544051890768471355658665938281905787550259875231670250966480080815360248638265090234769151159392496566518973464836626731,11120236908,733434234366004707818900408475580835333174416329417512350534737129812047135476097166194861444404162762157373780917707928741088103781536942711317331876563811575100519750463340501932960161630720497276530180469538302318784993133037946940793490371,d+1,243,0.01807
802,733434234366004707818900408475580835333174416329417512350534737129812047135476097166194861444404162762157373780917707928741088103781536942711317331876563811575100519750463340501932960161630720497276530180469538302318784993133037946940793490371,28790777838,1466868468732009415637800816951161670666348832658835024701069474259624094270952194332389722888808325524314747561835415857482176207563073885422634663753127623150201039500926681003865920323261440994553060360939076604637569986266075893910377758581,d-1,243,0.04653
803,1466868468732009415637800816951161670666348832658835024701069474259624094270952194332389722888808325524314747561835415857482176207563073885422634663753127623150201039500926681003865920323261440994553060360939076604637569986266075893910377758581,2804186568,2933736937464018831275601633902323341332697665317670049402138948519248188541904388664779445777616651048629495123670831714964352415126147770845269327506255246300402079001853362007731840646522881989106120721878153209275139972532151787823559703731,d+1,244,0.00451
804,2933736937464018831275601633902323341332697665317670049402138948519248188541904388664779445777616651048629495123670831714964352415126147770845269327506255246300402079001853362007731840646522881989106120721878153209275139972532151787823559703731,3672158388,5867473874928037662551203267804646682665395330635340098804277897038496377083808777329558891555233302097258990247341663429928704830252295541690538655012510492600804158003706724015463681293045763978212241443756306418550279945064303575650791565851,d-1,244,0.00587
805,5867473874928037662551203267804646682665395330635340098804277897038496377083808777329558891555233302097258990247341663429928704830252295541690538655012510492600804158003706724015463681293045763978212241443756306418550279945064303575650791565851,21732126186,11734947749856075325102406535609293365330790661270680197608555794076992754167617554659117783110466604194517980494683326859857409660504591083381077310025020985201608316007413448030927362586091527956424482887512612837100559890128607151323315257889,d+1,244,0.03459
806,11734947749856075325102406535609293365330790661270680197608555794076992754167617554659117783110466604194517980494683326859857409660504591083381077310025020985201608316007413448030927362586091527956424482887512612837100559890128607151323315257889,3900208212,23469895499712150650204813071218586730661581322541360395217111588153985508335235109318235566220933208389035960989366653719714819321009182166762154620050041970403216632014826896061854725172183055912848965775025225674201119780257214302650530723991,d-1,245,0.00618
807,23469895499712150650204813071218586730661581322541360395217111588153985508335235109318235566220933208389035960989366653719714819321009182166762154620050041970403216632014826896061854725172183055912848965775025225674201119780257214302650530723991,1132561056,46939790999424301300409626142437173461323162645082720790434223176307971016670470218636471132441866416778071921978733307439429638642018364333524309240100083940806433264029653792123709450344366111825697931550050451348402239560514428605302194009039,d+1,245,0.00178
808,46939790999424301300409626142437173461323162645082720790434223176307971016670470218636471132441866416778071921978733307439429638642018364333524309240100083940806433264029653792123709450344366111825697931550050451348402239560514428605302194009039,1933196232,93879581998848602600819252284874346922646325290165441580868446352615942033340940437272942264883732833556143843957466614878859277284036728667048618480200167881612866528059307584247418900688732223651395863100100902696804479121028857210606321214311,d+1,245,0.00303
809,93879581998848602600819252284874346922646325290165441580868446352615942033340940437272942264883732833556143843957466614878859277284036728667048618480200167881612866528059307584247418900688732223651395863100100902696804479121028857210606321214311,29424293676,187759163997697205201638504569748693845292650580330883161736892705231884066681880874545884529767465667112287687914933229757718554568073457334097236960400335763225733056118615168494837801377464447302791726200201805393608958242057714421242066722299,d+1,245,0.04588
810,187759163997697205201638504569748693845292650580330883161736892705231884066681880874545884529767465667112287687914933229757718554568073457334097236960400335763225733056118615168494837801377464447302791726200201805393608958242057714421242066722299,11681046930,375518327995394410403277009139497387690585301160661766323473785410463768133363761749091769059534931334224575375829866459515437109136146914668194473920800671526451466112237230336989675602754928894605583452400403610787217916484115428842495814491529,d-1,246,0.01812
811,375518327995394410403277009139497387690585301160661766323473785410463768133363761749091769059534931334224575375829866459515437109136146914668194473920800671526451466112237230336989675602754928894605583452400403610787217916484115428842495814491529,11627964198,751036655990788820806554018278994775381170602321323532646947570820927536266727523498183538119069862668449150751659732919030874218272293829336388947841601343052902932224474460673979351205509857789211166904800807221574435832968230857685003256947257,d-1,246,0.01795
812,751036655990788820806554018278994775381170602321323532646947570820927536266727523498183538119069862668449150751659732919030874218272293829336388947841601343052902932224474460673979351205509857789211166904800807221574435832968230857685003256947257,24385310814,1502073311981577641613108036557989550762341204642647065293895141641855072533455046996367076238139725336898301503319465838061748436544587658672777895683202686105805864448948921347958702411019715578422333809601614443148871665936461715370030899205329,d-1,246,0.03744
813,1502073311981577641613108036557989550762341204642647065293895141641855072533455046996367076238139725336898301503319465838061748436544587658672777895683202686105805864448948921347958702411019715578422333809601614443148871665936461715370030899205329,5774392320,3004146623963155283226216073115979101524682409285294130587790283283710145066910093992734152476279450673796603006638931676123496873089175317345555791366405372211611728897897842695917404822039431156844667619203228886297743331872923430740067572802979,d-1,247,0.00882
814,3004146623963155283226216073115979101524682409285294130587790283283710145066910093992734152476279450673796603006638931676123496873089175317345555791366405372211611728897897842695917404822039431156844667619203228886297743331872923430740067572802979,3056614308,6008293247926310566452432146231958203049364818570588261175580566567420290133820187985468304952558901347593206013277863352246993746178350634691111582732810744423223457795795685391834809644078862313689335238406457772595486663745846861480138202220267,d-1,247,0.00465
815,6008293247926310566452432146231958203049364818570588261175580566567420290133820187985468304952558901347593206013277863352246993746178350634691111582732810744423223457795795685391834809644078862313689335238406457772595486663745846861480138202220267,4676095764,12016586495852621132904864292463916406098729637141176522351161133134840580267640375970936609905117802695186412026555726704493987492356701269382223165465621488846446915591591370783669619288157724627378670476812915545190973327491693722960281080536299,d-1,247,0.00707
816,12016586495852621132904864292463916406098729637141176522351161133134840580267640375970936609905117802695186412026555726704493987492356701269382223165465621488846446915591591370783669619288157724627378670476812915545190973327491693722960281080536299,22955470008,24033172991705242265809728584927832812197459274282353044702322266269681160535280751941873219810235605390372824053111453408987974984713402538764446330931242977692893831183182741567339238576315449254757340953625831090381946654983387445920585116542607,d-1,248,0.03454
817,24033172991705242265809728584927832812197459274282353044702322266269681160535280751941873219810235605390372824053111453408987974984713402538764446330931242977692893831183182741567339238576315449254757340953625831090381946654983387445920585116542607,48637212204,48066345983410484531619457169855665624394918548564706089404644532539362321070561503883746439620471210780745648106222906817975949969426805077528892661862485955385787662366365483134678477152630898509514681907251662180763893309966774891841218870297419,d-1,248,0.07281
818,48066345983410484531619457169855665624394918548564706089404644532539362321070561503883746439620471210780745648106222906817975949969426805077528892661862485955385787662366365483134678477152630898509514681907251662180763893309966774891841218870297419,13173358278,96132691966820969063238914339711331248789837097129412178809289065078724642141123007767492879240942421561491296212445813635951899938853610155057785323724971910771575324732730966269356954305261797019029363814503324361527786619933549783682450913953117,d-1,248,0.01962
819,96132691966820969063238914339711331248789837097129412178809289065078724642141123007767492879240942421561491296212445813635951899938853610155057785323724971910771575324732730966269356954305261797019029363814503324361527786619933549783682450913953117,330460390872,192265383933641938126477828679422662497579674194258824357618578130157449284282246015534985758481884843122982592424891627271903799877707220310115570647449943821543150649465461932538713908610523594038058727629006648723055573239867099567365232288297107,d+1,248,0.48975
820,192265383933641938126477828679422662497579674194258824357618578130157449284282246015534985758481884843122982592424891627271903799877707220310115570647449943821543150649465461932538713908610523594038058727629006648723055573239867099567365232288297107,141002214702,384530767867283876252955657358845324995159348388517648715237156260314898568564492031069971516963769686245965184849783254543807599755414440620231141294899887643086301298930923865077427817221047188076117455258013297446111146479734199134730605578808917,d-1,249,0.20792
821,384530767867283876252955657358845324995159348388517648715237156260314898568564492031069971516963769686245965184849783254543807599755414440620231141294899887643086301298930923865077427817221047188076117455258013297446111146479734199134730605578808917,22325133462,769061535734567752505911314717690649990318696777035297430474312520629797137128984062139943033927539372491930369699566509087615199510828881240462282589799775286172602597861847730154855634442094376152234910516026594892222292959468398269461233482751297,both,249,0.03275
822,769061535734567752505911314717690649990318696777035297430474312520629797137128984062139943033927539372491930369699566509087615199510828881240462282589799775286172602597861847730154855634442094376152234910516026594892222292959468398269461233482751297,28438190172,1538123071469135505011822629435381299980637393554070594860948625041259594274257968124279886067855078744983860739399133018175230399021657762480924565179599550572345205195723695460309711268884188752304469821032053189784444585918936796538922495403692767,d-1,249,0.04151
823,1538123071469135505011822629435381299980637393554070594860948625041259594274257968124279886067855078744983860739399133018175230399021657762480924565179599550572345205195723695460309711268884188752304469821032053189784444585918936796538922495403692767,40638810894,3076246142938271010023645258870762599961274787108141189721897250082519188548515936248559772135710157489967721478798266036350460798043315524961849130359199101144690410391447390920619422537768377504608939642064106379568889171837873593077845031446196429,d-1,250,0.05903
824,3076246142938271010023645258870762599961274787108141189721897250082519188548515936248559772135710157489967721478798266036350460798043315524961849130359199101144690410391447390920619422537768377504608939642064106379568889171837873593077845031446196429,59965983288,6152492285876542020047290517741525199922549574216282379443794500165038377097031872497119544271420314979935442957596532072700921596086631049923698260718398202289380820782894781841238845075536755009217879284128212759137778343675747186155690122858376147,d+1,250,0.08666
825,6152492285876542020047290517741525199922549574216282379443794500165038377097031872497119544271420314979935442957596532072700921596086631049923698260718398202289380820782894781841238845075536755009217879284128212759137778343675747186155690122858376147,24529974252,12304984571753084040094581035483050399845099148432564758887589000330076754194063744994239088542840629959870885915193064145401843192173262099847396521436796404578761641565789563682477690151073510018435758568256425518275556687351494372311380270246726547,d-1,250,0.03527
826,12304984571753084040094581035483050399845099148432564758887589000330076754194063744994239088542840629959870885915193064145401843192173262099847396521436796404578761641565789563682477690151073510018435758568256425518275556687351494372311380270246726547,3285880422,24609969143506168080189162070966100799690198296865129517775178000660153508388127489988478177085681259919741771830386128290803686384346524199694793042873592809157523283131579127364955380302147020036871517136512851036551113374702988744622760543779333517,d-1,251,0.00470
827,24609969143506168080189162070966100799690198296865129517775178000660153508388127489988478177085681259919741771830386128290803686384346524199694793042873592809157523283131579127364955380302147020036871517136512851036551113374702988744622760543779333517,178203787254,49219938287012336160378324141932201599380396593730259035550356001320307016776254979976956354171362519839483543660772256581607372768693048399389586085747185618315046566263158254729910760604294040073743034273025702073102226749405977489245521265762454289,d-1,251,0.25370
828,49219938287012336160378324141932201599380396593730259035550356001320307016776254979976956354171362519839483543660772256581607372768693048399389586085747185618315046566263158254729910760604294040073743034273025702073102226749405977489245521265762454289,956179788,98439876574024672320756648283864403198760793187460518071100712002640614033552509959953912708342725039678967087321544513163214745537386096798779172171494371236630093132526316509459821521208588080147486068546051404146204453498811954978491042532481088367,d-1,251,0.00135
829,98439876574024672320756648283864403198760793187460518071100712002640614033552509959953912708342725039678967087321544513163214745537386096798779172171494371236630093132526316509459821521208588080147486068546051404146204453498811954978491042532481088367,174607457382,196879753148049344641513296567728806397521586374921036142201424005281228067105019919907825416685450079357934174643089026326429491074772193597558344342988742473260186265052633018919643042417176160294972137092102808292408906997623909956982085239569634117,d+1,251,0.24611
830,196879753148049344641513296567728806397521586374921036142201424005281228067105019919907825416685450079357934174643089026326429491074772193597558344342988742473260186265052633018919643042417176160294972137092102808292408906997623909956982085239569634117,104353948272,393759506296098689283026593135457612795043172749842072284402848010562456134210039839815650833370900158715868349286178052652858982149544387195116688685977484946520372530105266037839286084834352320589944274184205616584817813995247819913964170583493216507,d-1,252,0.14636
831,393759506296098689283026593135457612795043172749842072284402848010562456134210039839815650833370900158715868349286178052652858982149544387195116688685977484946520372530105266037839286084834352320589944274184205616584817813995247819913964170583493216507,6116851332,787519012592197378566053186270915225590086345499684144568805696021124912268420079679631301666741800317431736698572356105305717964299088774390233377371954969893040745060210532075678572169668704641179888548368411233169635627990495639827928341173103284347,d+1,252,0.00854
832,787519012592197378566053186270915225590086345499684144568805696021124912268420079679631301666741800317431736698572356105305717964299088774390233377371954969893040745060210532075678572169668704641179888548368411233169635627990495639827928341173103284347,13700611014,1575038025184394757132106372541830451180172690999368289137611392042249824536840159359262603333483600634863473397144712210611435928598177548780466754743909939786081490120421064151357144339337409282359777096736822466339271255980991279655856682359907179709,d-1,252,0.01903
833,1575038025184394757132106372541830451180172690999368289137611392042249824536840159359262603333483600634863473397144712210611435928598177548780466754743909939786081490120421064151357144339337409282359777096736822466339271255980991279655856682359907179709,2919693138,3150076050368789514264212745083660902360345381998736578275222784084499649073680318718525206666967201269726946794289424421222871857196355097560933509487819879572162980240842128302714288678674818564719554193473644932678542511961982559311713364722734052557,d-1,253,0.00403
834,3150076050368789514264212745083660902360345381998736578275222784084499649073680318718525206666967201269726946794289424421222871857196355097560933509487819879572162980240842128302714288678674818564719554193473644932678542511961982559311713364722734052557,2065287972,6300152100737579028528425490167321804720690763997473156550445568168999298147360637437050413333934402539453893588578848842445743714392710195121867018975639759144325960481684256605428577357349637129439108386947289865357085023923965118623426729447533393087,d-1,253,0.00284
835,6300152100737579028528425490167321804720690763997473156550445568168999298147360637437050413333934402539453893588578848842445743714392710195121867018975639759144325960481684256605428577357349637129439108386947289865357085023923965118623426729447533393087,4590154572,12600304201475158057056850980334643609441381527994946313100891136337998596294721274874100826667868805078907787177157697684891487428785420390243734037951279518288651920963368513210857154714699274258878216773894579730714170047847930237246853458899656940747,d-1,253,0.00628
836,12600304201475158057056850980334643609441381527994946313100891136337998596294721274874100826667868805078907787177157697684891487428785420390243734037951279518288651920963368513210857154714699274258878216773894579730714170047847930237246853458899656940747,39301351752,25200608402950316114113701960669287218882763055989892626201782272675997192589442549748201653335737610157815574354315395369782974857570840780487468075902559036577303841926737026421714309429398548517756433547789159461428340095695860474493706917838615233247,d+1,254,0.05350
837,25200608402950316114113701960669287218882763055989892626201782272675997192589442549748201653335737610157815574354315395369782974857570840780487468075902559036577303841926737026421714309429398548517756433547789159461428340095695860474493706917838615233247,4901718084,50401216805900632228227403921338574437765526111979785252403564545351994385178885099496403306671475220315631148708630790739565949715141681560974936151805118073154607683853474052843428618858797097035512867095578318922856680191391720948987413835682132184579,d-1,254,0.00664
838,50401216805900632228227403921338574437765526111979785252403564545351994385178885099496403306671475220315631148708630790739565949715141681560974936151805118073154607683853474052843428618858797097035512867095578318922856680191391720948987413835682132184579,1030090170,100802433611801264456454807842677148875531052223959570504807129090703988770357770198992806613342950440631262297417261581479131899430283363121949872303610236146309215367706948105686857237717594194071025734191156637845713360382783441897974827671365294459329,d-1,254,0.00139
839,100802433611801264456454807842677148875531052223959570504807129090703988770357770198992806613342950440631262297417261581479131899430283363121949872303610236146309215367706948105686857237717594194071025734191156637845713360382783441897974827671365294459329,15291668178,201604867223602528912909615685354297751062104447919141009614258181407977540715540397985613226685900881262524594834523162958263798860566726243899744607220472292618430735413896211373714475435188388142051468382313275691426720765566883795949655342745880586837,d-1,255,0.02051
840,201604867223602528912909615685354297751062104447919141009614258181407977540715540397985613226685900881262524594834523162958263798860566726243899744607220472292618430735413896211373714475435188388142051468382313275691426720765566883795949655342745880586837,16355474274,403209734447205057825819231370708595502124208895838282019228516362815955081431080795971226453371801762525049189669046325916527597721133452487799489214440944585236861470827792422747428950870376776284102936764626551382853441531133767591899310685508116647949,d-1,255,0.02183
841,403209734447205057825819231370708595502124208895838282019228516362815955081431080795971226453371801762525049189669046325916527597721133452487799489214440944585236861470827792422747428950870376776284102936764626551382853441531133767591899310685508116647949,3980952108,806419468894410115651638462741417191004248417791676564038457032725631910162862161591942452906743603525050098379338092651833055195442266904975598978428881889170473722941655584845494857901740753552568205873529253102765706883062267535183798621371020214248007,d+1,255,0.00529
842,806419468894410115651638462741417191004248417791676564038457032725631910162862161591942452906743603525050098379338092651833055195442266904975598978428881889170473722941655584845494857901740753552568205873529253102765706883062267535183798621371020214248007,19110608412,1612838937788820231303276925482834382008496835583353128076914065451263820325724323183884905813487207050100196758676185303666110390884533809951197956857763778340947445883311169690989715803481507105136411747058506205531413766124535070367597242742059539104427,d-1,255,0.02526
843,1612838937788820231303276925482834382008496835583353128076914065451263820325724323183884905813487207050100196758676185303666110390884533809951197956857763778340947445883311169690989715803481507105136411747058506205531413766124535070367597242742059539104427,25230389664,3225677875577640462606553850965668764016993671166706256153828130902527640651448646367769811626974414100200393517352370607332220781769067619902395913715527556681894891766622339381979431606963014210272823494117012411062827532249070140735194485484144308598519,d-1,256,0.03318
844,3225677875577640462606553850965668764016993671166706256153828130902527640651448646367769811626974414100200393517352370607332220781769067619902395913715527556681894891766622339381979431606963014210272823494117012411062827532249070140735194485484144308598519,13051928940,6451355751155280925213107701931337528033987342333412512307656261805055281302897292735539623253948828200400787034704741214664441563538135239804791827431055113363789783533244678763958863213926028420545646988234024822125655064498140281470388970968301669125979,d+1,256,0.01708
845,6451355751155280925213107701931337528033987342333412512307656261805055281302897292735539623253948828200400787034704741214664441563538135239804791827431055113363789783533244678763958863213926028420545646988234024822125655064498140281470388970968301669125979,1739517270,12902711502310561850426215403862675056067974684666825024615312523610110562605794585471079246507897656400801574069409482429328883127076270479609583654862110226727579567066489357527917726427852056841091293976468049644251310128996280562940777941936605077769229,d+1,256,0.00227
846,12902711502310561850426215403862675056067974684666825024615312523610110562605794585471079246507897656400801574069409482429328883127076270479609583654862110226727579567066489357527917726427852056841091293976468049644251310128996280562940777941936605077769229,5540887380,25805423004621123700852430807725350112135949369333650049230625047220221125211589170942158493015795312801603148138818964858657766254152540959219167309724220453455159134132978715055835452855704113682182587952936099288502620257992561125881555883873215696425839,d-1,257,0.00718
847,25805423004621123700852430807725350112135949369333650049230625047220221125211589170942158493015795312801603148138818964858657766254152540959219167309724220453455159134132978715055835452855704113682182587952936099288502620257992561125881555883873215696425839,8668004118,51610846009242247401704861615450700224271898738667300098461250094440442250423178341884316986031590625603206296277637929717315532508305081918438334619448440906910318268265957430111670905711408227364365175905872198577005240515985122251763111767746440060855797,d+1,257,0.01118
848,51610846009242247401704861615450700224271898738667300098461250094440442250423178341884316986031590625603206296277637929717315532508305081918438334619448440906910318268265957430111670905711408227364365175905872198577005240515985122251763111767746440060855797,30940315032,103221692018484494803409723230901400448543797477334600196922500188880884500846356683768633972063181251206412592555275859434631065016610163836876669238896881813820636536531914860223341811422816454728730351811744397154010481031970244503526223535492911062026627,d+1,257,0.03971
849,103221692018484494803409723230901400448543797477334600196922500188880884500846356683768633972063181251206412592555275859434631065016610163836876669238896881813820636536531914860223341811422816454728730351811744397154010481031970244503526223535492911062026627,31648065642,206443384036968989606819446461802800897087594954669200393845000377761769001692713367537267944126362502412825185110551718869262130033220327673753338477793763627641273073063829720446683622845632909457460703623488794308020962063940489007052447070985853772118897,both,258,0.04042
850,206443384036968989606819446461802800897087594954669200393845000377761769001692713367537267944126362502412825185110551718869262130033220327673753338477793763627641273073063829720446683622845632909457460703623488794308020962063940489007052447070985853772118897,12355581144,412886768073937979213638892923605601794175189909338400787690000755523538003385426735074535888252725004825650370221103437738524260066440655347506676955587527255282546146127659440893367245691265818914921407246977588616041924127880978014104894141971719899818939,d-1,258,0.01570
851,412886768073937979213638892923605601794175189909338400787690000755523538003385426735074535888252725004825650370221103437738524260066440655347506676955587527255282546146127659440893367245691265818914921407246977588616041924127880978014104894141971719899818939,1534174062,825773536147875958427277785847211203588350379818676801575380001511047076006770853470149071776505450009651300740442206875477048520132881310695013353911175054510565092292255318881786734491382531637829842814493955177232083848255761956028209788283943441333811941,d+1,258,0.00194
852,825773536147875958427277785847211203588350379818676801575380001511047076006770853470149071776505450009651300740442206875477048520132881310695013353911175054510565092292255318881786734491382531637829842814493955177232083848255761956028209788283943441333811941,16371052386,1651547072295751916854555571694422407176700759637353603150760003022094152013541706940298143553010900019302601480884413750954097040265762621390026707822350109021130184584510637763573468982765063275659685628987910354464167696511523912056419576567886899038676269,d+1,258,0.02061
853,1651547072295751916854555571694422407176700759637353603150760003022094152013541706940298143553010900019302601480884413750954097040265762621390026707822350109021130184584510637763573468982765063275659685628987910354464167696511523912056419576567886899038676269,43697577960,3303094144591503833709111143388844814353401519274707206301520006044188304027083413880596287106021800038605202961768827501908194080531525242780053415644700218042260369169021275527146937965530126551319371257975820708928335393023047824112839153135773841774930499,d+1,259,0.05474
854,3303094144591503833709111143388844814353401519274707206301520006044188304027083413880596287106021800038605202961768827501908194080531525242780053415644700218042260369169021275527146937965530126551319371257975820708928335393023047824112839153135773841774930499,1909769988,6606188289183007667418222286777689628706803038549414412603040012088376608054166827761192574212043600077210405923537655003816388161063050485560106831289400436084520738338042551054293875931060253102638742515951641417856670786046095648225678306271547685459630987,d+1,259,0.00238
855,6606188289183007667418222286777689628706803038549414412603040012088376608054166827761192574212043600077210405923537655003816388161063050485560106831289400436084520738338042551054293875931060253102638742515951641417856670786046095648225678306271547685459630987,29347755012,13212376578366015334836444573555379257413606077098828825206080024176753216108333655522385148424087200154420811847075310007632776322126100971120213662578800872169041476676085102108587751862120506205277485031903282835713341572092191296451356612543095400267016987,d-1,259,0.03641
856,13212376578366015334836444573555379257413606077098828825206080024176753216108333655522385148424087200154420811847075310007632776322126100971120213662578800872169041476676085102108587751862120506205277485031903282835713341572092191296451356612543095400267016987,19431937332,26424753156732030669672889147110758514827212154197657650412160048353506432216667311044770296848174400308841623694150620015265552644252201942240427325157601744338082953352170204217175503724241012410554970063806565671426683144184382592902713225086190819965971307,d+1,260,0.02399
857,26424753156732030669672889147110758514827212154197657650412160048353506432216667311044770296848174400308841623694150620015265552644252201942240427325157601744338082953352170204217175503724241012410554970063806565671426683144184382592902713225086190819965971307,35957087124,52849506313464061339345778294221517029654424308395315300824320096707012864433334622089540593696348800617683247388301240030531105288504403884480854650315203488676165906704340408434351007448482024821109940127613131342853366288368765185805426450172381675889029739,d-1,260,0.04418
858,52849506313464061339345778294221517029654424308395315300824320096707012864433334622089540593696348800617683247388301240030531105288504403884480854650315203488676165906704340408434351007448482024821109940127613131342853366288368765185805426450172381675889029739,50563951440,105699012626928122678691556588443034059308848616790630601648640193414025728866669244179081187392697601235366494776602480061062210577008807768961709300630406977352331813408680816868702014896964049642219880255226262685706732576737530371610852900344763402342010919,d+1,260,0.06183
859,105699012626928122678691556588443034059308848616790630601648640193414025728866669244179081187392697601235366494776602480061062210577008807768961709300630406977352331813408680816868702014896964049642219880255226262685706732576737530371610852900344763402342010919,14147164962,211398025253856245357383113176886068118617697233581261203297280386828051457733338488358162374785395202470732989553204960122124421154017615537923418601260813954704663626817361633737404029793928099284439760510452525371413465153475060743221705800689526818831186801,d-1,261,0.01722
860,211398025253856245357383113176886068118617697233581261203297280386828051457733338488358162374785395202470732989553204960122124421154017615537923418601260813954704663626817361633737404029793928099284439760510452525371413465153475060743221705800689526818831186801,16505851176,422796050507712490714766226353772136237235394467162522406594560773656102915466676976716324749570790404941465979106409920244248842308035231075846837202521627909409327253634723267474808059587856198568879521020905050742826930306950121486443411601379053654168224779,d+1,261,0.01999
861,422796050507712490714766226353772136237235394467162522406594560773656102915466676976716324749570790404941465979106409920244248842308035231075846837202521627909409327253634723267474808059587856198568879521020905050742826930306950121486443411601379053654168224779,58430348910,845592101015424981429532452707544272474470788934325044813189121547312205830933353953432649499141580809882931958212819840488497684616070462151693674405043255818818654507269446534949616119175712397137759042041810101485653860613900242972886823202758107366766798469,d-1,261,0.07042
862,845592101015424981429532452707544272474470788934325044813189121547312205830933353953432649499141580809882931958212819840488497684616070462151693674405043255818818654507269446534949616119175712397137759042041810101485653860613900242972886823202758107366766798469,46439610762,1691184202030849962859064905415088544948941577868650089626378243094624411661866707906865298998283161619765863916425639680976995369232140924303387348810086511637637309014538893069899232238351424794275518084083620202971307721227800485945773646405516214779973207701,d-1,261,0.05570
863,1691184202030849962859064905415088544948941577868650089626378243094624411661866707906865298998283161619765863916425639680976995369232140924303387348810086511637637309014538893069899232238351424794275518084083620202971307721227800485945773646405516214779973207701,132115616946,3382368404061699925718129810830177089897883155737300179252756486189248823323733415813730597996566323239531727832851279361953990738464281848606774697620173023275274618029077786139798464476702849588551036168167240405942615442455600971891547292811032429692062032349,d+1,262,0.15771
864,3382368404061699925718129810830177089897883155737300179252756486189248823323733415813730597996566323239531727832851279361953990738464281848606774697620173023275274618029077786139798464476702849588551036168167240405942615442455600971891547292811032429692062032349,20563012560,6764736808123399851436259621660354179795766311474600358505512972378497646647466831627461195993132646479063455665702558723907981476928563697213549395240346046550549236058155572279596928953405699177102072336334480811885230884911201943783094585622064859404687077259,d-1,262,0.02443
865,6764736808123399851436259621660354179795766311474600358505512972378497646647466831627461195993132646479063455665702558723907981476928563697213549395240346046550549236058155572279596928953405699177102072336334480811885230884911201943783094585622064859404687077259,9307669470,13529473616246799702872519243320708359591532622949200717011025944756995293294933663254922391986265292958126911331405117447815962953857127394427098790480692093101098472116311144559193857906811398354204144672668961623770461769822403887566189171244129718818681823989,d+1,262,0.01101
866,13529473616246799702872519243320708359591532622949200717011025944756995293294933663254922391986265292958126911331405117447815962953857127394427098790480692093101098472116311144559193857906811398354204144672668961623770461769822403887566189171244129718818681823989,4760966952,27058947232493599405745038486641416719183065245898401434022051889513990586589867326509844783972530585916253822662810234895631925907714254788854197580961384186202196944232622289118387715813622796708408289345337923247540923539644807775132378342488259437642124614931,d+1,263,0.00560
867,27058947232493599405745038486641416719183065245898401434022051889513990586589867326509844783972530585916253822662810234895631925907714254788854197580961384186202196944232622289118387715813622796708408289345337923247540923539644807775132378342488259437642124614931,56150316018,54117894464987198811490076973282833438366130491796802868044103779027981173179734653019689567945061171832507645325620469791263851815428509577708395161922768372404393888465244578236775431627245593416816578690675846495081847079289615550264756684976518875340399545881,d-1,263,0.06576
868,54117894464987198811490076973282833438366130491796802868044103779027981173179734653019689567945061171832507645325620469791263851815428509577708395161922768372404393888465244578236775431627245593416816578690675846495081847079289615550264756684976518875340399545881,14143243566,108235788929974397622980153946565666876732260983593605736088207558055962346359469306039379135890122343665015290651240939582527703630857019155416790323845536744808787776930489156473550863254491186833633157381351692990163694158579231100529513369953037750694942335329,d+1,263,0.01649
869,108235788929974397622980153946565666876732260983593605736088207558055962346359469306039379135890122343665015290651240939582527703630857019155416790323845536744808787776930489156473550863254491186833633157381351692990163694158579231100529513369953037750694942335329,23770040418,216471577859948795245960307893131333753464521967187211472176415116111924692718938612078758271780244687330030581302481879165055407261714038310833580647691073489617575553860978312947101726508982373667266314762703385980327388317158462201059026739906075501413654711077,d-1,264,0.02757
870,216471577859948795245960307893131333753464521967187211472176415116111924692718938612078758271780244687330030581302481879165055407261714038310833580647691073489617575553860978312947101726508982373667266314762703385980327388317158462201059026739906075501413654711077,42058140642,432943155719897590491920615786262667506929043934374422944352830232223849385437877224157516543560489374660061162604963758330110814523428076621667161295382146979235151107721956625894203453017964747334532629525406771960654776634316924402118053479812151002869367562797,d+1,264,0.04856
871,432943155719897590491920615786262667506929043934374422944352830232223849385437877224157516543560489374660061162604963758330110814523428076621667161295382146979235151107721956625894203453017964747334532629525406771960654776634316924402118053479812151002869367562797,7018801404,865886311439795180983841231572525335013858087868748845888705660464447698770875754448315033087120978749320122325209927516660221629046856153243334322590764293958470302215443913251788406906035929494669065259050813543921309553268633848804236106959624302005745753926999,d-1,264,0.00807
872,865886311439795180983841231572525335013858087868748845888705660464447698770875754448315033087120978749320122325209927516660221629046856153243334322590764293958470302215443913251788406906035929494669065259050813543921309553268633848804236106959624302005745753926999,20754082848,1731772622879590361967682463145050670027716175737497691777411320928895397541751508896630066174241957498640244650419855033320443258093712306486668645181528587916940604430887826503576813812071858989338130518101627087842619106537267697608472213919248604011512261936847,d-1,264,0.02374
873,1731772622879590361967682463145050670027716175737497691777411320928895397541751508896630066174241957498640244650419855033320443258093712306486668645181528587916940604430887826503576813812071858989338130518101627087842619106537267697608472213919248604011512261936847,101791003272,3463545245759180723935364926290101340055432351474995383554822641857790795083503017793260132348483914997280489300839710066640886516187424612973337290363057175833881208861775653007153627624143717978676261036203254175685238213074535395216944427838497208023126314876967,d-1,265,0.11586
874,3463545245759180723935364926290101340055432351474995383554822641857790795083503017793260132348483914997280489300839710066640886516187424612973337290363057175833881208861775653007153627624143717978676261036203254175685238213074535395216944427838497208023126314876967,95216396274,6927090491518361447870729852580202680110864702949990767109645283715581590167006035586520264696967829994560978601679420133281773032374849225946674580726114351667762417723551306014307255248287435957352522072406508351370476426149070790433888855676994416046347846150209,d-1,265,0.10787
875,6927090491518361447870729852580202680110864702949990767109645283715581590167006035586520264696967829994560978601679420133281773032374849225946674580726114351667762417723551306014307255248287435957352522072406508351370476426149070790433888855676994416046347846150209,31691326368,13854180983036722895741459705160405360221729405899981534219290567431163180334012071173040529393935659989121957203358840266563546064749698451893349161452228703335524835447102612028614510496574871914705044144813016702740952852298141580867777711353988832092727383626787,d-1,265,0.03573
876,13854180983036722895741459705160405360221729405899981534219290567431163180334012071173040529393935659989121957203358840266563546064749698451893349161452228703335524835447102612028614510496574871914705044144813016702740952852298141580867777711353988832092727383626787,32806446852,27708361966073445791482919410320810720443458811799963068438581134862326360668024142346081058787871319978243914406717680533127092129499396903786698322904457406671049670894205224057229020993149743829410088289626033405481905704596283161735555422707977664185487573700427,d+1,266,0.03682
877,27708361966073445791482919410320810720443458811799963068438581134862326360668024142346081058787871319978243914406717680533127092129499396903786698322904457406671049670894205224057229020993149743829410088289626033405481905704596283161735555422707977664185487573700427,87689226222,55416723932146891582965838820641621440886917623599926136877162269724652721336048284692162117575742639956487828813435361066254184258998793807573396645808914813342099341788410448114458041986299487658820176579252066810963811409192566323471110845415955328371062836627077,d+1,266,0.09794
878,55416723932146891582965838820641621440886917623599926136877162269724652721336048284692162117575742639956487828813435361066254184258998793807573396645808914813342099341788410448114458041986299487658820176579252066810963811409192566323471110845415955328371062836627077,174872153334,110833447864293783165931677641283242881773835247199852273754324539449305442672096569384324235151485279912975657626870722132508368517997587615146793291617829626684198683576820896228916083972598975317640353158504133621927622818385132646942221690831910656742300545407489,d-1,266,0.19440
879,110833447864293783165931677641283242881773835247199852273754324539449305442672096569384324235151485279912975657626870722132508368517997587615146793291617829626684198683576820896228916083972598975317640353158504133621927622818385132646942221690831910656742300545407489,7988016012,221666895728587566331863355282566485763547670494399704547508649078898610885344193138768648470302970559825951315253741444265016737035995175230293586583235659253368397367153641792457832167945197950635280706317008267243855245636770265293884443381663821313484609078830991,both,267,0.00884
880,221666895728587566331863355282566485763547670494399704547508649078898610885344193138768648470302970559825951315253741444265016737035995175230293586583235659253368397367153641792457832167945197950635280706317008267243855245636770265293884443381663821313484609078830991,168450160458,443333791457175132663726710565132971527095340988799409095017298157797221770688386277537296940605941119651902630507482888530033474071990350460587173166471318506736794734307283584915664335890395901270561412634016534487710491273540530587768886763327642626969386607822441,d-1,267,0.18551
881,443333791457175132663726710565132971527095340988799409095017298157797221770688386277537296940605941119651902630507482888530033474071990350460587173166471318506736794734307283584915664335890395901270561412634016534487710491273540530587768886763327642626969386607822441,3722891148,886667582914350265327453421130265943054190681977598818190034596315594443541376772555074593881211882239303805261014965777060066948143980700921174346332942637013473589468614567169831328671780791802541122825268033068975420982547081061175537773526655285253938776938536031,d-1,267,0.00408
882,886667582914350265327453421130265943054190681977598818190034596315594443541376772555074593881211882239303805261014965777060066948143980700921174346332942637013473589468614567169831328671780791802541122825268033068975420982547081061175537773526655285253938776938536031,27259822758,1773335165828700530654906842260531886108381363955197636380069192631188887082753545110149187762423764478607610522029931554120133896287961401842348692665885274026947178937229134339662657343561583605082245650536066137950841965094162122351075547053310570507877581136894821,d-1,267,0.02974
883,1773335165828700530654906842260531886108381363955197636380069192631188887082753545110149187762423764478607610522029931554120133896287961401842348692665885274026947178937229134339662657343561583605082245650536066137950841965094162122351075547053310570507877581136894821,23490265836,3546670331657401061309813684521063772216762727910395272760138385262377774165507090220298375524847528957215221044059863108240267792575922803684697385331770548053894357874458268679325314687123167210164491301072132275901683930188324244702151094106621141015755185764055479,d+1,268,0.02551
884,3546670331657401061309813684521063772216762727910395272760138385262377774165507090220298375524847528957215221044059863108240267792575922803684697385331770548053894357874458268679325314687123167210164491301072132275901683930188324244702151094106621141015755185764055479,15266151990,7093340663314802122619627369042127544433525455820790545520276770524755548331014180440596751049695057914430442088119726216480535585151845607369394770663541096107788715748916537358650629374246334420328982602144264551803367860376648489404302188213242282031510386794262949,d+1,268,0.01650
885,7093340663314802122619627369042127544433525455820790545520276770524755548331014180440596751049695057914430442088119726216480535585151845607369394770663541096107788715748916537358650629374246334420328982602144264551803367860376648489404302188213242282031510386794262949,35697950370,14186681326629604245239254738084255088867050911641581091040553541049511096662028360881193502099390115828860884176239452432961071170303691214738789541327082192215577431497833074717301258748492668840657965204288529103606735720753296978808604376426484564063020809286476269,d+1,268,0.03840
886,14186681326629604245239254738084255088867050911641581091040553541049511096662028360881193502099390115828860884176239452432961071170303691214738789541327082192215577431497833074717301258748492668840657965204288529103606735720753296978808604376426484564063020809286476269,62575108872,28373362653259208490478509476168510177734101823283162182081107082099022193324056721762387004198780231657721768352478904865922142340607382429477579082654164384431154862995666149434602517496985337681315930408577058207213471441506593957617208752852969128126041681148061411,d+1,269,0.06700
887,28373362653259208490478509476168510177734101823283162182081107082099022193324056721762387004198780231657721768352478904865922142340607382429477579082654164384431154862995666149434602517496985337681315930408577058207213471441506593957617208752852969128126041681148061411,4239188418,56746725306518416980957018952337020355468203646566324364162214164198044386648113443524774008397560463315443536704957809731844284681214764858955158165308328768862309725991332298869205034993970675362631860817154116414426942883013187915234417505705938256252083366535311241,d-1,269,0.00452
888,56746725306518416980957018952337020355468203646566324364162214164198044386648113443524774008397560463315443536704957809731844284681214764858955158165308328768862309725991332298869205034993970675362631860817154116414426942883013187915234417505705938256252083366535311241,16923059388,113493450613036833961914037904674040710936407293132648728324428328396088773296226887049548016795120926630887073409915619463688569362429529717910316330616657537724619451982664597738410069987941350725263721634308232828853885766026375830468835011411876512504166749993681871,d+1,269,0.01795
889,113493450613036833961914037904674040710936407293132648728324428328396088773296226887049548016795120926630887073409915619463688569362429529717910316330616657537724619451982664597738410069987941350725263721634308232828853885766026375830468835011411876512504166749993681871,20007124638,226986901226073667923828075809348081421872814586265297456648856656792177546592453774099096033590241853261774146819831238927377138724859059435820632661233315075449238903965329195476820139975882701450527443268616465657707771532052751660937670022823753025008333519994488381,d+1,270,0.02113
890,226986901226073667923828075809348081421872814586265297456648856656792177546592453774099096033590241853261774146819831238927377138724859059435820632661233315075449238903965329195476820139975882701450527443268616465657707771532052751660937670022823753025008333519994488381,261579484146,453973802452147335847656151618696162843745629172530594913297713313584355093184907548198192067180483706523548293639662477854754277449718118871641265322466630150898477807930658390953640279951765402901054886537232931315415543064105503321875340045647506050016667301568460909,d+1,270,0.27493
891,453973802452147335847656151618696162843745629172530594913297713313584355093184907548198192067180483706523548293639662477854754277449718118871641265322466630150898477807930658390953640279951765402901054886537232931315415543064105503321875340045647506050016667301568460909,1923696408,907947604904294671695312303237392325687491258345061189826595426627168710186369815096396384134360967413047096587279324955709508554899436237743282530644933260301796955615861316781907280559903530805802109773074465862630831086128211006643750680091295012100033334605060618227,d-1,270,0.00201
892,907947604904294671695312303237392325687491258345061189826595426627168710186369815096396384134360967413047096587279324955709508554899436237743282530644933260301796955615861316781907280559903530805802109773074465862630831086128211006643750680091295012100033334605060618227,31557697044,1815895209808589343390624606474784651374982516690122379653190853254337420372739630192792768268721934826094193174558649911419017109798872475486565061289866520603593911231722633563814561119807061611604219546148931725261662172256422013287501360182590024200066669241678933499,d-1,270,0.03286
893,1815895209808589343390624606474784651374982516690122379653190853254337420372739630192792768268721934826094193174558649911419017109798872475486565061289866520603593911231722633563814561119807061611604219546148931725261662172256422013287501360182590024200066669241678933499,44069007612,3631790419617178686781249212949569302749965033380244759306381706508674840745479260385585536537443869652188386349117299822838034219597744950973130122579733041207187822463445267127629122239614123223208439092297863450523324344512844026575002720365180048400133338527426874611,d+1,271,0.04568
894,3631790419617178686781249212949569302749965033380244759306381706508674840745479260385585536537443869652188386349117299822838034219597744950973130122579733041207187822463445267127629122239614123223208439092297863450523324344512844026575002720365180048400133338527426874611,7748833788,7263580839234357373562498425899138605499930066760489518612763413017349681490958520771171073074887739304376772698234599645676068439195489901946260245159466082414375644926890534255258244479228246446416878184595726901046648689025688053150005440730360096800266677062602583011,d-1,271,0.00799
895,7263580839234357373562498425899138605499930066760489518612763413017349681490958520771171073074887739304376772698234599645676068439195489901946260245159466082414375644926890534255258244479228246446416878184595726901046648689025688053150005440730360096800266677062602583011,56342391666,14527161678468714747124996851798277210999860133520979037225526826034699362981917041542342146149775478608753545396469199291352136878390979803892520490318932164828751289853781068510516488958456492892833756369191453802093297378051376106300010881460720193600533354181547557689,d+1,271,0.05786
896,14527161678468714747124996851798277210999860133520979037225526826034699362981917041542342146149775478608753545396469199291352136878390979803892520490318932164828751289853781068510516488958456492892833756369191453802093297378051376106300010881460720193600533354181547557689,57423196890,29054323356937429494249993703596554421999720267041958074451053652069398725963834083084684292299550957217507090792938398582704273756781959607785040980637864329657502579707562137021032977916912985785667512738382907604186594756102752212600021762921440387201066708420518312269,d-1,272,0.05870
897,29054323356937429494249993703596554421999720267041958074451053652069398725963834083084684292299550957217507090792938398582704273756781959607785040980637864329657502579707562137021032977916912985785667512738382907604186594756102752212600021762921440387201066708420518312269,24185657112,58108646713874858988499987407193108843999440534083916148902107304138797451927668166169368584599101914435014181585876797165408547513563919215570081961275728659315005159415124274042065955833825971571335025476765815208373189512205504425200043525842880774402133416865222281651,d+1,272,0.02461
898,58108646713874858988499987407193108843999440534083916148902107304138797451927668166169368584599101914435014181585876797165408547513563919215570081961275728659315005159415124274042065955833825971571335025476765815208373189512205504425200043525842880774402133416865222281651,16183024746,116217293427749717976999974814386217687998881068167832297804214608277594903855336332338737169198203828870028363171753594330817095027127838431140163922551457318630010318830248548084131911667651943142670050953531630416746379024411008850400087051685761548804266833746627588049,d+1,272,0.01639
899,116217293427749717976999974814386217687998881068167832297804214608277594903855336332338737169198203828870028363171753594330817095027127838431140163922551457318630010318830248548084131911667651943142670050953531630416746379024411008850400087051685761548804266833746627588049,5030776842,232434586855499435953999949628772435375997762136335664595608429216555189807710672664677474338396407657740056726343507188661634190054255676862280327845102914637260020637660497096168263823335303886285340101907063260833492758048822017700800174103371523097608533667498285952941,d+1,273,0.00507
900,232434586855499435953999949628772435375997762136335664595608429216555189807710672664677474338396407657740056726343507188661634190054255676862280327845102914637260020637660497096168263823335303886285340101907063260833492758048822017700800174103371523097608533667498285952941,84783031518,464869173710998871907999899257544870751995524272671329191216858433110379615421345329354948676792815315480113452687014377323268380108511353724560655690205829274520041275320994192336527646670607772570680203814126521666985516097644035401600348206743046195217067335081354937401,d-1,273,0.08509
901,464869173710998871907999899257544870751995524272671329191216858433110379615421345329354948676792815315480113452687014377323268380108511353724560655690205829274520041275320994192336527646670607772570680203814126521666985516097644035401600348206743046195217067335081354937401,274102543068,929738347421997743815999798515089741503991048545342658382433716866220759230842690658709897353585630630960226905374028754646536760217022707449121311380411658549040082550641988384673055293341215545141360407628253043333971032195288070803200696413486092390434134670436812417871,d+1,273,0.27383
902,929738347421997743815999798515089741503991048545342658382433716866220759230842690658709897353585630630960226905374028754646536760217022707449121311380411658549040082550641988384673055293341215545141360407628253043333971032195288070803200696413486092390434134670436812417871,329990934438,1859476694843995487631999597030179483007982097090685316764867433732441518461685381317419794707171261261920453810748057509293073520434045414898242622760823317098080165101283976769346110586682431090282720815256506086667942064390576141606401392826972184780868269341203615770181,d-1,273,0.32815
903,1859476694843995487631999597030179483007982097090685316764867433732441518461685381317419794707171261261920453810748057509293073520434045414898242622760823317098080165101283976769346110586682431090282720815256506086667942064390576141606401392826972184780868269341203615770181,27751376766,3718953389687990975263999194060358966015964194181370633529734867464883036923370762634839589414342522523840907621496115018586147040868090829796485245521646634196160330202567953538692221173364862180565441630513012173335884128781152283212802785653944369561736538682434982917129,d+1,274,0.02747
904,3718953389687990975263999194060358966015964194181370633529734867464883036923370762634839589414342522523840907621496115018586147040868090829796485245521646634196160330202567953538692221173364862180565441630513012173335884128781152283212802785653944369561736538682434982917129,22269831972,7437906779375981950527998388120717932031928388362741267059469734929766073846741525269679178828685045047681815242992230037172294081736181659592970491043293268392320660405135907077384442346729724361130883261026024346671768257562304566425605571307888739123473077364892235666231,d+1,274,0.02194
905,7437906779375981950527998388120717932031928388362741267059469734929766073846741525269679178828685045047681815242992230037172294081736181659592970491043293268392320660405135907077384442346729724361130883261026024346671768257562304566425605571307888739123473077364892235666231,213861781158,14875813558751963901055996776241435864063856776725482534118939469859532147693483050539358357657370090095363630485984460074344588163472363319185940982086586536784641320810271814154768884693459448722261766522052048693343536515124609132851211142615777478246946154729998333113621,d-1,274,0.20977
906,14875813558751963901055996776241435864063856776725482534118939469859532147693483050539358357657370090095363630485984460074344588163472363319185940982086586536784641320810271814154768884693459448722261766522052048693343536515124609132851211142615777478246946154729998333113621,28807898736,29751627117503927802111993552482871728127713553450965068237878939719064295386966101078716715314740180190727260971968920148689176326944726638371881964173173073569282641620543628309537769386918897444523533044104097386687073030249218265702422285231554956493892309460025474125979,d+1,275,0.02813
907,29751627117503927802111993552482871728127713553450965068237878939719064295386966101078716715314740180190727260971968920148689176326944726638371881964173173073569282641620543628309537769386918897444523533044104097386687073030249218265702422285231554956493892309460025474125979,23796468768,59503254235007855604223987104965743456255427106901930136475757879438128590773932202157433430629480360381454521943937840297378352653889453276743763928346346147138565283241087256619075538773837794889047066088208194773374146060498436531404844570463109912987784618920074744720727,d-1,275,0.02313
908,59503254235007855604223987104965743456255427106901930136475757879438128590773932202157433430629480360381454521943937840297378352653889453276743763928346346147138565283241087256619075538773837794889047066088208194773374146060498436531404844570463109912987784618920074744720727,34618513884,119006508470015711208447974209931486912510854213803860272951515758876257181547864404314866861258960720762909043887875680594756705307778906553487527856692692294277130566482174513238151077547675589778094132176416389546748292120996873062809689140926219825975569237840184107955339,d-1,275,0.03350
909,119006508470015711208447974209931486912510854213803860272951515758876257181547864404314866861258960720762909043887875680594756705307778906553487527856692692294277130566482174513238151077547675589778094132176416389546748292120996873062809689140926219825975569237840184107955339,22962149130,238013016940031422416895948419862973825021708427607720545903031517752514363095728808629733722517921441525818087775751361189513410615557813106975055713385384588554261132964349026476302155095351179556188264352832779093496584241993746125619378281852439651951138475680391178059809,d+1,276,0.02212
910,238013016940031422416895948419862973825021708427607720545903031517752514363095728808629733722517921441525818087775751361189513410615557813106975055713385384588554261132964349026476302155095351179556188264352832779093496584241993746125619378281852439651951138475680391178059809,902535000,476026033880062844833791896839725947650043416855215441091806063035505028726191457617259467445035842883051636175551502722379026821231115626213950111426770769177108522265928698052952604310190702359112376528705665558186993168483987492251238756563704879303902276951360783258654619,both,276,0.00087
911,476026033880062844833791896839725947650043416855215441091806063035505028726191457617259467445035842883051636175551502722379026821231115626213950111426770769177108522265928698052952604310190702359112376528705665558186993168483987492251238756563704879303902276951360783258654619,82623260730,952052067760125689667583793679451895300086833710430882183612126071010057452382915234518934890071685766103272351103005444758053642462231252427900222853541538354217044531857396105905208620381404718224753057411331116373986336967974984502477513127409758607804553902721649140569969,d-1,276,0.07886
912,952052067760125689667583793679451895300086833710430882183612126071010057452382915234518934890071685766103272351103005444758053642462231252427900222853541538354217044531857396105905208620381404718224753057411331116373986336967974984502477513127409758607804553902721649140569969,122091719928,1904104135520251379335167587358903790600173667420861764367224252142020114904765830469037869780143371532206544702206010889516107284924462504855800445707083076708434089063714792211810417240762809436449506114822662232747972673935949969004955026254819517215609107805443420372859867,d+1,276,0.11600
913,1904104135520251379335167587358903790600173667420861764367224252142020114904765830469037869780143371532206544702206010889516107284924462504855800445707083076708434089063714792211810417240762809436449506114822662232747972673935949969004955026254819517215609107805443420372859867,23450453652,3808208271040502758670335174717807581200347334841723528734448504284040229809531660938075739560286743064413089404412021779032214569848925009711600891414166153416868178127429584423620834481525618872899012229645324465495945347871899938009910052509639034431218215610886864196173387,d-1,277,0.02218
914,3808208271040502758670335174717807581200347334841723528734448504284040229809531660938075739560286743064413089404412021779032214569848925009711600891414166153416868178127429584423620834481525618872899012229645324465495945347871899938009910052509639034431218215610886864196173387,35998015014,7616416542081005517340670349435615162400694669683447057468897008568080459619063321876151479120573486128826178808824043558064429139697850019423201782828332306833736356254859168847241668963051237745798024459290648930991890695743799876019820105019278068862436431221773764390361789,d-1,277,0.03389
915,7616416542081005517340670349435615162400694669683447057468897008568080459619063321876151479120573486128826178808824043558064429139697850019423201782828332306833736356254859168847241668963051237745798024459290648930991890695743799876019820105019278068862436431221773764390361789,19035394458,15232833084162011034681340698871230324801389339366894114937794017136160919238126643752302958241146972257652357617648087116128858279395700038846403565656664613667472712509718337694483337926102475491596048918581297861983781391487599752039640210038556137724872862443547547816118037,d+1,277,0.01784
916,15232833084162011034681340698871230324801389339366894114937794017136160919238126643752302958241146972257652357617648087116128858279395700038846403565656664613667472712509718337694483337926102475491596048918581297861983781391487599752039640210038556137724872862443547547816118037,195936630102,30465666168324022069362681397742460649602778678733788229875588034272321838476253287504605916482293944515304715235296174232257716558791400077692807131313329227334945425019436675388966675852204950983192097837162595723967562782975199504079280420077112275449745724887095291568866177,both,278,0.18283
917,30465666168324022069362681397742460649602778678733788229875588034272321838476253287504605916482293944515304715235296174232257716558791400077692807131313329227334945425019436675388966675852204950983192097837162595723967562782975199504079280420077112275449745724887095291568866177,31403086242,60931332336648044138725362795484921299205557357467576459751176068544643676952506575009211832964587889030609430470592348464515433117582800155385614262626658454669890850038873350777933351704409901966384195674325191447935125565950399008158560840154224550899491449774190614540818597,d+1,278,0.02917
918,60931332336648044138725362795484921299205557357467576459751176068544643676952506575009211832964587889030609430470592348464515433117582800155385614262626658454669890850038873350777933351704409901966384195674325191447935125565950399008158560840154224550899491449774190614540818597,11299671162,121862664673296088277450725590969842598411114714935152919502352137089287353905013150018423665929175778061218860941184696929030866235165600310771228525253316909339781700077746701555866703408819803932768391348650382895870251131900798016317121680308449101798982899548381240381308357,d-1,278,0.01045
919,121862664673296088277450725590969842598411114714935152919502352137089287353905013150018423665929175778061218860941184696929030866235165600310771228525253316909339781700077746701555866703408819803932768391348650382895870251131900798016317121680308449101798982899548381240381308357,97988363532,243725329346592176554901451181939685196822229429870305839004704274178574707810026300036847331858351556122437721882369393858061732470331200621542457050506633818679563400155493403111733406817639607865536782697300765791740502263801596032634243360616898203597965799096762578750980247,d+1,279,0.09021
920,243725329346592176554901451181939685196822229429870305839004704274178574707810026300036847331858351556122437721882369393858061732470331200621542457050506633818679563400155493403111733406817639607865536782697300765791740502263801596032634243360616898203597965799096762578750980247,136039218792,487450658693184353109802902363879370393644458859740611678009408548357149415620052600073694663716703112244875443764738787716123464940662401243084914101013267637359126800310986806223466813635279215731073565394601531583481004527603192065268486721233796407195931598193525293541179287,d+1,279,0.12467
921,487450658693184353109802902363879370393644458859740611678009408548357149415620052600073694663716703112244875443764738787716123464940662401243084914101013267637359126800310986806223466813635279215731073565394601531583481004527603192065268486721233796407195931598193525293541179287,7894330344,974901317386368706219605804727758740787288917719481223356018817096714298831240105200147389327433406224489750887529477575432246929881324802486169828202026535274718253600621973612446933627270558431462147130789203063166962009055206384130536973442467592814391863196387050594976688919,d-1,279,0.00720
922,974901317386368706219605804727758740787288917719481223356018817096714298831240105200147389327433406224489750887529477575432246929881324802486169828202026535274718253600621973612446933627270558431462147130789203063166962009055206384130536973442467592814391863196387050594976688919,17883009210,1949802634772737412439211609455517481574577835438962446712037634193428597662480210400294778654866812448979501775058955150864493859762649604972339656404053070549436507201243947224893867254541116862924294261578406126333924018110412768261073946884935185628783726392774101207836387049,d+1,279,0.01624
923,1949802634772737412439211609455517481574577835438962446712037634193428597662480210400294778654866812448979501775058955150864493859762649604972339656404053070549436507201243947224893867254541116862924294261578406126333924018110412768261073946884935185628783726392774101207836387049,14927623890,3899605269545474824878423218911034963149155670877924893424075268386857195324960420800589557309733624897959003550117910301728987719525299209944679312808106141098873014402487894449787734509082233725848588523156812252667848036220825536522147893769870371257567452785548202430600397989,d-1,280,0.01350
924,3899605269545474824878423218911034963149155670877924893424075268386857195324960420800589557309733624897959003550117910301728987719525299209944679312808106141098873014402487894449787734509082233725848588523156812252667848036220825536522147893769870371257567452785548202430600397989,26522206290,7799210539090949649756846437822069926298311341755849786848150536773714390649920841601179114619467249795918007100235820603457975439050598419889358625616212282197746028804975788899575469018164467451697177046313624505335696072441651073044295787539740742515134905571096404887723002269,d-1,280,0.02387
925,7799210539090949649756846437822069926298311341755849786848150536773714390649920841601179114619467249795918007100235820603457975439050598419889358625616212282197746028804975788899575469018164467451697177046313624505335696072441651073044295787539740742515134905571096404887723002269,23923443120,15598421078181899299513692875644139852596622683511699573696301073547428781299841683202358229238934499591836014200471641206915950878101196839778717251232424564395492057609951577799150938036328934903394354092627249010671392144883302146088591575079481485030269811142192809799369447659,d-1,280,0.02144
926,15598421078181899299513692875644139852596622683511699573696301073547428781299841683202358229238934499591836014200471641206915950878101196839778717251232424564395492057609951577799150938036328934903394354092627249010671392144883302146088591575079481485030269811142192809799369447659,82091655708,31196842156363798599027385751288279705193245367023399147392602147094857562599683366404716458477868999183672028400943282413831901756202393679557434502464849128790984115219903155598301876072657869806788708185254498021342784289766604292177183150158962970060539622284385619680830551027,d-1,281,0.07324
927,31196842156363798599027385751288279705193245367023399147392602147094857562599683366404716458477868999183672028400943282413831901756202393679557434502464849128790984115219903155598301876072657869806788708185254498021342784289766604292177183150158962970060539622284385619680830551027,121336420254,62393684312727597198054771502576559410386490734046798294785204294189715125199366732809432916955737998367344056801886564827663803512404787359114869004929698257581968230439806311196603752145315739613577416370508996042685568579533208584354366300317925940121079244568771239482997522309,d-1,281,0.10777
928,62393684312727597198054771502576559410386490734046798294785204294189715125199366732809432916955737998367344056801886564827663803512404787359114869004929698257581968230439806311196603752145315739613577416370508996042685568579533208584354366300317925940121079244568771239482997522309,74300896212,124787368625455194396109543005153118820772981468093596589570408588379430250398733465618865833911475996734688113603773129655327607024809574718229738009859396515163936460879612622393207504290631479227154832741017992085371137159066417168708732600635851880242158489137542479040295940831,d-1,281,0.06570
929,124787368625455194396109543005153118820772981468093596589570408588379430250398733465618865833911475996734688113603773129655327607024809574718229738009859396515163936460879612622393207504290631479227154832741017992085371137159066417168708732600635851880242158489137542479040295940831,7541043108,249574737250910388792219086010306237641545962936187193179140817176758860500797466931237731667822951993469376227207546259310655214049619149436459476019718793030327872921759225244786415008581262958454309665482035984170742274318132834337417465201271703760484316978275084958088132924771,d+1,282,0.00664
930,249574737250910388792219086010306237641545962936187193179140817176758860500797466931237731667822951993469376227207546259310655214049619149436459476019718793030327872921759225244786415008581262958454309665482035984170742274318132834337417465201271703760484316978275084958088132924771,69305145396,499149474501820777584438172020612475283091925872374386358281634353517721001594933862475463335645903986938752454415092518621310428099238298872918952039437586060655745843518450489572830017162525916908619330964071968341484548636265668674834930402543407520968633956550169916245570994939,d+1,282,0.06074
931,499149474501820777584438172020612475283091925872374386358281634353517721001594933862475463335645903986938752454415092518621310428099238298872918952039437586060655745843518450489572830017162525916908619330964071968341484548636265668674834930402543407520968633956550169916245570994939,37587013962,998298949003641555168876344041224950566183851744748772716563268707035442003189867724950926671291807973877504908830185037242620856198476597745837904078875172121311491687036900979145660034325051833817238661928143936682969097272531337349669860805086815041937267913100339832528729003841,d+1,282,0.03279
932,998298949003641555168876344041224950566183851744748772716563268707035442003189867724950926671291807973877504908830185037242620856198476597745837904078875172121311491687036900979145660034325051833817238661928143936682969097272531337349669860805086815041937267913100339832528729003841,41043899208,1996597898007283110337752688082449901132367703489497545433126537414070884006379735449901853342583615947755009817660370074485241712396953195491675808157750344242622983374073801958291320068650103667634477323856287873365938194545062674699339721610173630083874535826200679665098501906891,d+1,282,0.03565
933,1996597898007283110337752688082449901132367703489497545433126537414070884006379735449901853342583615947755009817660370074485241712396953195491675808157750344242622983374073801958291320068650103667634477323856287873365938194545062674699339721610173630083874535826200679665098501906891,82952988168,3993195796014566220675505376164899802264735406978995090866253074828141768012759470899803706685167231895510019635320740148970483424793906390983351616315500688485245966748147603916582640137300207335268954647712575746731876389090125349398679443220347260167749071652401359330279956801951,d+1,283,0.07174
934,3993195796014566220675505376164899802264735406978995090866253074828141768012759470899803706685167231895510019635320740148970483424793906390983351616315500688485245966748147603916582640137300207335268954647712575746731876389090125349398679443220347260167749071652401359330279956801951,82267774338,7986391592029132441351010752329799604529470813957990181732506149656283536025518941799607413370334463791020039270641480297940966849587812781966703232631001376970491933496295207833165280274600414670537909295425151493463752778180250698797358886440694520335498143304802718660642181378241,d+1,283,0.07083
935,7986391592029132441351010752329799604529470813957990181732506149656283536025518941799607413370334463791020039270641480297940966849587812781966703232631001376970491933496295207833165280274600414670537909295425151493463752778180250698797358886440694520335498143304802718660642181378241,88137062538,15972783184058264882702021504659599209058941627915980363465012299312567072051037883599214826740668927582040078541282960595881933699175625563933406465262002753940983866992590415666330560549200829341075818590850302986927505556360501397594717772881389040670996286609605437321372499819021,d+1,283,0.07555
936,15972783184058264882702021504659599209058941627915980363465012299312567072051037883599214826740668927582040078541282960595881933699175625563933406465262002753940983866992590415666330560549200829341075818590850302986927505556360501397594717772881389040670996286609605437321372499819021,122656718328,31945566368116529765404043009319198418117883255831960726930024598625134144102075767198429653481337855164080157082565921191763867398351251127866812930524005507881967733985180831332661121098401658682151637181700605973855011112721002795189435545762778081341992573219210874642867656356371,d+1,284,0.10468
937,31945566368116529765404043009319198418117883255831960726930024598625134144102075767198429653481337855164080157082565921191763867398351251127866812930524005507881967733985180831332661121098401658682151637181700605973855011112721002795189435545762778081341992573219210874642867656356371,15343408938,63891132736233059530808086018638396836235766511663921453860049197250268288204151534396859306962675710328160314165131842383527734796702502255733625861048011015763935467970361662665322242196803317364303274363401211947710022225442005590378871091525556162683985146438421749285750656121681,d-1,284,0.01304
938,63891132736233059530808086018638396836235766511663921453860049197250268288204151534396859306962675710328160314165131842383527734796702502255733625861048011015763935467970361662665322242196803317364303274363401211947710022225442005590378871091525556162683985146438421749285750656121681,187039993998,127782265472466119061616172037276793672471533023327842907720098394500536576408303068793718613925351420656320628330263684767055469593405004511467251722096022031527870935940723325330644484393606634728606548726802423895420044450884011180757742183051112325367970292876843498571688352237361,d+1,284,0.15822
939,127782265472466119061616172037276793672471533023327842907720098394500536576408303068793718613925351420656320628330263684767055469593405004511467251722096022031527870935940723325330644484393606634728606548726802423895420044450884011180757742183051112325367970292876843498571688352237361,216579859908,255564530944932238123232344074553587344943066046655685815440196789001073152816606137587437227850702841312641256660527369534110939186810009022934503444192044063055741871881446650661288968787213269457213097453604847790840088901768022361515484366102224650735940585753686997143593284334631,d-1,285,0.18240
940,255564530944932238123232344074553587344943066046655685815440196789001073152816606137587437227850702841312641256660527369534110939186810009022934503444192044063055741871881446650661288968787213269457213097453604847790840088901768022361515484366102224650735940585753686997143593284334631,6003774438,511129061889864476246464688149107174689886132093311371630880393578002146305633212275174874455701405682625282513321054739068221878373620018045869006888384088126111483743762893301322577937574426538914426194907209695581680177803536044723030968732204449301471881171507373994287192572443701,d-1,285,0.00503
941,511129061889864476246464688149107174689886132093311371630880393578002146305633212275174874455701405682625282513321054739068221878373620018045869006888384088126111483743762893301322577937574426538914426194907209695581680177803536044723030968732204449301471881171507373994287192572443701,19718584536,1022258123779728952492929376298214349379772264186622743261760787156004292611266424550349748911402811365250565026642109478136443756747240036091738013776768176252222967487525786602645155875148853077828852389814419391163360355607072089446061937464408898602943762343014747988574404863471939,d+1,285,0.01646
942,1022258123779728952492929376298214349379772264186622743261760787156004292611266424550349748911402811365250565026642109478136443756747240036091738013776768176252222967487525786602645155875148853077828852389814419391163360355607072089446061937464408898602943762343014747988574404863471939,3002439450,2044516247559457904985858752596428698759544528373245486523521574312008585222532849100699497822805622730501130053284218956272887513494480072183476027553536352504445934975051573205290311750297706155657704779628838782326720711214144178892123874928817797205887524686029495977148812729383329,d-1,286,0.00250
943,2044516247559457904985858752596428698759544528373245486523521574312008585222532849100699497822805622730501130053284218956272887513494480072183476027553536352504445934975051573205290311750297706155657704779628838782326720711214144178892123874928817797205887524686029495977148812729383329,52386767262,4089032495118915809971717505192857397519089056746490973047043148624017170445065698201398995645611245461002260106568437912545775026988960144366952055107072705008891869950103146410580623500595412311315409559257677564653441422428288357784247749857635594411775049372058991954297677845533921,d-1,286,0.04335
944,4089032495118915809971717505192857397519089056746490973047043148624017170445065698201398995645611245461002260106568437912545775026988960144366952055107072705008891869950103146410580623500595412311315409559257677564653441422428288357784247749857635594411775049372058991954297677845533921,112955748396,8178064990237831619943435010385714795038178113492981946094086297248034340890131396402797991291222490922004520213136875825091550053977920288733904110214145410017783739900206292821161247001190824622630819118515355129306882844856576715568495499715271188823550098744117983908595468646816239,d+1,286,0.09307
945,8178064990237831619943435010385714795038178113492981946094086297248034340890131396402797991291222490922004520213136875825091550053977920288733904110214145410017783739900206292821161247001190824622630819118515355129306882844856576715568495499715271188823550098744117983908595468646816239,1354280622,16356129980475663239886870020771429590076356226985963892188172594496068681780262792805595982582444981844009040426273751650183100107955840577467808220428290820035567479800412585642322494002381649245261638237030710258613765689713153431136990999430542377647100197488235967817190938647913101,d-1,286,0.00111
946,16356129980475663239886870020771429590076356226985963892188172594496068681780262792805595982582444981844009040426273751650183100107955840577467808220428290820035567479800412585642322494002381649245261638237030710258613765689713153431136990999430542377647100197488235967817190938647913101,5126783196,32712259960951326479773740041542859180152712453971927784376345188992137363560525585611191965164889963688018080852547503300366200215911681154935616440856581640071134959600825171284644988004763298490523276474061420517227531379426306862273981998861084755294200394976471935634381882422609399,d+1,287,0.00419
947,32712259960951326479773740041542859180152712453971927784376345188992137363560525585611191965164889963688018080852547503300366200215911681154935616440856581640071134959600825171284644988004763298490523276474061420517227531379426306862273981998861084755294200394976471935634381882422609399,4990372728,65424519921902652959547480083085718360305424907943855568752690377984274727121051171222383930329779927376036161705095006600732400431823362309871232881713163280142269919201650342569289976009526596981046552948122841034455062758852613724547963997722169510588400789952943871268763769835591527,d-1,287,0.00406
948,65424519921902652959547480083085718360305424907943855568752690377984274727121051171222383930329779927376036161705095006600732400431823362309871232881713163280142269919201650342569289976009526596981046552948122841034455062758852613724547963997722169510588400789952943871268763769835591527,41907066432,130849039843805305919094960166171436720610849815887711137505380755968549454242102342444767860659559854752072323410190013201464800863646724619742465763426326560284539838403300685138579952019053193962093105896245682068910125517705227449095927995444339021176801579905887742537527581578249487,d-1,287,0.03393
949,130849039843805305919094960166171436720610849815887711137505380755968549454242102342444767860659559854752072323410190013201464800863646724619742465763426326560284539838403300685138579952019053193962093105896245682068910125517705227449095927995444339021176801579905887742537527581578249487,24649139502,261698079687610611838189920332342873441221699631775422275010761511937098908484204684889535721319119709504144646820380026402929601727293449239484931526852653120569079676806601370277159904038106387924186211792491364137820251035410454898191855990888678042353603159811775485075055187805638477,d+1,288,0.01987
950,261698079687610611838189920332342873441221699631775422275010761511937098908484204684889535721319119709504144646820380026402929601727293449239484931526852653120569079676806601370277159904038106387924186211792491364137820251035410454898191855990888678042353603159811775485075055187805638477,16612382694,523396159375221223676379840664685746882443399263550844550021523023874197816968409369779071442638239419008289293640760052805859203454586898478969863053705306241138159353613202740554319808076212775848372423584982728275640502070820909796383711981777356084707206319623550970150110392223659649,d-1,288,0.01333
951,523396159375221223676379840664685746882443399263550844550021523023874197816968409369779071442638239419008289293640760052805859203454586898478969863053705306241138159353613202740554319808076212775848372423584982728275640502070820909796383711981777356084707206319623550970150110392223659649,118184512002,1046792318750442447352759681329371493764886798527101689100043046047748395633936818739558142885276478838016578587281520105611718406909173796957939726107410612482276318707226405481108639616152425551696744847169965456551281004141641819592767423963554712169414412639247101940300220902631831301,d-1,288,0.09444
952,1046792318750442447352759681329371493764886798527101689100043046047748395633936818739558142885276478838016578587281520105611718406909173796957939726107410612482276318707226405481108639616152425551696744847169965456551281004141641819592767423963554712169414412639247101940300220902631831301,54881941086,2093584637500884894705519362658742987529773597054203378200086092095496791267873637479116285770552957676033157174563040211223436813818347593915879452214821224964552637414452810962217279232304851103393489694339930913102562008283283639185534847927109424338828825278494203880600441860145603689,d+1,289,0.04367
953,2093584637500884894705519362658742987529773597054203378200086092095496791267873637479116285770552957676033157174563040211223436813818347593915879452214821224964552637414452810962217279232304851103393489694339930913102562008283283639185534847927109424338828825278494203880600441860145603689,16218586500,4187169275001769789411038725317485975059547194108406756400172184190993582535747274958232571541105915352066314349126080422446873627636695187831758904429642449929105274828905621924434558464609702206786979388679861826205124016566567278371069695854218848677657650556988407761200883736509793879,d-1,289,0.01285
954,4187169275001769789411038725317485975059547194108406756400172184190993582535747274958232571541105915352066314349126080422446873627636695187831758904429642449929105274828905621924434558464609702206786979388679861826205124016566567278371069695854218848677657650556988407761200883736509793879,31298608848,8374338550003539578822077450634971950119094388216813512800344368381987165071494549916465143082211830704132628698252160844893747255273390375663517808859284899858210549657811243848869116929219404413573958777359723652410248033133134556742139391708437697355315301113976815522401767504318196607,d+1,289,0.02469
955,8374338550003539578822077450634971950119094388216813512800344368381987165071494549916465143082211830704132628698252160844893747255273390375663517808859284899858210549657811243848869116929219404413573958777359723652410248033133134556742139391708437697355315301113976815522401767504318196607,80996940282,16748677100007079157644154901269943900238188776433627025600688736763974330142989099832930286164423661408265257396504321689787494510546780751327035617718569799716421099315622487697738233858438808827147917554719447304820496066266269113484278783416875394710630602227953631044803535089633333497,d-1,289,0.06361
956,16748677100007079157644154901269943900238188776433627025600688736763974330142989099832930286164423661408265257396504321689787494510546780751327035617718569799716421099315622487697738233858438808827147917554719447304820496066266269113484278783416875394710630602227953631044803535089633333497,5506070292,33497354200014158315288309802539887800476377552867254051201377473527948660285978199665860572328847322816530514793008643379574989021093561502654071235437139599432842198631244975395476467716877617654295835109438894609640992132532538226968557566833750789421261204455907262089607070184772737287,d+1,290,0.00431
957,33497354200014158315288309802539887800476377552867254051201377473527948660285978199665860572328847322816530514793008643379574989021093561502654071235437139599432842198631244975395476467716877617654295835109438894609640992132532538226968557566833750789421261204455907262089607070184772737287,12444622242,66994708400028316630576619605079775600952755105734508102402754947055897320571956399331721144657694645633061029586017286759149978042187123005308142470874279198865684397262489950790952935433755235308591670218877789219281984265065076453937115133667501578842522408911814524179214140381990096817,both,290,0.00969
958,66994708400028316630576619605079775600952755105734508102402754947055897320571956399331721144657694645633061029586017286759149978042187123005308142470874279198865684397262489950790952935433755235308591670218877789219281984265065076453937115133667501578842522408911814524179214140381990096817,10921825224,133989416800056633261153239210159551201905510211469016204805509894111794641143912798663442289315389291266122059172034573518299956084374246010616284941748558397731368794524979901581905870867510470617183340437755578438563968530130152907874230267335003157685044817823629048358428280774902018859,d-1,290,0.00847
959,133989416800056633261153239210159551201905510211469016204805509894111794641143912798663442289315389291266122059172034573518299956084374246010616284941748558397731368794524979901581905870867510470617183340437755578438563968530130152907874230267335003157685044817823629048358428280774902018859,35053377450,267978833600113266522306478420319102403811020422938032409611019788223589282287825597326884578630778582532244118344069147036599912168748492021232569883497116795462737589049959803163811741735020941234366680875511156877127937060260305815748460534670006315370089635647258096716856561584857415169,both,291,0.02706
960,267978833600113266522306478420319102403811020422938032409611019788223589282287825597326884578630778582532244118344069147036599912168748492021232569883497116795462737589049959803163811741735020941234366680875511156877127937060260305815748460534670006315370089635647258096716856561584857415169,23153039010,535957667200226533044612956840638204807622040845876064819222039576447178564575651194653769157261557165064488236688138294073199824337496984042465139766994233590925475178099919606327623483470041882468733361751022313754255874120520611631496921069340012630740179271294516193433713123192867869349,d-1,291,0.01780
961,535957667200226533044612956840638204807622040845876064819222039576447178564575651194653769157261557165064488236688138294073199824337496984042465139766994233590925475178099919606327623483470041882468733361751022313754255874120520611631496921069340012630740179271294516193433713123192867869349,48027344952,1071915334400453066089225913681276409615244081691752129638444079152894357129151302389307538314523114330128976473376276588146399648674993968084930279533988467181850950356199839212655246966940083764937466723502044627508511748241041223262993842138680025261480358542589032386867426246433763083651,d-1,291,0.03676
962,1071915334400453066089225913681276409615244081691752129638444079152894357129151302389307538314523114330128976473376276588146399648674993968084930279533988467181850950356199839212655246966940083764937466723502044627508511748241041223262993842138680025261480358542589032386867426246433763083651,121575464076,2143830668800906132178451827362552819230488163383504259276888158305788714258302604778615076629046228660257952946752553176292799297349987936169860559067976934363701900712399678425310493933880167529874933447004089255017023496482082446525987684277360050522960717085178064773734852492989101631379,d+1,292,0.09264
963,2143830668800906132178451827362552819230488163383504259276888158305788714258302604778615076629046228660257952946752553176292799297349987936169860559067976934363701900712399678425310493933880167529874933447004089255017023496482082446525987684277360050522960717085178064773734852492989101631379,24299017968,4287661337601812264356903654725105638460976326767008518553776316611577428516605209557230153258092457320515905893505106352585598594699975872339721118135953868727403801424799356850620987867760335059749866894008178510034046992964164893051975368554720101045921434170356129547469704986002502280727,d+1,292,0.01844
964,4287661337601812264356903654725105638460976326767008518553776316611577428516605209557230153258092457320515905893505106352585598594699975872339721118135953868727403801424799356850620987867760335059749866894008178510034046992964164893051975368554720101045921434170356129547469704986002502280727,50208310932,8575322675203624528713807309450211276921952653534017037107552633223154857033210419114460306516184914641031811787010212705171197189399951744679442236271907737454807602849598713701241975735520670119499733788016357020068093985928329786103950737109440202091842868340712259094939409972055212872387,d-1,292,0.03793
965,8575322675203624528713807309450211276921952653534017037107552633223154857033210419114460306516184914641031811787010212705171197189399951744679442236271907737454807602849598713701241975735520670119499733788016357020068093985928329786103950737109440202091842868340712259094939409972055212872387,181185392742,17150645350407249057427614618900422553843905307068034074215105266446309714066420838228920613032369829282063623574020425410342394378799903489358884472543815474909615205699197427402483951471041340238999467576032714040136187971856659572207901474218880404183685736681424518189878819944291611137517,d-1,292,0.13630
966,17150645350407249057427614618900422553843905307068034074215105266446309714066420838228920613032369829282063623574020425410342394378799903489358884472543815474909615205699197427402483951471041340238999467576032714040136187971856659572207901474218880404183685736681424518189878819944291611137517,154122690054,34301290700814498114855229237800845107687810614136068148430210532892619428132841676457841226064739658564127247148040850820684788757599806978717768945087630949819230411398394854804967902942082680477998935152065428080272375943713319144415802948437760808367371473362849036379757639888737344965089,d-1,293,0.11545
967,34301290700814498114855229237800845107687810614136068148430210532892619428132841676457841226064739658564127247148040850820684788757599806978717768945087630949819230411398394854804967902942082680477998935152065428080272375943713319144415802948437760808367371473362849036379757639888737344965089,139063043988,68602581401628996229710458475601690215375621228272136296860421065785238856265683352915682452129479317128254494296081701641369577515199613957435537890175261899638460822796789709609935805884165360955997870304130856160544751887426638288831605896875521616734742946725698072759515279777613752974167,d+1,293,0.10372
968,68602581401628996229710458475601690215375621228272136296860421065785238856265683352915682452129479317128254494296081701641369577515199613957435537890175261899638460822796789709609935805884165360955997870304130856160544751887426638288831605896875521616734742946725698072759515279777613752974167,10102397484,137205162803257992459420916951203380430751242456544272593720842131570477712531366705831364904258958634256508988592163403282739155030399227914871075780350523799276921645593579419219871611768330721911995740608261712321089503774853276577663211793751043233469485893451396145519030559555237608345819,d-1,293,0.00750
969,137205162803257992459420916951203380430751242456544272593720842131570477712531366705831364904258958634256508988592163403282739155030399227914871075780350523799276921645593579419219871611768330721911995740608261712321089503774853276577663211793751043233469485893451396145519030559555237608345819,61427176950,274410325606515984918841833902406760861502484913088545187441684263140955425062733411662729808517917268513017977184326806565478310060798455829742151560701047598553843291187158838439743223536661443823991481216523424642179007549706553155326423587502086466938971786902792291038061119110536643868589,d-1,294,0.04543
970,274410325606515984918841833902406760861502484913088545187441684263140955425062733411662729808517917268513017977184326806565478310060798455829742151560701047598553843291187158838439743223536661443823991481216523424642179007549706553155326423587502086466938971786902792291038061119110536643868589,26105496750,548820651213031969837683667804813521723004969826177090374883368526281910850125466823325459617035834537026035954368653613130956620121596911659484303121402095197107686582374317676879486447073322887647982962433046849284358015099413106310652847175004172933877943573805584582076122238221099393233929,both,294,0.01922
971,548820651213031969837683667804813521723004969826177090374883368526281910850125466823325459617035834537026035954368653613130956620121596911659484303121402095197107686582374317676879486447073322887647982962433046849284358015099413106310652847175004172933877943573805584582076122238221099393233929,54447688788,1097641302426063939675367335609627043446009939652354180749766737052563821700250933646650919234071669074052071908737307226261913240243193823318968606242804190394215373164748635353758972894146645775295965924866093698568716030198826212621305694350008345867755887147611169164152244476442253234156647,d-1,294,0.03992
972,1097641302426063939675367335609627043446009939652354180749766737052563821700250933646650919234071669074052071908737307226261913240243193823318968606242804190394215373164748635353758972894146645775295965924866093698568716030198826212621305694350008345867755887147611169164152244476442253234156647,1205651926884,2195282604852127879350734671219254086892019879304708361499533474105127643400501867293301838468143338148104143817474614452523826480486387646637937212485608380788430746329497270707517945788293291550591931849732187397137432060397652425242611388700016691735511774295222338328304488952885712120240179,d-1,295,0.88030
973,2195282604852127879350734671219254086892019879304708361499533474105127643400501867293301838468143338148104143817474614452523826480486387646637937212485608380788430746329497270707517945788293291550591931849732187397137432060397652425242611388700016691735511774295222338328304488952885712120240179,11002329480,4390565209704255758701469342438508173784039758609416722999066948210255286801003734586603676936286676296208287634949228905047652960972775293275874424971216761576861492658994541415035891576586583101183863699464374794274864120795304850485222777400033383471023548590444676656608977905771435242809839,d-1,295,0.00800
974,4390565209704255758701469342438508173784039758609416722999066948210255286801003734586603676936286676296208287634949228905047652960972775293275874424971216761576861492658994541415035891576586583101183863699464374794274864120795304850485222777400033383471023548590444676656608977905771435242809839,53282793618,8781130419408511517402938684877016347568079517218833445998133896420510573602007469173207353872573352592416575269898457810095305921945550586551748849942433523153722985317989082830071783153173166202367727398928749588549728241590609700970445554800066766942047097180889353313217955811542923768413297,d-1,295,0.03858
975,8781130419408511517402938684877016347568079517218833445998133896420510573602007469173207353872573352592416575269898457810095305921945550586551748849942433523153722985317989082830071783153173166202367727398928749588549728241590609700970445554800066766942047097180889353313217955811542923768413297,7537532712,17562260838817023034805877369754032695136159034437666891996267792841021147204014938346414707745146705184833150539796915620190611843891101173103497699884867046307445970635978165660143566306346332404735454797857499177099456483181219401940891109600133533884094194361778706626435911623085855074359307,d+1,295,0.00543
976,17562260838817023034805877369754032695136159034437666891996267792841021147204014938346414707745146705184833150539796915620190611843891101173103497699884867046307445970635978165660143566306346332404735454797857499177099456483181219401940891109600133533884094194361778706626435911623085855074359307,161703323322,35124521677634046069611754739508065390272318068875333783992535585682042294408029876692829415490293410369666301079593831240381223687782202346206995399769734092614891941271956331320287132612692664809470909595714998354198912966362438803881782219200267067768188388723557413252871823246171871852041937,d+1,296,0.11608
977,35124521677634046069611754739508065390272318068875333783992535585682042294408029876692829415490293410369666301079593831240381223687782202346206995399769734092614891941271956331320287132612692664809470909595714998354198912966362438803881782219200267067768188388723557413252871823246171871852041937,38048245224,70249043355268092139223509479016130780544636137750667567985071171364084588816059753385658830980586820739332602159187662480762447375564404692413990799539468185229783882543912662640574265225385329618941819191429996708397825932724877607763564438400534135536376777447114826505743646492343781752329099,d-1,296,0.02720
978,70249043355268092139223509479016130780544636137750667567985071171364084588816059753385658830980586820739332602159187662480762447375564404692413990799539468185229783882543912662640574265225385329618941819191429996708397825932724877607763564438400534135536376777447114826505743646492343781752329099,64403430108,140498086710536184278447018958032261561089272275501335135970142342728169177632119506771317661961173641478665204318375324961524894751128809384827981599078936370459567765087825325281148530450770659237883638382859993416795651865449755215527128876801068271072753554894229653011487292984687627908088307,d-1,296,0.04584
979,140498086710536184278447018958032261561089272275501335135970142342728169177632119506771317661961173641478665204318375324961524894751128809384827981599078936370459567765087825325281148530450770659237883638382859993416795651865449755215527128876801068271072753554894229653011487292984687627908088307,82503381594,280996173421072368556894037916064523122178544551002670271940284685456338355264239013542635323922347282957330408636750649923049789502257618769655963198157872740919135530175650650562297060901541318475767276765719986833591303730899510431054257753602136542145507109788459306022974585969375338319558209,d-1,297,0.05848
980,280996173421072368556894037916064523122178544551002670271940284685456338355264239013542635323922347282957330408636750649923049789502257618769655963198157872740919135530175650650562297060901541318475767276765719986833591303730899510431054257753602136542145507109788459306022974585969375338319558209,38738123922,561992346842144737113788075832129046244357089102005340543880569370912676710528478027085270647844694565914660817273501299846099579004515237539311926396315745481838271060351301301124594121803082636951534553531439973667182607461799020862108515507204273084291014219576918612045949171938750715377240341,d+1,297,0.02734
981,561992346842144737113788075832129046244357089102005340543880569370912676710528478027085270647844694565914660817273501299846099579004515237539311926396315745481838271060351301301124594121803082636951534553531439973667182607461799020862108515507204273084291014219576918612045949171938750715377240341,31314699456,1123984693684289474227576151664258092488714178204010681087761138741825353421056956054170541295689389131829321634547002599692199158009030475078623852792631490963676542120702602602249188243606165273903069107062879947334365214923598041724217031014408546168582028439153837224091898343877501462069180139,d+1,297,0.02201
982,1123984693684289474227576151664258092488714178204010681087761138741825353421056956054170541295689389131829321634547002599692199158009030475078623852792631490963676542120702602602249188243606165273903069107062879947334365214923598041724217031014408546168582028439153837224091898343877501462069180139,10622657430,2247969387368578948455152303328516184977428356408021362175522277483650706842113912108341082591378778263658643269094005199384398316018060950157247705585262981927353084241405205204498376487212330547806138214125759894668730429847196083448434062028817092337164056878307674448183796687755002934761017709,d-1,298,0.00743
983,2247969387368578948455152303328516184977428356408021362175522277483650706842113912108341082591378778263658643269094005199384398316018060950157247705585262981927353084241405205204498376487212330547806138214125759894668730429847196083448434062028817092337164056878307674448183796687755002934761017709,87879166512,4495938774737157896910304606657032369954856712816042724351044554967301413684227824216682165182757556527317286538188010398768796632036121900314495411170525963854706168482810410408996752974424661095612276428251519789337460859694392166896868124057634184674328113756615348896367593375510005957401201931,d-1,298,0.06125
984,4495938774737157896910304606657032369954856712816042724351044554967301413684227824216682165182757556527317286538188010398768796632036121900314495411170525963854706168482810410408996752974424661095612276428251519789337460859694392166896868124057634184674328113756615348896367593375510005957401201931,292266010026,8991877549474315793820609213314064739909713425632085448702089109934602827368455648433364330365515113054634573076376020797537593264072243800628990822341051927709412336965620820817993505948849322191224552856503039578674921719388784333793736248115268369348656227513230697792735186751020012207068413889,d+1,298,0.20285
985,8991877549474315793820609213314064739909713425632085448702089109934602827368455648433364330365515113054634573076376020797537593264072243800628990822341051927709412336965620820817993505948849322191224552856503039578674921719388784333793736248115268369348656227513230697792735186751020012207068413889,201435292512,17983755098948631587641218426628129479819426851264170897404178219869205654736911296866728660731030226109269146152752041595075186528144487601257981644682103855418824673931241641635987011897698644382449105713006079157349843438777568667587472496230536738697312455026461395585470373502040024615572120291,d-1,298,0.13922
986,17983755098948631587641218426628129479819426851264170897404178219869205654736911296866728660731030226109269146152752041595075186528144487601257981644682103855418824673931241641635987011897698644382449105713006079157349843438777568667587472496230536738697312455026461395585470373502040024615572120291,66608068758,35967510197897263175282436853256258959638853702528341794808356439738411309473822593733457321462060452218538292305504083190150373056288975202515963289364207710837649347862483283271974023795397288764898211426012158314699686877555137335174944992461073477394624910052922791170940747004080049297752309341,d-1,299,0.04584
987,35967510197897263175282436853256258959638853702528341794808356439738411309473822593733457321462060452218538292305504083190150373056288975202515963289364207710837649347862483283271974023795397288764898211426012158314699686877555137335174944992461073477394624910052922791170940747004080049297752309341,381278800116,71935020395794526350564873706512517919277707405056683589616712879476822618947645187466914642924120904437076584611008166380300746112577950405031926578728415421675298695724966566543948047590794577529796422852024316629399373755110274670349889984922146954789249820105845582341881494008160098976783418799,d+1,299,0.26132
988,71935020395794526350564873706512517919277707405056683589616712879476822618947645187466914642924120904437076584611008166380300746112577950405031926578728415421675298695724966566543948047590794577529796422852024316629399373755110274670349889984922146954789249820105845582341881494008160098976783418799,17843179458,143870040791589052701129747413025035838555414810113367179233425758953645237895290374933829285848241808874153169222016332760601492225155900810063853157456830843350597391449933133087896095181589155059592845704048633258798747510220549340699779969844293909578499640211691164683762988016320197971410017057,d-1,299,0.01218
989,143870040791589052701129747413025035838555414810113367179233425758953645237895290374933829285848241808874153169222016332760601492225155900810063853157456830843350597391449933133087896095181589155059592845704048633258798747510220549340699779969844293909578499640211691164683762988016320197971410017057,296328610554,287740081583178105402259494826050071677110829620226734358466851517907290475790580749867658571696483617748306338444032665521202984450311801620127706314913661686701194782899866266175792190363178310119185691408097266517597495020441098681399559939688587819156999280423382329367525976032640396239148644669,d-1,300,0.20140
990,287740081583178105402259494826050071677110829620226734358466851517907290475790580749867658571696483617748306338444032665521202984450311801620127706314913661686701194782899866266175792190363178310119185691408097266517597495020441098681399559939688587819156999280423382329367525976032640396239148644669,24230629992,575480163166356210804518989652100143354221659240453468716933703035814580951581161499735317143392967235496612676888065331042405968900623603240255412629827323373402389565799732532351584380726356620238371382816194533035194990040882197362799119879377175638313998560846764658735051952065280792502527919331,d-1,300,0.01640
991,575480163166356210804518989652100143354221659240453468716933703035814580951581161499735317143392967235496612676888065331042405968900623603240255412629827323373402389565799732532351584380726356620238371382816194533035194990040882197362799119879377175638313998560846764658735051952065280792502527919331,27237067716,1150960326332712421609037979304200286708443318480906937433867406071629161903162322999470634286785934470993225353776130662084811937801247206480510825259654646746804779131599465064703168761452713240476742765632389066070389980081764394725598239758754351276627997121693529317470103904130561585032292906379,d+1,300,0.01836
992,1150960326332712421609037979304200286708443318480906937433867406071629161903162322999470634286785934470993225353776130662084811937801247206480510825259654646746804779131599465064703168761452713240476742765632389066070389980081764394725598239758754351276627997121693529317470103904130561585032292906379,11875232232,2301920652665424843218075958608400573416886636961813874867734812143258323806324645998941268573571868941986450707552261324169623875602494412961021650519309293493609558263198930129406337522905426480953485531264778132140779960163528789451196479517508702553255994243387058634940207808261123170076461044991,d-1,301,0.00797
993,2301920652665424843218075958608400573416886636961813874867734812143258323806324645998941268573571868941986450707552261324169623875602494412961021650519309293493609558263198930129406337522905426480953485531264778132140779960163528789451196479517508702553255994243387058634940207808261123170076461044991,102586133178,4603841305330849686436151917216801146833773273923627749735469624286516647612649291997882537147143737883972901415104522648339247751204988825922043301038618586987219116526397860258812675045810852961906971062529556264281559920327057578902392959035017405106511988486774117269880415616522246340255508223161,d+1,301,0.06857
994,4603841305330849686436151917216801146833773273923627749735469624286516647612649291997882537147143737883972901415104522648339247751204988825922043301038618586987219116526397860258812675045810852961906971062529556264281559920327057578902392959035017405106511988486774117269880415616522246340255508223161,14938692798,9207682610661699372872303834433602293667546547847255499470939248573033295225298583995765074294287475767945802830209045296678495502409977651844086602077237173974438233052795720517625350091621705923813942125059112528563119840654115157804785918070034810213023976973548234539760831233044492680525955139121,d+1,301,0.00994
995,9207682610661699372872303834433602293667546547847255499470939248573033295225298583995765074294287475767945802830209045296678495502409977651844086602077237173974438233052795720517625350091621705923813942125059112528563119840654115157804785918070034810213023976973548234539760831233044492680525955139121,53960372826,18415365221323398745744607668867204587335093095694510998941878497146066590450597167991530148588574951535891605660418090593356991004819955303688173204154474347948876466105591441035250700183243411847627884250118225057126239681308230315609571836140069620426047953947096469079521662466088985361105870651069,d+1,301,0.03577
996,18415365221323398745744607668867204587335093095694510998941878497146066590450597167991530148588574951535891605660418090593356991004819955303688173204154474347948876466105591441035250700183243411847627884250118225057126239681308230315609571836140069620426047953947096469079521662466088985361105870651069,16554772938,36830730442646797491489215337734409174670186191389021997883756994292133180901194335983060297177149903071783211320836181186713982009639910607376346408308948695897752932211182882070501400366486823695255768500236450114252479362616460631219143672280139240852095907894192938159043324932177970722228296075077,d+1,302,0.01093
997,36830730442646797491489215337734409174670186191389021997883756994292133180901194335983060297177149903071783211320836181186713982009639910607376346408308948695897752932211182882070501400366486823695255768500236450114252479362616460631219143672280139240852095907894192938159043324932177970722228296075077,3631874382,73661460885293594982978430675468818349340372382778043995767513988584266361802388671966120594354299806143566422641672362373427964019279821214752692816617897391795505864422365764141002800732973647390511537000472900228504958725232921262438287344560278481704191815788385876318086649864355941444460224024537,d+1,302,0.00239
998,73661460885293594982978430675468818349340372382778043995767513988584266361802388671966120594354299806143566422641672362373427964019279821214752692816617897391795505864422365764141002800732973647390511537000472900228504958725232921262438287344560278481704191815788385876318086649864355941444460224024537,28577653422,147322921770587189965956861350937636698680744765556087991535027977168532723604777343932241188708599612287132845283344724746855928038559642429505385633235794783591011728844731528282005601465947294781023074000945800457009917450465842524876574689120556963408383631576771752636173299728711882888949025702497,d-1,302,0.01871
999,147322921770587189965956861350937636698680744765556087991535027977168532723604777343932241188708599612287132845283344724746855928038559642429505385633235794783591011728844731528282005601465947294781023074000945800457009917450465842524876574689120556963408383631576771752636173299728711882888949025702497,6455754252,294645843541174379931913722701875273397361489531112175983070055954337065447209554687864482377417199224574265690566689449493711856077119284859010771266471589567182023457689463056564011202931894589562046148001891600914019834900931685049753149378241113926816767263153543505272346599457423765777904507159247,d-1,303,0.00421
1000,294645843541174379931913722701875273397361489531112175983070055954337065447209554687864482377417199224574265690566689449493711856077119284859010771266471589567182023457689463056564011202931894589562046148001891600914019834900931685049753149378241113926816767263153543505272346599457423765777904507159247,68104137384,589291687082348759863827445403750546794722979062224351966140111908674130894419109375728964754834398449148531381133378898987423712154238569718021542532943179134364046915378926113128022405863789179124092296003783201828039669801863370099506298756482227853633534526307087010544693198914847531555877118455879,d-1,303,0.04422
1001,589291687082348759863827445403750546794722979062224351966140111908674130894419109375728964754834398449148531381133378898987423712154238569718021542532943179134364046915378926113128022405863789179124092296003783201828039669801863370099506298756482227853633534526307087010544693198914847531555877118455879,157668887400,1178583374164697519727654890807501093589445958124448703932280223817348261788838218751457929509668796898297062762266757797974847424308477139436043085065886358268728093830757852226256044811727578358248184592007566403656079339603726740199012597512964455707267069052614174021089386397829695063111911905799159,d+1,303,0.10195
1002,1178583374164697519727654890807501093589445958124448703932280223817348261788838218751457929509668796898297062762266757797974847424308477139436043085065886358268728093830757852226256044811727578358248184592007566403656079339603726740199012597512964455707267069052614174021089386397829695063111911905799159,3518878842,2357166748329395039455309781615002187178891916248897407864560447634696523577676437502915859019337593796594125524533515595949694848616954278872086170131772716537456187661515704452512089623455156716496369184015132807312158679207453480398025195025928911414534138105228348042178772795659390126223827330477161,d+1,304,0.00227
1003,2357166748329395039455309781615002187178891916248897407864560447634696523577676437502915859019337593796594125524533515595949694848616954278872086170131772716537456187661515704452512089623455156716496369184015132807312158679207453480398025195025928911414534138105228348042178772795659390126223827330477161,341644151586,4714333496658790078910619563230004374357783832497794815729120895269393047155352875005831718038675187593188251049067031191899389697233908557744172340263545433074912375323031408905024179246910313432992738368030265614624317358414906960796050390051857822829068276210456696084357545591318780252447996305105909,d+1,304,0.21909
1004,4714333496658790078910619563230004374357783832497794815729120895269393047155352875005831718038675187593188251049067031191899389697233908557744172340263545433074912375323031408905024179246910313432992738368030265614624317358414906960796050390051857822829068276210456696084357545591318780252447996305105909,41346366438,9428666993317580157821239126460008748715567664995589631458241790538786094310705750011663436077350375186376502098134062383798779394467817115488344680527090866149824750646062817810048358493820626865985476736060531229248634716829813921592100780103715645658136552420913392168715091182637560504896033956578257,d-1,304,0.02641
1005,9428666993317580157821239126460008748715567664995589631458241790538786094310705750011663436077350375186376502098134062383798779394467817115488344680527090866149824750646062817810048358493820626865985476736060531229248634716829813921592100780103715645658136552420913392168715091182637560504896033956578257,11138735214,18857333986635160315642478252920017497431135329991179262916483581077572188621411500023326872154700750372753004196268124767597558788935634230976689361054181732299649501292125635620096716987641253731970953472121062458497269433659627843184201560207431291316273104841826784337430182365275121009792079051891729,d-1,304,0.00708
1006,18857333986635160315642478252920017497431135329991179262916483581077572188621411500023326872154700750372753004196268124767597558788935634230976689361054181732299649501292125635620096716987641253731970953472121062458497269433659627843184201560207431291316273104841826784337430182365275121009792079051891729,239687172,37714667973270320631284956505840034994862270659982358525832967162155144377242823000046653744309401500745506008392536249535195117577871268461953378722108363464599299002584251271240193433975282507463941906944242124916994538867319255686368403120414862582632546209683653568674860364730550242019584158343470631,d-1,305,0.00015
1007,37714667973270320631284956505840034994862270659982358525832967162155144377242823000046653744309401500745506008392536249535195117577871268461953378722108363464599299002584251271240193433975282507463941906944242124916994538867319255686368403120414862582632546209683653568674860364730550242019584158343470631,63259475706,75429335946540641262569913011680069989724541319964717051665934324310288754485646000093307488618803001491012016785072499070390235155742536923906757444216726929198598005168502542480386867950565014927883813888484249833989077734638511372736806240829725165265092419367307137349720729461100484039168379946416969,d+1,305,0.03991
1008,75429335946540641262569913011680069989724541319964717051665934324310288754485646000093307488618803001491012016785072499070390235155742536923906757444216726929198598005168502542480386867950565014927883813888484249833989077734638511372736806240829725165265092419367307137349720729461100484039168379946416969,12290499132,150858671893081282525139826023360139979449082639929434103331868648620577508971292000186614977237606002982024033570144998140780470311485073847813514888433453858397196010337005084960773735901130029855767627776968499667978155469277022745473612481659450330530184838734614274699441458922200968078336772183333071,d-1,305,0.00772
1009,150858671893081282525139826023360139979449082639929434103331868648620577508971292000186614977237606002982024033570144998140780470311485073847813514888433453858397196010337005084960773735901130029855767627776968499667978155469277022745473612481659450330530184838734614274699441458922200968078336772183333071,105821091348,301717343786162565050279652046720279958898165279858868206663737297241155017942584000373229954475212005964048067140289996281560940622970147695627029776866907716794392020674010169921547471802260059711535255553936999335956310938554045490947224963318900661060369677469228549398882917844401936156673650187757491,d+1,306,0.06621
1010,301717343786162565050279652046720279958898165279858868206663737297241155017942584000373229954475212005964048067140289996281560940622970147695627029776866907716794392020674010169921547471802260059711535255553936999335956310938554045490947224963318900661060369677469228549398882917844401936156673650187757491,15657531018,603434687572325130100559304093440559917796330559717736413327474594482310035885168000746459908950424011928096134280579992563121881245940295391254059553733815433588784041348020339843094943604520119423070511107873998671912621877108090981894449926637801322120739354938457098797765835688803872313347316033046001,d-1,306,0.00976
1011,603434687572325130100559304093440559917796330559717736413327474594482310035885168000746459908950424011928096134280579992563121881245940295391254059553733815433588784041348020339843094943604520119423070511107873998671912621877108090981894449926637801322120739354938457098797765835688803872313347316033046001,64656891666,1206869375144650260201118608186881119835592661119435472826654949188964620071770336001492919817900848023856192268561159985126243762491880590782508119107467630867177568082696040679686189887209040238846141022215747997343825243754216181963788899853275602644241478709876914197595531671377607744626694696722983669,d+1,306,0.04012
1012,1206869375144650260201118608186881119835592661119435472826654949188964620071770336001492919817900848023856192268561159985126243762491880590782508119107467630867177568082696040679686189887209040238846141022215747997343825243754216181963788899853275602644241478709876914197595531671377607744626694696722983669,29470142442,2413738750289300520402237216373762239671185322238870945653309898377929240143540672002985839635801696047712384537122319970252487524983761181565016238214935261734355136165392081359372379774418080477692282044431495994687650487508432363927577799706551205288482957419753828395191063342755215489253389422916109781,d-1,307,0.01821
1013,2413738750289300520402237216373762239671185322238870945653309898377929240143540672002985839635801696047712384537122319970252487524983761181565016238214935261734355136165392081359372379774418080477692282044431495994687650487508432363927577799706551205288482957419753828395191063342755215489253389422916109781,227464934868,4827477500578601040804474432747524479342370644477741891306619796755858480287081344005971679271603392095424769074244639940504975049967522363130032476429870523468710272330784162718744759548836160955384564088862991989375300975016864727855155599413102410576965914839507656790382126685510430978506779073297154431,d+1,307,0.14001
1014,4827477500578601040804474432747524479342370644477741891306619796755858480287081344005971679271603392095424769074244639940504975049967522363130032476429870523468710272330784162718744759548836160955384564088862991989375300975016864727855155599413102410576965914839507656790382126685510430978506779073297154431,82135558698,9654955001157202081608948865495048958684741288955483782613239593511716960574162688011943358543206784190849538148489279881009950099935044726260064952859741046937420544661568325437489519097672321910769128177725983978750601950033729455710311198826204821153931829679015313580764253371020861957013558228729867561,d-1,307,0.05035
1015,9654955001157202081608948865495048958684741288955483782613239593511716960574162688011943358543206784190849538148489279881009950099935044726260064952859741046937420544661568325437489519097672321910769128177725983978750601950033729455710311198826204821153931829679015313580764253371020861957013558228729867561,301913298768,19309910002314404163217897730990097917369482577910967565226479187023433921148325376023886717086413568381699076296978559762019900199870089452520129905719482093874841089323136650874979038195344643821538256355451967957501203900067458911420622397652409642307863659358030627161528506742041723914027116759373033891,d-1,307,0.18433
1016,19309910002314404163217897730990097917369482577910967565226479187023433921148325376023886717086413568381699076296978559762019900199870089452520129905719482093874841089323136650874979038195344643821538256355451967957501203900067458911420622397652409642307863659358030627161528506742041723914027116759373033891,477968158476,38619820004628808326435795461980195834738965155821935130452958374046867842296650752047773434172827136763398152593957119524039800399740178905040259811438964187749682178646273301749958076390689287643076512710903935915002407800134917822841244795304819284615727318716061254323057013484083447828054233996714226259,d+1,308,0.29063
1017,38619820004628808326435795461980195834738965155821935130452958374046867842296650752047773434172827136763398152593957119524039800399740178905040259811438964187749682178646273301749958076390689287643076512710903935915002407800134917822841244795304819284615727318716061254323057013484083447828054233996714226259,47855967342,77239640009257616652871590923960391669477930311643870260905916748093735684593301504095546868345654273526796305187914239048079600799480357810080519622877928375499364357292546603499916152781378575286153025421807871830004815600269835645682489590609638569231454637432122508646114026968166895656108468041284419861,d+1,308,0.02898
1018,77239640009257616652871590923960391669477930311643870260905916748093735684593301504095546868345654273526796305187914239048079600799480357810080519622877928375499364357292546603499916152781378575286153025421807871830004815600269835645682489590609638569231454637432122508646114026968166895656108468041284419861,22587227178,154479280018515233305743181847920783338955860623287740521811833496187471369186603008191093736691308547053592610375828478096159201598960715620161039245755856750998728714585093206999832305562757150572306050843615743660009631200539671291364979181219277138462909274864245017292228053936333791312216936105156066901,d-1,308,0.01362
1019,154479280018515233305743181847920783338955860623287740521811833496187471369186603008191093736691308547053592610375828478096159201598960715620161039245755856750998728714585093206999832305562757150572306050843615743660009631200539671291364979181219277138462909274864245017292228053936333791312216936105156066901,37528145778,308958560037030466611486363695841566677911721246575481043623666992374942738373206016382187473382617094107185220751656956192318403197921431240322078491511713501997457429170186413999664611125514301144612101687231487320019262401079342582729958362438554276925818549728490034584456107872667582624433872247840279581,d-1,309,0.02254
1020,308958560037030466611486363695841566677911721246575481043623666992374942738373206016382187473382617094107185220751656956192318403197921431240322078491511713501997457429170186413999664611125514301144612101687231487320019262401079342582729958362438554276925818549728490034584456107872667582624433872247840279581,98816384058,617917120074060933222972727391683133355823442493150962087247333984749885476746412032764374946765234188214370441503313912384636806395842862480644156983023427003994914858340372827999329222251028602289224203374462974640038524802158685165459916724877108553851637099456980069168912215745335165248867744594496943221,d-1,309,0.05912
1021,617917120074060933222972727391683133355823442493150962087247333984749885476746412032764374946765234188214370441503313912384636806395842862480644156983023427003994914858340372827999329222251028602289224203374462974640038524802158685165459916724877108553851637099456980069168912215745335165248867744594496943221,175969483968,1235834240148121866445945454783366266711646884986301924174494667969499770953492824065528749893530468376428740883006627824769273612791685724961288313966046854007989829716680745655998658444502057204578448406748925949280077049604317370330919833449754217107703274198913960138337824431490670330497735489364963370411,d+1,309,0.10485
1022,1235834240148121866445945454783366266711646884986301924174494667969499770953492824065528749893530468376428740883006627824769273612791685724961288313966046854007989829716680745655998658444502057204578448406748925949280077049604317370330919833449754217107703274198913960138337824431490670330497735489364963370411,83554925358,2471668480296243732891890909566732533423293769972603848348989335938999541906985648131057499787060936752857481766013255649538547225583371449922576627932093708015979659433361491311997316889004114409156896813497851898560154099208634740661839666899508434215406548397827920276675648862981340660995470978813481666181,d+1,310,0.04958
1023,2471668480296243732891890909566732533423293769972603848348989335938999541906985648131057499787060936752857481766013255649538547225583371449922576627932093708015979659433361491311997316889004114409156896813497851898560154099208634740661839666899508434215406548397827920276675648862981340660995470978813481666181,212139960816,4943336960592487465783781819133465066846587539945207696697978671877999083813971296262114999574121873505714963532026511299077094451166742899845153255864187416031959318866722982623994633778008228818313793626995703797120308198417269481323679333799016868430813096795655840553351297725962681321990941957839103293179,d+1,310,0.12538
1024,4943336960592487465783781819133465066846587539945207696697978671877999083813971296262114999574121873505714963532026511299077094451166742899845153255864187416031959318866722982623994633778008228818313793626995703797120308198417269481323679333799016868430813096795655840553351297725962681321990941957839103293179,36458646480,9886673921184974931567563638266930133693175079890415393395957343755998167627942592524229999148243747011429927064053022598154188902333485799690306511728374832063918637733445965247989267556016457636627587253991407594240616396834538962647358667598033736861626193591311681106702595451925362643981883915714665232839,d+1,310,0.02146
1025,9886673921184974931567563638266930133693175079890415393395957343755998167627942592524229999148243747011429927064053022598154188902333485799690306511728374832063918637733445965247989267556016457636627587253991407594240616396834538962647358667598033736861626193591311681106702595451925362643981883915714665232839,17842935492,19773347842369949863135127276533860267386350159780830786791914687511996335255885185048459998296487494022859854128106045196308377804666971599380613023456749664127837275466891930495978535112032915273255174507982815188481232793669077925294717335196067473723252387182623362213405190903850725287963767831447173401171,d+1,310,0.01046
1026,19773347842369949863135127276533860267386350159780830786791914687511996335255885185048459998296487494022859854128106045196308377804666971599380613023456749664127837275466891930495978535112032915273255174507982815188481232793669077925294717335196067473723252387182623362213405190903850725287963767831447173401171,17059584798,39546695684739899726270254553067720534772700319561661573583829375023992670511770370096919996592974988045719708256212090392616755609333943198761226046913499328255674550933783860991957070224065830546510349015965630376962465587338155850589434670392134947446504774365246724426810381807701450575927535662911406387141,d+1,311,0.00996
1027,39546695684739899726270254553067720534772700319561661573583829375023992670511770370096919996592974988045719708256212090392616755609333943198761226046913499328255674550933783860991957070224065830546510349015965630376962465587338155850589434670392134947446504774365246724426810381807701450575927535662911406387141,133604309388,79093391369479799452540509106135441069545400639123323147167658750047985341023540740193839993185949976091439416512424180785233511218667886397522452093826998656511349101867567721983914140448131661093020698031931260753924931174676311701178869340784269894893009548730493448853620763615402901151855071325956417083671,d+1,311,0.07770
1028,79093391369479799452540509106135441069545400639123323147167658750047985341023540740193839993185949976091439416512424180785233511218667886397522452093826998656511349101867567721983914140448131661093020698031931260753924931174676311701178869340784269894893009548730493448853620763615402901151855071325956417083671,22462342188,158186782738959598905081018212270882139090801278246646294335317500095970682047081480387679986371899952182878833024848361570467022437335772795044904187653997313022698203735135443967828280896263322186041396063862521507849862349352623402357738681568539789786019097460986897707241527230805802303710142651935296509531,d-1,311,0.01301
1029,158186782738959598905081018212270882139090801278246646294335317500095970682047081480387679986371899952182878833024848361570467022437335772795044904187653997313022698203735135443967828280896263322186041396063862521507849862349352623402357738681568539789786019097460986897707241527230805802303710142651935296509531,86474951586,316373565477919197810162036424541764278181602556493292588670635000191941364094162960775359972743799904365757666049696723140934044874671545590089808375307994626045396407470270887935656561792526644372082792127725043015699724698705246804715477363137079579572038194921973795414483054461611604607420285303957067970649,d+1,312,0.04989
1030,316373565477919197810162036424541764278181602556493292588670635000191941364094162960775359972743799904365757666049696723140934044874671545590089808375307994626045396407470270887935656561792526644372082792127725043015699724698705246804715477363137079579572038194921973795414483054461611604607420285303957067970649,26395383492,632747130955838395620324072849083528556363205112986585177341270000383882728188325921550719945487599808731515332099393446281868089749343091180179616750615989252090792814940541775871313123585053288744165584255450086031399449397410493609430954726274159159144076389843947590828966108923223209214840570607940531324791,d+1,312,0.01517
1031,632747130955838395620324072849083528556363205112986585177341270000383882728188325921550719945487599808731515332099393446281868089749343091180179616750615989252090792814940541775871313123585053288744165584255450086031399449397410493609430954726274159159144076389843947590828966108923223209214840570607940531324791,142062738708,1265494261911676791240648145698167057112726410225973170354682540000767765456376651843101439890975199617463030664198786892563736179498686182360359233501231978504181585629881083551742626247170106577488331168510900172062798898794820987218861909452548318318288152779687895181657932217846446418429681141216023125388291,d+1,312,0.08131
1032,1265494261911676791240648145698167057112726410225973170354682540000767765456376651843101439890975199617463030664198786892563736179498686182360359233501231978504181585629881083551742626247170106577488331168510900172062798898794820987218861909452548318318288152779687895181657932217846446418429681141216023125388291,3960702108,2530988523823353582481296291396334114225452820451946340709365080001535530912753303686202879781950399234926061328397573785127472358997372364720718467002463957008363171259762167103485252494340213154976662337021800344125597797589641974437723818905096636636576305559375790363315864435692892836859362282432050211478691,d-1,313,0.00226
1033,2530988523823353582481296291396334114225452820451946340709365080001535530912753303686202879781950399234926061328397573785127472358997372364720718467002463957008363171259762167103485252494340213154976662337021800344125597797589641974437723818905096636636576305559375790363315864435692892836859362282432050211478691,89658664488,5061977047646707164962592582792668228450905640903892681418730160003071061825506607372405759563900798469852122656795147570254944717994744729441436934004927914016726342519524334206970504988680426309953324674043600688251195595179283948875447637810193273273152611118751580726631728871385785673718724564864190081621871,d+1,313,0.05090
1034,5061977047646707164962592582792668228450905640903892681418730160003071061825506607372405759563900798469852122656795147570254944717994744729441436934004927914016726342519524334206970504988680426309953324674043600688251195595179283948875447637810193273273152611118751580726631728871385785673718724564864190081621871,44647577466,10123954095293414329925185165585336456901811281807785362837460320006142123651013214744811519127801596939704245313590295140509889435989489458882873868009855828033452685039048668413941009977360852619906649348087201376502391190358567897750895275620386546546305222237503161453263457742771571347437449129728424810821209,d+1,313,0.02525
1035,10123954095293414329925185165585336456901811281807785362837460320006142123651013214744811519127801596939704245313590295140509889435989489458882873868009855828033452685039048668413941009977360852619906649348087201376502391190358567897750895275620386546546305222237503161453263457742771571347437449129728424810821209,43475802012,20247908190586828659850370331170672913803622563615570725674920640012284247302026429489623038255603193879408490627180590281019778871978978917765747736019711656066905370078097336827882019954721705239813298696174402753004782380717135795501790551240773093092610444475006322906526915485543142694874898259456893097444431,d-1,314,0.02449
1036,20247908190586828659850370331170672913803622563615570725674920640012284247302026429489623038255603193879408490627180590281019778871978978917765747736019711656066905370078097336827882019954721705239813298696174402753004782380717135795501790551240773093092610444475006322906526915485543142694874898259456893097444431,36148357446,40495816381173657319700740662341345827607245127231141451349841280024568494604052858979246076511206387758816981254361180562039557743957957835531495472039423312133810740156194673655764039909443410479626597392348805506009564761434271591003581102481546186185220888950012645813053830971086285389749796518913822343246309,d+1,314,0.02028
1037,40495816381173657319700740662341345827607245127231141451349841280024568494604052858979246076511206387758816981254361180562039557743957957835531495472039423312133810740156194673655764039909443410479626597392348805506009564761434271591003581102481546186185220888950012645813053830971086285389749796518913822343246309,10713768180,80991632762347314639401481324682691655214490254462282902699682560049136989208105717958492153022412775517633962508722361124079115487915915671062990944078846624267621480312389347311528079818886820959253194784697611012019129522868543182007162204963092372370441777900025291626107661942172570779499593037827655400260799,d+1,314,0.00599
1038,80991632762347314639401481324682691655214490254462282902699682560049136989208105717958492153022412775517633962508722361124079115487915915671062990944078846624267621480312389347311528079818886820959253194784697611012019129522868543182007162204963092372370441777900025291626107661942172570779499593037827655400260799,106675279230,161983265524694629278802962649365383310428980508924565805399365120098273978416211435916984306044825551035267925017444722248158230975831831342125981888157693248535242960624778694623056159637773641918506389569395222024038259045737086364014324409926184744740883555800050583252215323884345141558999186075655417475800829,d+1,314,0.05937
1039,161983265524694629278802962649365383310428980508924565805399365120098273978416211435916984306044825551035267925017444722248158230975831831342125981888157693248535242960624778694623056159637773641918506389569395222024038259045737086364014324409926184744740883555800050583252215323884345141558999186075655417475800829,26386323642,323966531049389258557605925298730766620857961017849131610798730240196547956832422871833968612089651102070535850034889444496316461951663662684251963776315386497070485921249557389246112319275547283837012779138790444048076518091474172728028648819852369489481767111600101166504430647768690283117998372151310861337925301,d+1,315,0.01463
1040,323966531049389258557605925298730766620857961017849131610798730240196547956832422871833968612089651102070535850034889444496316461951663662684251963776315386497070485921249557389246112319275547283837012779138790444048076518091474172728028648819852369489481767111600101166504430647768690283117998372151310861337925301,385849897056,647933062098778517115211850597461533241715922035698263221597460480393095913664845743667937224179302204141071700069778888992632923903327325368503927552630772994140971842499114778492224638551094567674025558277580888096153036182948345456057297639704738978963534223200202333008861295537380566235996744302622108525747659,d+1,315,0.21304
1041,647933062098778517115211850597461533241715922035698263221597460480393095913664845743667937224179302204141071700069778888992632923903327325368503927552630772994140971842499114778492224638551094567674025558277580888096153036182948345456057297639704738978963534223200202333008861295537380566235996744302622108525747659,90622897620,1295866124197557034230423701194923066483431844071396526443194920960786191827329691487335874448358604408282143400139557777985265847806654650737007855105261545988281943684998229556984449277102189135348051116555161776192306072365896690912114595279409477957927068446400404666017722591074761132471993488605244307674392939,d-1,315,0.04984
1042,1295866124197557034230423701194923066483431844071396526443194920960786191827329691487335874448358604408282143400139557777985265847806654650737007855105261545988281943684998229556984449277102189135348051116555161776192306072365896690912114595279409477957927068446400404666017722591074761132471993488605244307674392939,12895181712,2591732248395114068460847402389846132966863688142793052886389841921572383654659382974671748896717208816564286800279115555970531695613309301474015710210523091976563887369996459113968898554204378270696102233110323552384612144731793381824229190558818955915854136892800809332035445182149522264943986977210488628243967591,both,316,0.00706
1043,2591732248395114068460847402389846132966863688142793052886389841921572383654659382974671748896717208816564286800279115555970531695613309301474015710210523091976563887369996459113968898554204378270696102233110323552384612144731793381824229190558818955915854136892800809332035445182149522264943986977210488628243967591,3924963126,5183464496790228136921694804779692265933727376285586105772779683843144767309318765949343497793434417633128573600558231111941063391226618602948031420421046183953127774739992918227937797108408756541392204466220647104769224289463586763648458381117637911831708273785601618664070890364299044529887973954420977260412898309,d+1,316,0.00214
1044,5183464496790228136921694804779692265933727376285586105772779683843144767309318765949343497793434417633128573600558231111941063391226618602948031420421046183953127774739992918227937797108408756541392204466220647104769224289463586763648458381117637911831708273785601618664070890364299044529887973954420977260412898309,159048787482,10366928993580456273843389609559384531867454752571172211545559367686289534618637531898686995586868835266257147201116462223882126782453237205896062840842092367906255549479985836455875594216817513082784408932441294209538448578927173527296916762235275823663416547571203237328141780728598089059775947908841954679874584101,d-1,316,0.08643
1045,10366928993580456273843389609559384531867454752571172211545559367686289534618637531898686995586868835266257147201116462223882126782453237205896062840842092367906255549479985836455875594216817513082784408932441294209538448578927173527296916762235275823663416547571203237328141780728598089059775947908841954679874584101,324845499138,20733857987160912547686779219118769063734909505142344423091118735372579069237275063797373991173737670532514294402232924447764253564906474411792125681684184735812511098959971672911751188433635026165568817864882588419076897157854347054593833524470551647326833095142406474656283561457196178119551895817683909684594667341,d-1,317,0.17584
1046,20733857987160912547686779219118769063734909505142344423091118735372579069237275063797373991173737670532514294402232924447764253564906474411792125681684184735812511098959971672911751188433635026165568817864882588419076897157854347054593833524470551647326833095142406474656283561457196178119551895817683909684594667341,1780634466,41467715974321825095373558438237538127469819010284688846182237470745158138474550127594747982347475341065028588804465848895528507129812948823584251363368369471625022197919943345823502376867270052331137635729765176838153794315708694109187667048941103294653666190284812949312567122914392356239103791635367819370969969149,d+1,317,0.00096
1047,41467715974321825095373558438237538127469819010284688846182237470745158138474550127594747982347475341065028588804465848895528507129812948823584251363368369471625022197919943345823502376867270052331137635729765176838153794315708694109187667048941103294653666190284812949312567122914392356239103791635367819370969969149,24353978190,82935431948643650190747116876475076254939638020569377692364474941490316276949100255189495964694950682130057177608931697791057014259625897647168502726736738943250044395839886691647004753734540104662275271459530353676307588631417388218375334097882206589307332380569625898625134245828784712478207583270735638766293916489,d-1,317,0.01308
1048,82935431948643650190747116876475076254939638020569377692364474941490316276949100255189495964694950682130057177608931697791057014259625897647168502726736738943250044395839886691647004753734540104662275271459530353676307588631417388218375334097882206589307332380569625898625134245828784712478207583270735638766293916489,36531170130,165870863897287300381494233752950152509879276041138755384728949882980632553898200510378991929389901364260114355217863395582114028519251795294337005453473477886500088791679773383294009507469080209324550542919060707352615177262834776436750668195764413178614664761139251797250268491657569424956415166541471277569119003109,d+1,317,0.01954
1049,165870863897287300381494233752950152509879276041138755384728949882980632553898200510378991929389901364260114355217863395582114028519251795294337005453473477886500088791679773383294009507469080209324550542919060707352615177262834776436750668195764413178614664761139251797250268491657569424956415166541471277569119003109,24314221038,331741727794574600762988467505900305019758552082277510769457899765961265107796401020757983858779802728520228710435726791164228057038503590588674010906946955773000177583359546766588019014938160418649101085838121414705230354525669552873501336391528826357229329522278503594500536983315138849912830333082942555162552227257,d+1,318,0.01295
1050,331741727794574600762988467505900305019758552082277510769457899765961265107796401020757983858779802728520228710435726791164228057038503590588674010906946955773000177583359546766588019014938160418649101085838121414705230354525669552873501336391528826357229329522278503594500536983315138849912830333082942555162552227257,4657853814,663483455589149201525976935011800610039517104164555021538915799531922530215592802041515967717559605457040457420871453582328456114077007181177348021813893911546000355166719093533176038029876320837298202171676242829410460709051339105747002672783057652714458659044557007189001073966630277699825660666165885110329762308329,d-1,318,0.00247
1051,663483455589149201525976935011800610039517104164555021538915799531922530215592802041515967717559605457040457420871453582328456114077007181177348021813893911546000355166719093533176038029876320837298202171676242829410460709051339105747002672783057652714458659044557007189001073966630277699825660666165885110329762308329,73753864422,1326966911178298403051953870023601220079034208329110043077831599063845060431185604083031935435119210914080914841742907164656912228154014362354696043627787823092000710333438187066352076059752641674596404343352485658820921418102678211494005345566115305428917318089114014378002147933260555399651321332331770220733278481081,d+1,318,0.03899
1052,1326966911178298403051953870023601220079034208329110043077831599063845060431185604083031935435119210914080914841742907164656912228154014362354696043627787823092000710333438187066352076059752641674596404343352485658820921418102678211494005345566115305428917318089114014378002147933260555399651321332331770220733278481081,109999559148,2653933822356596806103907740047202440158068416658220086155663198127690120862371208166063870870238421828161829683485814329313824456308028724709392087255575646184001420666876374132704152119505283349192808686704971317641842836205356422988010691132230610857834636178228028756004295866521110799302642664663540441576556521311,d+1,319,0.05792
1053,2653933822356596806103907740047202440158068416658220086155663198127690120862371208166063870870238421828161829683485814329313824456308028724709392087255575646184001420666876374132704152119505283349192808686704971317641842836205356422988010691132230610857834636178228028756004295866521110799302642664663540441576556521311,1441512083376,5307867644713193612207815480094404880316136833316440172311326396255380241724742416332127741740476843656323659366971628658627648912616057449418784174511151292368002841333752748265408304239010566698385617373409942635283685672410712845976021382264461221715669272356456057512008591733042221598605285329327080884594625125999,d+1,319,0.75606
1054,5307867644713193612207815480094404880316136833316440172311326396255380241724742416332127741740476843656323659366971628658627648912616057449418784174511151292368002841333752748265408304239010566698385617373409942635283685672410712845976021382264461221715669272356456057512008591733042221598605285329327080884594625125999,9788994768,10615735289426387224415630960188809760632273666632880344622652792510760483449484832664255483480953687312647318733943257317255297825232114898837568349022302584736005682667505496530816608478021133396771234746819885270567371344821425691952042764528922443431338544712912115024017183466084443197210570658654161769199039246767,d-1,319,0.00511
1055,10615735289426387224415630960188809760632273666632880344622652792510760483449484832664255483480953687312647318733943257317255297825232114898837568349022302584736005682667505496530816608478021133396771234746819885270567371344821425691952042764528922443431338544712912115024017183466084443197210570658654161769199039246767,42254376732,21231470578852774448831261920377619521264547333265760689245305585021520966898969665328510966961907374625294637467886514634510595650464229797675136698044605169472011365335010993061633216956042266793542469493639770541134742689642851383904085529057844886862677089425824230048034366932168886394421141317308323538440332870267,d+1,320,0.02199
1056,21231470578852774448831261920377619521264547333265760689245305585021520966898969665328510966961907374625294637467886514634510595650464229797675136698044605169472011365335010993061633216956042266793542469493639770541134742689642851383904085529057844886862677089425824230048034366932168886394421141317308323538440332870267,10016097192,42462941157705548897662523840755239042529094666531521378490611170043041933797939330657021933923814749250589274935773029269021191300928459595350273396089210338944022730670021986123266433912084533587084938987279541082269485379285702767808171058115689773725354178851648460096068733864337772788842282634616647076890681837727,d-1,320,0.00519
1057,42462941157705548897662523840755239042529094666531521378490611170043041933797939330657021933923814749250589274935773029269021191300928459595350273396089210338944022730670021986123266433912084533587084938987279541082269485379285702767808171058115689773725354178851648460096068733864337772788842282634616647076890681837727,69627043572,84925882315411097795325047681510478085058189333063042756981222340086083867595878661314043867847629498501178549871546058538042382601856919190700546792178420677888045461340043972246532867824169067174169877974559082164538970758571405535616342116231379547450708357703296920192137467728675545577684565269233294153850990719027,d-1,320,0.03595
1058,84925882315411097795325047681510478085058189333063042756981222340086083867595878661314043867847629498501178549871546058538042382601856919190700546792178420677888045461340043972246532867824169067174169877974559082164538970758571405535616342116231379547450708357703296920192137467728675545577684565269233294153850990719027,37291535454,169851764630822195590650095363020956170116378666126085513962444680172167735191757322628087735695258997002357099743092117076084765203713838381401093584356841355776090922680087944493065735648338134348339755949118164329077941517142811071232684232462759094901416715406593840384274935457351091155369130538466588307739272973509,d-1,320,0.01918
1059,169851764630822195590650095363020956170116378666126085513962444680172167735191757322628087735695258997002357099743092117076084765203713838381401093584356841355776090922680087944493065735648338134348339755949118164329077941517142811071232684232462759094901416715406593840384274935457351091155369130538466588307739272973509,103148065998,339703529261644391181300190726041912340232757332252171027924889360344335470383514645256175471390517994004714199486184234152169530407427676762802187168713682711552181845360175888986131471296676268696679511898236328658155883034285622142465368464925518189802833430813187680768549870914702182310738261076933176615581694013017,d-1,321,0.05284
1060,339703529261644391181300190726041912340232757332252171027924889360344335470383514645256175471390517994004714199486184234152169530407427676762802187168713682711552181845360175888986131471296676268696679511898236328658155883034285622142465368464925518189802833430813187680768549870914702182310738261076933176615581694013017,124723479282,679407058523288782362600381452083824680465514664504342055849778720688670940767029290512350942781035988009428398972368468304339060814855353525604374337427365423104363690720351777972262942593352537393359023796472657316311766068571244284930736929851036379605666861626375361537099741829404364621476522153866353231288111505317,d-1,321,0.06365
1061,679407058523288782362600381452083824680465514664504342055849778720688670940767029290512350942781035988009428398972368468304339060814855353525604374337427365423104363690720351777972262942593352537393359023796472657316311766068571244284930736929851036379605666861626375361537099741829404364621476522153866353231288111505317,83848322292,1358814117046577564725200762904167649360931029329008684111699557441377341881534058581024701885562071976018856797944736936608678121629710707051208748674854730846208727381440703555944525885186705074786718047592945314632623532137142488569861473859702072759211333723252750723074199483658808729242953044307732706462660071332927,d+1,321,0.04262
1062,1358814117046577564725200762904167649360931029329008684111699557441377341881534058581024701885562071976018856797944736936608678121629710707051208748674854730846208727381440703555944525885186705074786718047592945314632623532137142488569861473859702072759211333723252750723074199483658808729242953044307732706462660071332927,47097513834,2717628234093155129450401525808335298721862058658017368223399114882754683763068117162049403771124143952037713595889473873217356243259421414102417497349709461692417454762881407111889051770373410149573436095185890629265247064274284977139722947719404145518422667446505501446148398967317617458485906088615465412925367240179689,d-1,322,0.02385
1063,2717628234093155129450401525808335298721862058658017368223399114882754683763068117162049403771124143952037713595889473873217356243259421414102417497349709461692417454762881407111889051770373410149573436095185890629265247064274284977139722947719404145518422667446505501446148398967317617458485906088615465412925367240179689,22925283348,5435256468186310258900803051616670597443724117316034736446798229765509367526136234324098807542248287904075427191778947746434712486518842828204834994699418923384834909525762814223778103540746820299146872190371781258530494128548569954279445895438808291036845334893011002892296797934635234916971812177230930825850757405642727,d-1,322,0.01156
1064,5435256468186310258900803051616670597443724117316034736446798229765509367526136234324098807542248287904075427191778947746434712486518842828204834994699418923384834909525762814223778103540746820299146872190371781258530494128548569954279445895438808291036845334893011002892296797934635234916971812177230930825850757405642727,33001384122,10870512936372620517801606103233341194887448234632069472893596459531018735052272468648197615084496575808150854383557895492869424973037685656409669989398837846769669819051525628447556207081493640598293744380743562517060988257097139908558891790877616582073690669786022005784593595869270469833943624354461861651701547812669577,d-1,322,0.01658
1065,10870512936372620517801606103233341194887448234632069472893596459531018735052272468648197615084496575808150854383557895492869424973037685656409669989398837846769669819051525628447556207081493640598293744380743562517060988257097139908558891790877616582073690669786022005784593595869270469833943624354461861651701547812669577,58517644662,21741025872745241035603212206466682389774896469264138945787192919062037470104544937296395230168993151616301708767115790985738849946075371312819339978797675693539339638103051256895112414162987281196587488761487125034121976514194279817117783581755233164147381339572044011569187191738540939667887248708923723303403154142983817,d+1,323,0.02929
1066,21741025872745241035603212206466682389774896469264138945787192919062037470104544937296395230168993151616301708767115790985738849946075371312819339978797675693539339638103051256895112414162987281196587488761487125034121976514194279817117783581755233164147381339572044011569187191738540939667887248708923723303403154142983817,39888318132,43482051745490482071206424412933364779549792938528277891574385838124074940209089874592790460337986303232603417534231581971477699892150742625638679957595351387078679276206102513790224828325974562393174977522974250068243953028388559634235567163510466328294762679144088023138374383477081879335774497417847446606806348174285767,d+1,323,0.01989
1067,43482051745490482071206424412933364779549792938528277891574385838124074940209089874592790460337986303232603417534231581971477699892150742625638679957595351387078679276206102513790224828325974562393174977522974250068243953028388559634235567163510466328294762679144088023138374383477081879335774497417847446606806348174285767,60652725642,86964103490980964142412848825866729559099585877056555783148771676248149880418179749185580920675972606465206835068463163942955399784301485251277359915190702774157358552412205027580449656651949124786349955045948500136487906056777119268471134327020932656589525358288176046276748766954163758671548994835694893213612757001297177,d+1,323,0.03012
1068,86964103490980964142412848825866729559099585877056555783148771676248149880418179749185580920675972606465206835068463163942955399784301485251277359915190702774157358552412205027580449656651949124786349955045948500136487906056777119268471134327020932656589525358288176046276748766954163758671548994835694893213612757001297177,277585908852,173928206981961928284825697651733459118199171754113111566297543352496299760836359498371161841351945212930413670136926327885910799568602970502554719830381405548314717104824410055160899313303898249572699910091897000272975812113554238536942268654041865313179050716576352092553497533908327517343097989671389786427225791588503207,d-1,323,0.13733
1069,173928206981961928284825697651733459118199171754113111566297543352496299760836359498371161841351945212930413670136926327885910799568602970502554719830381405548314717104824410055160899313303898249572699910091897000272975812113554238536942268654041865313179050716576352092553497533908327517343097989671389786427225791588503207,5012411634,347856413963923856569651395303466918236398343508226223132595086704992599521672718996742323682703890425860827340273852655771821599137205941005109439660762811096629434209648820110321798626607796499145399820183794000545951624227108477073884537308083730626358101433152704185106995067816655034686195979342779572854451588189418049,d-1,324,0.00247
1070,347856413963923856569651395303466918236398343508226223132595086704992599521672718996742323682703890425860827340273852655771821599137205941005109439660762811096629434209648820110321798626607796499145399820183794000545951624227108477073884537308083730626358101433152704185106995067816655034686195979342779572854451588189418049,18974304762,695712827927847713139302790606933836472796687016452446265190173409985199043345437993484647365407780851721654680547705311543643198274411882010218879321525622193258868419297640220643597253215592998290799640367588001091903248454216954147769074616167461252716202866305408370213990135633310069372391958685559145708903195353140861,d+1,324,0.00931
1071,695712827927847713139302790606933836472796687016452446265190173409985199043345437993484647365407780851721654680547705311543643198274411882010218879321525622193258868419297640220643597253215592998290799640367588001091903248454216954147769074616167461252716202866305408370213990135633310069372391958685559145708903195353140861,8746577658,1391425655855695426278605581213867672945593374032904892530380346819970398086690875986969294730815561703443309361095410623087286396548823764020437758643051244386517736838595280441287194506431185996581599280735176002183806496908433908295538149232334922505432405732610816740427980271266620138744783917371118291417806399452859381,d-1,324,0.00428
1072,1391425655855695426278605581213867672945593374032904892530380346819970398086690875986969294730815561703443309361095410623087286396548823764020437758643051244386517736838595280441287194506431185996581599280735176002183806496908433908295538149232334922505432405732610816740427980271266620138744783917371118291417806399452859381,55228150668,2782851311711390852557211162427735345891186748065809785060760693639940796173381751973938589461631123406886618722190821246174572793097647528040875517286102488773035473677190560882574389012862371993163198561470352004367612993816867816591076298464669845010864811465221633480855960542533240277489567834742236582835612854133869431,d+1,325,0.02690
1073,2782851311711390852557211162427735345891186748065809785060760693639940796173381751973938589461631123406886618722190821246174572793097647528040875517286102488773035473677190560882574389012862371993163198561470352004367612993816867816591076298464669845010864811465221633480855960542533240277489567834742236582835612854133869431,47699891238,5565702623422781705114422324855470691782373496131619570121521387279881592346763503947877178923262246813773237444381642492349145586195295056081751034572204977546070947354381121765148778025724743986326397122940704008735225987633735633182152596929339690021729622930443266961711921085066480554979135669484473165671225755967630101,d-1,325,0.02315
1074,5565702623422781705114422324855470691782373496131619570121521387279881592346763503947877178923262246813773237444381642492349145586195295056081751034572204977546070947354381121765148778025724743986326397122940704008735225987633735633182152596929339690021729622930443266961711921085066480554979135669484473165671225755967630101,133020060516,11131405246845563410228844649710941383564746992263239140243042774559763184693527007895754357846524493627546474888763284984698291172390590112163502069144409955092141894708762243530297556051449487972652794245881408017470451975267471266364305193858679380043459245860886533923423842170132961109958271338968946331342451644955320719,d+1,325,0.06430
1075,11131405246845563410228844649710941383564746992263239140243042774559763184693527007895754357846524493627546474888763284984698291172390590112163502069144409955092141894708762243530297556051449487972652794245881408017470451975267471266364305193858679380043459245860886533923423842170132961109958271338968946331342451644955320719,12936820410,22262810493691126820457689299421882767129493984526478280486085549119526369387054015791508715693048987255092949777526569969396582344781180224327004138288819910184283789417524487060595112102898975945305588491762816034940903950534942532728610387717358760086918491721773067846847684340265922219916542677937892662684903302847461849,both,326,0.00623
1076,22262810493691126820457689299421882767129493984526478280486085549119526369387054015791508715693048987255092949777526569969396582344781180224327004138288819910184283789417524487060595112102898975945305588491762816034940903950534942532728610387717358760086918491721773067846847684340265922219916542677937892662684903302847461849,82892107950,44525620987382253640915378598843765534258987969052956560972171098239052738774108031583017431386097974510185899555053139938793164689562360448654008276577639820368567578835048974121190224205797951890611176983525632069881807901069885065457220775434717520173836983443546135693695368680531844439833085355875785325369806688587031649,d+1,326,0.03976
1077,44525620987382253640915378598843765534258987969052956560972171098239052738774108031583017431386097974510185899555053139938793164689562360448654008276577639820368567578835048974121190224205797951890611176983525632069881807901069885065457220775434717520173836983443546135693695368680531844439833085355875785325369806688587031649,25086613338,89051241974764507281830757197687531068517975938105913121944342196478105477548216063166034862772195949020371799110106279877586329379124720897308016553155279640737135157670097948242380448411595903781222353967051264139763615802139770130914441550869435040347673966887092271387390737361063688879666170711751570650739613402260676637,d+1,326,0.01199
1078,89051241974764507281830757197687531068517975938105913121944342196478105477548216063166034862772195949020371799110106279877586329379124720897308016553155279640737135157670097948242380448411595903781222353967051264139763615802139770130914441550869435040347673966887092271387390737361063688879666170711751570650739613402260676637,218178685662,178102483949529014563661514395375062137035951876211826243888684392956210955096432126332069725544391898040743598220212559755172658758249441794616033106310559281474270315340195896484760896823191807562444707934102528279527231604279540261828883101738870080695347933774184542774781474722127377759332341423503141301479227022700038937,d+1,326,0.10386
1079,178102483949529014563661514395375062137035951876211826243888684392956210955096432126332069725544391898040743598220212559755172658758249441794616033106310559281474270315340195896484760896823191807562444707934102528279527231604279540261828883101738870080695347933774184542774781474722127377759332341423503141301479227022700038937,89699133732,356204967899058029127323028790750124274071903752423652487777368785912421910192864252664139451088783796081487196440425119510345317516498883589232066212621118562948540630680391792969521793646383615124889415868205056559054463208559080523657766203477740161390695867548369085549562949444254755518664682847006282602958454135099211607,d-1,327,0.04254
1080,356204967899058029127323028790750124274071903752423652487777368785912421910192864252664139451088783796081487196440425119510345317516498883589232066212621118562948540630680391792969521793646383615124889415868205056559054463208559080523657766203477740161390695867548369085549562949444254755518664682847006282602958454135099211607,19803515094,712409935798116058254646057581500248548143807504847304975554737571824843820385728505328278902177567592162974392880850239020690635032997767178464132425242237125897081261360783585939043587292767230249778831736410113118108926417118161047315532406955480322781391735096738171099125898888509511037329365694012565205916908290001938309,d-1,327,0.00935
1081,712409935798116058254646057581500248548143807504847304975554737571824843820385728505328278902177567592162974392880850239020690635032997767178464132425242237125897081261360783585939043587292767230249778831736410113118108926417118161047315532406955480322781391735096738171099125898888509511037329365694012565205916908290001938309,365981807898,1424819871596232116509292115163000497096287615009694609951109475143649687640771457010656557804355135184325948785761700478041381270065995534356928264850484474251794162522721567171878087174585534460499557663472820226236217852834236322094631064813910960645562783470193476342198251797777019022074658731388025130411833816945985684517,d+1,327,0.17223
1082,1424819871596232116509292115163000497096287615009694609951109475143649687640771457010656557804355135184325948785761700478041381270065995534356928264850484474251794162522721567171878087174585534460499557663472820226236217852834236322094631064813910960645562783470193476342198251797777019022074658731388025130411833816945985684517,327092457534,2849639743192464233018584230326000994192575230019389219902218950287299375281542914021313115608710270368651897571523400956082762540131991068713856529700968948503588325045443134343756174349171068920999115326945640452472435705668472644189262129627821921291125566940386952684396503595554038044149317462776050260823667634219063826569,d-1,328,0.15334
1083,2849639743192464233018584230326000994192575230019389219902218950287299375281542914021313115608710270368651897571523400956082762540131991068713856529700968948503588325045443134343756174349171068920999115326945640452472435705668472644189262129627821921291125566940386952684396503595554038044149317462776050260823667634219063826569,18415335072,5699279486384928466037168460652001988385150460038778439804437900574598750563085828042626231217420540737303795143046801912165525080263982137427713059401937897007176650090886268687512348698342137841998230653891280904944871411336945288378524259255643842582251133880773905368793007191108076088298634925552100521647335268456542988211,d+1,328,0.00860
1084,5699279486384928466037168460652001988385150460038778439804437900574598750563085828042626231217420540737303795143046801912165525080263982137427713059401937897007176650090886268687512348698342137841998230653891280904944871411336945288378524259255643842582251133880773905368793007191108076088298634925552100521647335268456542988211,45249567756,11398558972769856932074336921304003976770300920077556879608875801149197501126171656085252462434841081474607590286093603824331050160527964274855426118803875794014353300181772537375024697396684275683996461307782561809889742822673890576757048518511287685164502267761547810737586014382216152176597269851104201043294670536958335544179,d+1,328,0.02105
1085,11398558972769856932074336921304003976770300920077556879608875801149197501126171656085252462434841081474607590286093603824331050160527964274855426118803875794014353300181772537375024697396684275683996461307782561809889742822673890576757048518511287685164502267761547810737586014382216152176597269851104201043294670536958335544179,1026787278,22797117945539713864148673842608007953540601840155113759217751602298395002252343312170504924869682162949215180572187207648662100321055928549710852237607751588028706600363545074750049394793368551367992922615565123619779485645347781153514097037022575370329004535523095621475172028764432304353194539702208402086589341073917697875637,d-1,329,0.00048
1086,22797117945539713864148673842608007953540601840155113759217751602298395002252343312170504924869682162949215180572187207648662100321055928549710852237607751588028706600363545074750049394793368551367992922615565123619779485645347781153514097037022575370329004535523095621475172028764432304353194539702208402086589341073917697875637,559010420694,45594235891079427728297347685216015907081203680310227518435503204596790004504686624341009849739364325898430361144374415297324200642111857099421704475215503176057413200727090149500098789586737102735985845231130247239558971290695562307028194074045150740658009071046191242950344057528864608706389079404416804173178682148394406171969,d-1,329,0.25809
1087,45594235891079427728297347685216015907081203680310227518435503204596790004504686624341009849739364325898430361144374415297324200642111857099421704475215503176057413200727090149500098789586737102735985845231130247239558971290695562307028194074045150740658009071046191242950344057528864608706389079404416804173178682148394406171969,67827648738,91188471782158855456594695370432031814162407360620455036871006409193580009009373248682019699478728651796860722288748830594648401284223714198843408950431006352114826401454180299000197579173474205471971690462260494479117942581391124614056388148090301481316018142092382485900688115057729217412778158808833608346357364296856639992677,d-1,329,0.03120
1088,91188471782158855456594695370432031814162407360620455036871006409193580009009373248682019699478728651796860722288748830594648401284223714198843408950431006352114826401454180299000197579173474205471971690462260494479117942581391124614056388148090301481316018142092382485900688115057729217412778158808833608346357364296856639992677,14512549854,182376943564317710913189390740864063628324814721240910073742012818387160018018746497364039398957457303593721444577497661189296802568447428397686817900862012704229652802908360598000395158346948410943943380924520988958235885162782249228112776296180602962632036284184764971801376230115458434825556317617667216692714728593727792535209,d-1,329,0.00665
1089,182376943564317710913189390740864063628324814721240910073742012818387160018018746497364039398957457303593721444577497661189296802568447428397686817900862012704229652802908360598000395158346948410943943380924520988958235885162782249228112776296180602962632036284184764971801376230115458434825556317617667216692714728593727792535209,21233255568,364753887128635421826378781481728127256649629442481820147484025636774320036037492994728078797914914607187442889154995322378593605136894856795373635801724025408459305605816721196000790316693896821887886761849041977916471770325564498456225552592361205925264072568369529943602752460230916869651112635235334433385429457187476818325987,both,330,0.00969
1090,364753887128635421826378781481728127256649629442481820147484025636774320036037492994728078797914914607187442889154995322378593605136894856795373635801724025408459305605816721196000790316693896821887886761849041977916471770325564498456225552592361205925264072568369529943602752460230916869651112635235334433385429457187476818325987,417465910362,729507774257270843652757562963456254513299258884963640294968051273548640072074985989456157595829829214374885778309990644757187210273789713590747271603448050816918611211633442392001580633387793643775773523698083955832943540651128996912451105184722411850528145136739059887205504920461833739302225270470668866770858914375371102562337,d+1,330,0.18984
1091,729507774257270843652757562963456254513299258884963640294968051273548640072074985989456157595829829214374885778309990644757187210273789713590747271603448050816918611211633442392001580633387793643775773523698083955832943540651128996912451105184722411850528145136739059887205504920461833739302225270470668866770858914375371102562337,56585642742,1459015548514541687305515125926912509026598517769927280589936102547097280144149971978912315191659658428749771556619981289514374420547579427181494543206896101633837222423266884784003161266775587287551547047396167911665887081302257993824902210369444823701056290273478119774411009840923667478604450540941337733541717828750798790767417,d-1,330,0.02563
1092,1459015548514541687305515125926912509026598517769927280589936102547097280144149971978912315191659658428749771556619981289514374420547579427181494543206896101633837222423266884784003161266775587287551547047396167911665887081302257993824902210369444823701056290273478119774411009840923667478604450540941337733541717828750798790767417,69832940814,2918031097029083374611030251853825018053197035539854561179872205094194560288299943957824630383319316857499543113239962579028748841095158854362989086413792203267674444846533769568006322533551174575103094094792335823331774162604515987649804420738889647402112580546956239548822019681847334957208901081882675467083435657501667414475649,d-1,331,0.03152
1093,2918031097029083374611030251853825018053197035539854561179872205094194560288299943957824630383319316857499543113239962579028748841095158854362989086413792203267674444846533769568006322533551174575103094094792335823331774162604515987649804420738889647402112580546956239548822019681847334957208901081882675467083435657501667414475649,152383927968,5836062194058166749222060503707650036106394071079709122359744410188389120576599887915649260766638633714999086226479925158057497682190317708725978172827584406535348889693067539136012645067102349150206188189584671646663548325209031975299608841477779294804225161093912479097644039363694669914417802163765350934166871315003487212879267,d-1,331,0.06851
1094,5836062194058166749222060503707650036106394071079709122359744410188389120576599887915649260766638633714999086226479925158057497682190317708725978172827584406535348889693067539136012645067102349150206188189584671646663548325209031975299608841477779294804225161093912479097644039363694669914417802163765350934166871315003487212879267,65934308964,11672124388116333498444121007415300072212788142159418244719488820376778241153199775831298521533277267429998172452959850316114995364380635417451956345655168813070697779386135078272025290134204698300412376379169343293327096650418063950599217682955558589608450322187824958195288078727389339828835604327530701868333742630007040360067499,d-1,331,0.02953
1095,11672124388116333498444121007415300072212788142159418244719488820376778241153199775831298521533277267429998172452959850316114995364380635417451956345655168813070697779386135078272025290134204698300412376379169343293327096650418063950599217682955558589608450322187824958195288078727389339828835604327530701868333742630007040360067499,89501768280,23344248776232666996888242014830600144425576284318836489438977640753556482306399551662597043066554534859996344905919700632229990728761270834903912691310337626141395558772270156544050580268409396600824752758338686586654193300836127901198435365911117179216900644375649916390576157454778679657671208655061403736667485260014170221903279,d+1,332,0.03994
1096,23344248776232666996888242014830600144425576284318836489438977640753556482306399551662597043066554534859996344905919700632229990728761270834903912691310337626141395558772270156544050580268409396600824752758338686586654193300836127901198435365911117179216900644375649916390576157454778679657671208655061403736667485260014170221903279,40044621768,46688497552465333993776484029661200288851152568637672978877955281507112964612799103325194086133109069719992689811839401264459981457522541669807825382620675252282791117544540313088101160536818793201649505516677373173308386601672255802396870731822234358433801288751299832781152314909557359315342417310122807473334970520028380488428327,both,332,0.01780
1097,46688497552465333993776484029661200288851152568637672978877955281507112964612799103325194086133109069719992689811839401264459981457522541669807825382620675252282791117544540313088101160536818793201649505516677373173308386601672255802396870731822234358433801288751299832781152314909557359315342417310122807473334970520028380488428327,138956108172,93376995104930667987552968059322400577702305137275345957755910563014225929225598206650388172266218139439985379623678802528919962915045083339615650765241350504565582235089080626176202321073637586403299011033354746346616773203344511604793741463644468716867602577502599665562304629819114718630684834620245614946669941040056899932964827,d-1,332,0.06154
1098,93376995104930667987552968059322400577702305137275345957755910563014225929225598206650388172266218139439985379623678802528919962915045083339615650765241350504565582235089080626176202321073637586403299011033354746346616773203344511604793741463644468716867602577502599665562304629819114718630684834620245614946669941040056899932964827,378500158542,186753990209861335975105936118644801155404610274550691915511821126028451858451196413300776344532436278879970759247357605057839925830090166679231301530482701009131164470178161252352404642147275172806598022066709492693233546406689023209587482927288937433735205155005199331124609259638229437261369669240491229893339882080114178366088197,d-1,332,0.16699
1099,186753990209861335975105936118644801155404610274550691915511821126028451858451196413300776344532436278879970759247357605057839925830090166679231301530482701009131164470178161252352404642147275172806598022066709492693233546406689023209587482927288937433735205155005199331124609259638229437261369669240491229893339882080114178366088197,144039480042,373507980419722671950211872237289602310809220549101383831023642252056903716902392826601552689064872557759941518494715210115679851660180333358462603060965402018262328940356322504704809284294550345613196044133418985386467092813378046419174965854577874867470410310010398662249218519276458874522739338480982459786679764160228500771656437,d+1,333,0.06331
1100,373507980419722671950211872237289602310809220549101383831023642252056903716902392826601552689064872557759941518494715210115679851660180333358462603060965402018262328940356322504704809284294550345613196044133418985386467092813378046419174965854577874867470410310010398662249218519276458874522739338480982459786679764160228500771656437,3783909402,747015960839445343900423744474579204621618441098202767662047284504113807433804785653203105378129745115519883036989430420231359703320360666716925206121930804036524657880712645009409618568589100691226392088266837970772934185626756092838349931709155749734940820620020797324498437038552917749045478676961964919573359528320457005327222277,d+1,333,0.00166
1101,747015960839445343900423744474579204621618441098202767662047284504113807433804785653203105378129745115519883036989430420231359703320360666716925206121930804036524657880712645009409618568589100691226392088266837970772934185626756092838349931709155749734940820620020797324498437038552917749045478676961964919573359528320457005327222277,78521734062,1494031921678890687800847488949158409243236882196405535324094569008227614867609571306406210756259490231039766073978860840462719406640721333433850412243861608073049315761425290018819237137178201382452784176533675941545868371253512185676699863418311499469881641240041594648996874077105835498090957353923929839146719056640914089176178617,d+1,333,0.03426
1102,1494031921678890687800847488949158409243236882196405535324094569008227614867609571306406210756259490231039766073978860840462719406640721333433850412243861608073049315761425290018819237137178201382452784176533675941545868371253512185676699863418311499469881641240041594648996874077105835498090957353923929839146719056640914089176178617,87932999232,2988063843357781375601694977898316818486473764392811070648189138016455229735219142612812421512518980462079532147957721680925438813281442666867700824487723216146098631522850580037638474274356402764905568353067351883091736742507024371353399726836622998939763282480083189297993748154211670996181914707847859678293438113281828266285356467,d+1,334,0.03822
1103,2988063843357781375601694977898316818486473764392811070648189138016455229735219142612812421512518980462079532147957721680925438813281442666867700824487723216146098631522850580037638474274356402764905568353067351883091736742507024371353399726836622998939763282480083189297993748154211670996181914707847859678293438113281828266285356467,704629932,5976127686715562751203389955796633636972947528785622141296378276032910459470438285225624843025037960924159064295915443361850877626562885333735401648975446432292197263045701160075276948548712805529811136706134703766183473485014048742706799453673245997879526564960166378595987496308423341992363829415695719356586876226563656533275342867,d-1,334,0.00031
1104,5976127686715562751203389955796633636972947528785622141296378276032910459470438285225624843025037960924159064295915443361850877626562885333735401648975446432292197263045701160075276948548712805529811136706134703766183473485014048742706799453673245997879526564960166378595987496308423341992363829415695719356586876226563656533275342867,279215532,11952255373431125502406779911593267273945895057571244282592756552065820918940876570451249686050075921848318128591830886723701755253125770667470803297950892864584394526091402320150553897097425611059622273412269407532366946970028097485413598907346491995759053129920332757191974992616846683984727658831391438713173752453127313066829901267,d+1,334,0.00012
1105,11952255373431125502406779911593267273945895057571244282592756552065820918940876570451249686050075921848318128591830886723701755253125770667470803297950892864584394526091402320150553897097425611059622273412269407532366946970028097485413598907346491995759053129920332757191974992616846683984727658831391438713173752453127313066829901267,116786543064,23904510746862251004813559823186534547891790115142488565185513104131641837881753140902499372100151843696636257183661773447403510506251541334941606595901785729168789052182804640301107794194851222119244546824538815064733893940056194970827197814692983991518106259840665514383949985233693367969455317662782877426347504906254626250446345599,d-1,335,0.05019
1106,23904510746862251004813559823186534547891790115142488565185513104131641837881753140902499372100151843696636257183661773447403510506251541334941606595901785729168789052182804640301107794194851222119244546824538815064733893940056194970827197814692983991518106259840665514383949985233693367969455317662782877426347504906254626250446345599,9219404868,47809021493724502009627119646373069095783580230284977130371026208263283675763506281804998744200303687393272514367323546894807021012503082669883213191803571458337578104365609280602215588389702444238489093649077630129467787880112389941654395629385967983036212519681331028767899970467386735938910635325565754852695009812509252510112096067,d+1,335,0.00395
1107,47809021493724502009627119646373069095783580230284977130371026208263283675763506281804998744200303687393272514367323546894807021012503082669883213191803571458337578104365609280602215588389702444238489093649077630129467787880112389941654395629385967983036212519681331028767899970467386735938910635325565754852695009812509252510112096067,77910890472,95618042987449004019254239292746138191567160460569954260742052416526567351527012563609997488400607374786545028734647093789614042025006165339766426383607142916675156208731218561204431176779404888476978187298155260258935575760224779883308791258771935966072425039362662057535799940934773471877821270651131509705390019625018505098135082607,d-1,335,0.03323
1108,95618042987449004019254239292746138191567160460569954260742052416526567351527012563609997488400607374786545028734647093789614042025006165339766426383607142916675156208731218561204431176779404888476978187298155260258935575760224779883308791258771935966072425039362662057535799940934773471877821270651131509705390019625018505098135082607,298151435472,191236085974898008038508478585492276383134320921139908521484104833053134703054025127219994976801214749573090057469294187579228084050012330679532852767214285833350312417462437122408862353558809776953956374596310520517871151520449559766617582517543871932144850078725324115071599881869546943755642541302263019410780039250037010494421600687,d+1,335,0.12671
1109,191236085974898008038508478585492276383134320921139908521484104833053134703054025127219994976801214749573090057469294187579228084050012330679532852767214285833350312417462437122408862353558809776953956374596310520517871151520449559766617582517543871932144850078725324115071599881869546943755642541302263019410780039250037010494421600687,39154948434,382472171949796016077016957170984552766268641842279817042968209666106269406108050254439989953602429499146180114938588375158456168100024661359065705534428571666700624834924874244817724707117619553907912749192621041035742303040899119533235165035087743864289700157450648230143199763739093887511285082604526038821560078500074021027998149809,d-1,336,0.01658
1110,382472171949796016077016957170984552766268641842279817042968209666106269406108050254439989953602429499146180114938588375158456168100024661359065705534428571666700624834924874244817724707117619553907912749192621041035742303040899119533235165035087743864289700157450648230143199763739093887511285082604526038821560078500074021027998149809,1496204478,764944343899592032154033914341969105532537283684559634085936419332212538812216100508879979907204858998292360229877176750316912336200049322718131411068857143333401249669849748489635449414235239107815825498385242082071484606081798239066470330070175487728579400314901296460286399527478187775022570165209052077643120157000148042057492504097,d-1,336,0.00063
1111,764944343899592032154033914341969105532537283684559634085936419332212538812216100508879979907204858998292360229877176750316912336200049322718131411068857143333401249669849748489635449414235239107815825498385242082071484606081798239066470330070175487728579400314901296460286399527478187775022570165209052077643120157000148042057492504097,565222570014,1529888687799184064308067828683938211065074567369119268171872838664425077624432201017759959814409717996584720459754353500633824672400098645436262822137714286666802499339699496979270898828470478215631650996770484164142969212163596478132940660140350975457158800629802592920572799054956375550045140330418104155286240314000296084680207578209,d-1,336,0.23754
1112,1529888687799184064308067828683938211065074567369119268171872838664425077624432201017759959814409717996584720459754353500633824672400098645436262822137714286666802499339699496979270898828470478215631650996770484164142969212163596478132940660140350975457158800629802592920572799054956375550045140330418104155286240314000296084680207578209,106045583490,3059777375598368128616135657367876422130149134738238536343745677328850155248864402035519919628819435993169440919508707001267649344800197290872525644275428573333604998679398993958541797656940956431263301993540968328285938424327192956265881320280701950914317601259605185841145598109912751100090280660836208310572480628000592169466460739909,d+1,337,0.04440
1113,3059777375598368128616135657367876422130149134738238536343745677328850155248864402035519919628819435993169440919508707001267649344800197290872525644275428573333604998679398993958541797656940956431263301993540968328285938424327192956265881320280701950914317601259605185841145598109912751100090280660836208310572480628000592169466460739909,28949602770,6119554751196736257232271314735752844260298269476477072687491354657700310497728804071039839257638871986338881839017414002535298689600394581745051288550857146667209997358797987917083595313881912862526603987081936656571876848654385912531762640561403901828635202519210371682291196219825502200180561321672416621144961256001184338961871082589,d+1,337,0.01208
1114,6119554751196736257232271314735752844260298269476477072687491354657700310497728804071039839257638871986338881839017414002535298689600394581745051288550857146667209997358797987917083595313881912862526603987081936656571876848654385912531762640561403901828635202519210371682291196219825502200180561321672416621144961256001184338961871082589,238545093720,12239109502393472514464542629471505688520596538952954145374982709315400620995457608142079678515277743972677763678034828005070597379200789163490102577101714293334419994717595975834167190627763825725053207974163873313143753697308771825063525281122807803657270405038420743364582392439651004400361122643344833242289922512002368678162287258899,d-1,337,0.09914
1115,12239109502393472514464542629471505688520596538952954145374982709315400620995457608142079678515277743972677763678034828005070597379200789163490102577101714293334419994717595975834167190627763825725053207974163873313143753697308771825063525281122807803657270405038420743364582392439651004400361122643344833242289922512002368678162287258899,6077314890,24478219004786945028929085258943011377041193077905908290749965418630801241990915216284159357030555487945355527356069656010141194758401578326980205154203428586668839989435191951668334381255527651450106415948327746626287507394617543650127050562245615607314540810076841486729164784879302008800722245286689666484579845024004737356330651832689,d-1,338,0.00252
1116,24478219004786945028929085258943011377041193077905908290749965418630801241990915216284159357030555487945355527356069656010141194758401578326980205154203428586668839989435191951668334381255527651450106415948327746626287507394617543650127050562245615607314540810076841486729164784879302008800722245286689666484579845024004737356330651832689,13577202642,48956438009573890057858170517886022754082386155811816581499930837261602483981830432568318714061110975890711054712139312020282389516803156653960410308406857173337679978870383903336668762511055302900212831896655493252575014789235087300254101124491231214629081620153682973458329569758604017601444490573379332969159690048009474712674880868021,d-1,338,0.00560
1117,48956438009573890057858170517886022754082386155811816581499930837261602483981830432568318714061110975890711054712139312020282389516803156653960410308406857173337679978870383903336668762511055302900212831896655493252575014789235087300254101124491231214629081620153682973458329569758604017601444490573379332969159690048009474712674880868021,32742092916,97912876019147780115716341035772045508164772311623633162999861674523204967963660865136637428122221951781422109424278624040564779033606313307920820616813714346675359957740767806673337525022110605800425663793310986505150029578470174600508202248982462429258163240307365946916659139517208035202888981146758665938319380096018949425382503828959,d+1,338,0.01346
1118,97912876019147780115716341035772045508164772311623633162999861674523204967963660865136637428122221951781422109424278624040564779033606313307920820616813714346675359957740767806673337525022110605800425663793310986505150029578470174600508202248982462429258163240307365946916659139517208035202888981146758665938319380096018949425382503828959,35802742092,195825752038295560231432682071544091016329544623247266325999723349046409935927321730273274856244443903562844218848557248081129558067212626615841641233627428693350719915481535613346675050044221211600851327586621973010300059156940349201016404497964924858516326480614731893833318279034416070405777962293517331876638760192037898850800810400011,d-1,338,0.01466
1119,195825752038295560231432682071544091016329544623247266325999723349046409935927321730273274856244443903562844218848557248081129558067212626615841641233627428693350719915481535613346675050044221211600851327586621973010300059156940349201016404497964924858516326480614731893833318279034416070405777962293517331876638760192037898850800810400011,105903402918,391651504076591120462865364143088182032659089246494532651999446698092819871854643460546549712488887807125688437697114496162259116134425253231683282467254857386701439830963071226693350100088442423201702655173243946020600118313880698402032808995929849717032652961229463787666636558068832140811555924587034663753277520384075797701707524202941,d+1,339,0.04321
1120,391651504076591120462865364143088182032659089246494532651999446698092819871854643460546549712488887807125688437697114496162259116134425253231683282467254857386701439830963071226693350100088442423201702655173243946020600118313880698402032808995929849717032652961229463787666636558068832140811555924587034663753277520384075797701707524202941,11626349346,783303008153182240925730728286176364065318178492989065303998893396185639743709286921093099424977775614251376875394228992324518232268850506463366564934509714773402879661926142453386700200176884846403405310346487892041200236627761396804065617991859699434065305922458927575333273116137664281623111849174069327506555040768151595403426674755229,d+1,339,0.00473
1121,783303008153182240925730728286176364065318178492989065303998893396185639743709286921093099424977775614251376875394228992324518232268850506463366564934509714773402879661926142453386700200176884846403405310346487892041200236627761396804065617991859699434065305922458927575333273116137664281623111849174069327506555040768151595403426674755229,11192872092,1566606016306364481851461456572352728130636356985978130607997786792371279487418573842186198849955551228502753750788457984649036464537701012926733129869019429546805759323852284906773400400353769692806810620692975784082400473255522793608131235983719398868130611844917855150666546232275328563246223698348138655013110081536303190806864542382551,d-1,339,0.00453
1122,1566606016306364481851461456572352728130636356985978130607997786792371279487418573842186198849955551228502753750788457984649036464537701012926733129869019429546805759323852284906773400400353769692806810620692975784082400473255522793608131235983719398868130611844917855150666546232275328563246223698348138655013110081536303190806864542382551,154467200136,3133212032612728963702922913144705456261272713971956261215995573584742558974837147684372397699911102457005507501576915969298072929075402025853466259738038859093611518647704569813546800800707539385613621241385951568164800946511045587216262471967438797736261223689835710301333092464550657126492447396696277310026220163072606381613883551965239,d+1,340,0.06232
1123,3133212032612728963702922913144705456261272713971956261215995573584742558974837147684372397699911102457005507501576915969298072929075402025853466259738038859093611518647704569813546800800707539385613621241385951568164800946511045587216262471967438797736261223689835710301333092464550657126492447396696277310026220163072606381613883551965239,98146800480,6266424065225457927405845826289410912522545427943912522431991147169485117949674295368744795399822204914011015003153831938596145858150804051706932519476077718187223037295409139627093601601415078771227242482771903136329601893022091174432524943934877595472522447379671420602666184929101314252984894793392554620052440326145212763227865250730959,d+1,340,0.03946
1124,6266424065225457927405845826289410912522545427943912522431991147169485117949674295368744795399822204914011015003153831938596145858150804051706932519476077718187223037295409139627093601601415078771227242482771903136329601893022091174432524943934877595472522447379671420602666184929101314252984894793392554620052440326145212763227865250730959,18040168038,12532848130450915854811691652578821825045090855887825044863982294338970235899348590737489590799644409828022030006307663877192291716301608103413865038952155436374446074590818279254187203202830157542454484965543806272659203786044182348865049887869755190945044894759342841205332369858202628505969789586785109240104880652290425526455748541629957,d+1,340,0.00723
1125,12532848130450915854811691652578821825045090855887825044863982294338970235899348590737489590799644409828022030006307663877192291716301608103413865038952155436374446074590818279254187203202830157542454484965543806272659203786044182348865049887869755190945044894759342841205332369858202628505969789586785109240104880652290425526455748541629957,254485352442,25065696260901831709623383305157643650090181711775650089727964588677940471798697181474979181599288819656044060012615327754384583432603216206827730077904310872748892149181636558508374406405660315084908969931087612545318407572088364697730099775739510381890089789518685682410664739716405257011939579173570218480209761304580851052911751568612357,d-1,341,0.10155
1126,25065696260901831709623383305157643650090181711775650089727964588677940471798697181474979181599288819656044060012615327754384583432603216206827730077904310872748892149181636558508374406405660315084908969931087612545318407572088364697730099775739510381890089789518685682410664739716405257011939579173570218480209761304580851052911751568612357,58949082192,50131392521803663419246766610315287300180363423551300179455929177355880943597394362949958363198577639312088120025230655508769166865206432413655460155808621745497784298363273117016748812811320630169817939862175225090636815144176729395460199551479020763780179579037371364821329479432810514023879158347140436960419522609161702105823562086306907,d-1,341,0.02344
1127,50131392521803663419246766610315287300180363423551300179455929177355880943597394362949958363198577639312088120025230655508769166865206432413655460155808621745497784298363273117016748812811320630169817939862175225090636815144176729395460199551479020763780179579037371364821329479432810514023879158347140436960419522609161702105823562086306907,111875539272,100262785043607326838493533220630574600360726847102600358911858354711761887194788725899916726397155278624176240050461311017538333730412864827310920311617243490995568596726546234033497625622641260339635879724350450181273630288353458790920399102958041527560359158074742729642658958865621028047758316694280873920839045218323404211647236048153087,d+1,341,0.04432
1128,100262785043607326838493533220630574600360726847102600358911858354711761887194788725899916726397155278624176240050461311017538333730412864827310920311617243490995568596726546234033497625622641260339635879724350450181273630288353458790920399102958041527560359158074742729642658958865621028047758316694280873920839045218323404211647236048153087,38127003954,200525570087214653676987066441261149200721453694205200717823716709423523774389577451799833452794310557248352480100922622035076667460825729654621840623234486981991137193453092468066995251245282520679271759448700900362547260576706917581840798205916083055120718316149485459285317917731242056095516633388561747841678090436646808423294510223310129,d-1,342,0.01505
1129,200525570087214653676987066441261149200721453694205200717823716709423523774389577451799833452794310557248352480100922622035076667460825729654621840623234486981991137193453092468066995251245282520679271759448700900362547260576706917581840798205916083055120718316149485459285317917731242056095516633388561747841678090436646808423294510223310129,123539202300,401051140174429307353974132882522298401442907388410401435647433418847047548779154903599666905588621114496704960201845244070153334921651459309243681246468973963982274386906184936133990502490565041358543518897401800725094521153413835163681596411832166110241436632298970918570635835462484112191033266777123495683356180873293616846589143985822559,d-1,342,0.04858
1130,401051140174429307353974132882522298401442907388410401435647433418847047548779154903599666905588621114496704960201845244070153334921651459309243681246468973963982274386906184936133990502490565041358543518897401800725094521153413835163681596411832166110241436632298970918570635835462484112191033266777123495683356180873293616846589143985822559,49061864328,802102280348858614707948265765044596802885814776820802871294866837694095097558309807199333811177242228993409920403690488140306669843302918618487362492937947927964548773812369872267981004981130082717087037794803601450189042306827670327363192823664332220482873264597941837141271670924968224382066533554246991366712361746587233693178337033509447,d+1,342,0.01922
1131,802102280348858614707948265765044596802885814776820802871294866837694095097558309807199333811177242228993409920403690488140306669843302918618487362492937947927964548773812369872267981004981130082717087037794803601450189042306827670327363192823664332220482873264597941837141271670924968224382066533554246991366712361746587233693178337033509447,31012157382,1604204560697717229415896531530089193605771629553641605742589733675388190195116619614398667622354484457986819840807380976280613339686605837236974724985875895855929097547624739744535962009962260165434174075589607202900378084613655340654726385647328664440965746529195883674282543341849936448764133067108493982733424723493174467386356705079176277,d-1,342,0.01211
1132,1604204560697717229415896531530089193605771629553641605742589733675388190195116619614398667622354484457986819840807380976280613339686605837236974724985875895855929097547624739744535962009962260165434174075589607202900378084613655340654726385647328664440965746529195883674282543341849936448764133067108493982733424723493174467386356705079176277,125997326334,3208409121395434458831793063060178387211543259107283211485179467350776380390233239228797335244708968915973639681614761952561226679373211674473949449971751791711858195095249479489071924019924520330868348151179214405800756169227310681309452771294657328881931493058391767348565086683699872897528266134216987965466849446986348934772713536155678889,d-1,343,0.04901
1133,3208409121395434458831793063060178387211543259107283211485179467350776380390233239228797335244708968915973639681614761952561226679373211674473949449971751791711858195095249479489071924019924520330868348151179214405800756169227310681309452771294657328881931493058391767348565086683699872897528266134216987965466849446986348934772713536155678889,92548181532,6416818242790868917663586126120356774423086518214566422970358934701552760780466478457594670489417937831947279363229523905122453358746423348947898899943503583423716390190498958978143848039849040661736696302358428811601512338454621362618905542589314657763862986116783534697130173367399745795056532268433975930933698893972697869545427164859539311,d+1,343,0.03587
1134,6416818242790868917663586126120356774423086518214566422970358934701552760780466478457594670489417937831947279363229523905122453358746423348947898899943503583423716390190498958978143848039849040661736696302358428811601512338454621362618905542589314657763862986116783534697130173367399745795056532268433975930933698893972697869545427164859539311,157889303238,12833636485581737835327172252240713548846173036429132845940717869403105521560932956915189340978835875663894558726459047810244906717492846697895797799887007166847432780380997917956287696079698081323473392604716857623203024676909242725237811085178629315527725972233567069394260346734799491590113064536867951861867397787945395739090854487608381861,d+1,343,0.06097
