Verification of results/chain_long.csv: 1134 steps
  primality beyond 3.19e+23 is probabilistic (gmpy2 BPSW / 12-base Miller-Rabin)

  step  digits(t)          d   side   d/((ln t)^4 lnln t)  d/((ln t)^5 lnln t)  checks        least d     model E[d(t)]  P(d(t)>d)
     1          1            6   d-1 d+1          0.8942             0.55562   OK                                270     0.5440
     2          2           24   d-1              0.3577             0.12624   OK                                 38     0.2562
     3          2           78   d+1              0.2008             0.04924   OK                                 39     0.1125
     4          3          222   d+1              0.1712             0.03240   OK                                101     0.1106
     5          3           42   d-1 d+1          0.0133             0.00206   OK                                233     0.7690
     6          4          174   d-1              0.0338             0.00473   OK                                572     0.6364
     7          4           60   d-1 d+1          0.0074             0.00094   OK                                182     0.7773
     8          4          132   d-1              0.0111             0.00129   OK                                474     0.6951
     9          5        3,456   d+1              0.2051             0.02200   OK                                694     0.0136
    10          5        1,260   d-1              0.0510             0.00503   OK                                783     0.1978
    11          5          312   d-1 d+1          0.0093             0.00086   OK                              1,524     0.7626
    12          6        1,068   d+1              0.0243             0.00210   OK                              4,793     0.7471
    13          6       21,186   d+1              0.3729             0.03039   OK                              7,189     0.0650
    14          6        1,548   d+1              0.0211             0.00162   OK                              3,619     0.6058
    15          6          822   d-1 d+1          0.0089             0.00065   OK                              3,329     0.7385
    16          7       11,934   d-1              0.1041             0.00723   OK                             13,786     0.3976
    17          7          270   d-1 d+1          0.0019             0.00013   OK                              5,185     0.9294
    18          7        1,218   d-1              0.0071             0.00045   OK                              3,281     0.6603
    19          8        9,972   d+1              0.0482             0.00293   OK                              7,263     0.2494
    20          8        1,032   d-1 d+1          0.0042             0.00024   OK                             21,921     0.9304
    21          8       66,732   d+1              0.2270             0.01270   OK                             32,391     0.1352
    22          9       16,572   d+1              0.0478             0.00257   OK                             18,736     0.3936
    23          9        4,392   d-1              0.0108             0.00056   OK                             19,005     0.7558
    24          9       36,432   d+1              0.0768             0.00385   OK                             40,530     0.3882
    25          9      242,262   d-1              0.4407             0.02135   OK                             42,567     0.0063
    26         10      100,734   d-1              0.1588             0.00744   OK                             38,010     0.0802
    27         10       24,132   d+1              0.0331             0.00150   OK                             10,870     0.1150
    28         10       54,576   d+1              0.0656             0.00288   OK                             64,218     0.4076
    29         11        1,950   d-1 d+1          0.0021             0.00009   OK                             30,107     0.9139
    30         11       67,782   d+1              0.0630             0.00262   OK                             50,602     0.2578
    31         11      100,926   d+1              0.0831             0.00335   OK                             59,924     0.1881
    32         12       54,450   d-1              0.0398             0.00156   OK                             27,783     0.1460
    33         12       67,290   d-1              0.0438             0.00167   OK                             67,070     0.3530
    34         12       11,832   d-1 d+1          0.0069             0.00026   OK                             21,630     0.5557
    35         12       52,956   d+1              0.0276             0.00100   OK                            111,487     0.5910
    36         13      146,292   d-1              0.0686             0.00243   OK                             54,043     0.0749
    37         13       34,368   d-1 d+1          0.0145             0.00050   OK                            101,465     0.6792
    38         13      176,538   d-1              0.0674             0.00227   OK                             73,970     0.0999
    39         14      411,288   d-1              0.1421             0.00468   OK                            157,779     0.0821
    40         14      205,608   d-1              0.0645             0.00208   OK                            159,255     0.2702
    41         14      105,468   d-1              0.0301             0.00095   OK                            430,295     0.7513
    42         15        7,668   d+1              0.0020             0.00006   OK                            154,102     0.9348
    43         15      224,298   d+1              0.0533             0.00161   OK                            296,476     0.4488
    44         15       55,206   d+1              0.0120             0.00035   OK                            506,331     0.8721
    45         15       42,300   d-1              0.0084             0.00024   OK                            179,372     0.7584
    46         16      231,492   d+1              0.0423             0.00120   OK                             99,114     0.1035
    47         16      174,918   d-1              0.0294             0.00082   OK                            444,653     0.6457
    48         16       64,668   d-1              0.0100             0.00027   OK                            357,789     0.8068
    49         17      747,828   d-1 d+1          0.1070             0.00287   OK                            470,936     0.2052
    50         17       70,098   d+1              0.0093             0.00024   OK                            256,312     0.7307
    51         17       39,408   d+1              0.0048             0.00012   OK                            336,510     0.8658
    52         18      409,026   d+1              0.0464             0.00118   OK                            486,886     0.4155
    53         18      282,972   d+1              0.0298             0.00074   OK                            230,732     0.2875
    54         18      206,448   d-1              0.0202             0.00050   OK                            359,667     0.5391
    55         18      803,088   d-1              0.0731             0.00177   OK                          1,137,389     0.4734
    56         19      298,776   d+1              0.0254             0.00060   OK                            492,265     0.5219
    57         19       44,712   d-1              0.0035             0.00008   OK                            211,879     0.7839
    58         19      624,726   d+1              0.0462             0.00106   OK                            373,170     0.1894
    59         20      468,870   d-1              0.0324             0.00073   OK                            505,293     0.3816
    60         20      228,738   d-1              0.0148             0.00033   OK                            634,314     0.6685
    61         20      176,082   d-1              0.0107             0.00023   OK                            747,193     0.7623
    62         21    2,417,904   d-1              0.1373             0.00297   OK                          1,632,231     0.2266
    63         21      194,688   d-1              0.0104             0.00022   OK                            243,694     0.4343
    64         21      305,742   d-1 d+1          0.0153             0.00032   OK                          1,623,631     0.8020
    65         22    1,534,632   d+1              0.0723             0.00149   OK                          2,110,843     0.4647
    66         22       42,462   d-1 d+1          0.0019             0.00004   OK                          1,083,366     0.9491
    67         22      627,252   d-1              0.0262             0.00053   OK                          1,772,109     0.6744
    68         22      417,864   d-1              0.0165             0.00033   OK                          2,154,454     0.7978
    69         23    2,286,672   d-1              0.0850             0.00166   OK                            630,712     0.0324
    70         23    1,552,998   d-1              0.0545             0.00105   OK                          2,682,950     0.5382
    71         23    1,264,596   d+1              0.0419             0.00080   OK                          1,472,635     0.4093
    72         24    2,173,182   d+1              0.0682             0.00128   OK                            637,333     0.0390
    73         24      998,196   d+1              0.0296             0.00055   OK                          4,254,740     0.7651
    74         24    4,292,940   d+1              0.1207             0.00221   OK                          2,193,458     0.1458
    75         25      145,878   d+1              0.0039             0.00007   OK                            829,691     0.8152
    76         25      230,352   d+1              0.0058             0.00010   OK                          2,511,715     0.8938
    77         25      333,252   d+1              0.0080             0.00014   OK                          1,831,371     0.8092
    78         25    2,325,264   d-1              0.0530             0.00092   OK                          3,705,700     0.5134
    79         26    2,821,452   d-1              0.0611             0.00105   OK                          2,897,371     0.3665
    80         26   11,127,246   d+1              0.2290             0.00390   OK                          6,262,232     0.1721
    81         26    1,326,168   d-1              0.0260             0.00044   OK                          2,589,432     0.5757
    82         27    5,601,882   d-1              0.1044             0.00174   OK                          4,001,278     0.2446
    83         27      319,314   d-1              0.0057             0.00009   OK                          3,122,402     0.8833
    84         27      393,162   d-1              0.0067             0.00011   OK                          1,296,298     0.7133
    85         28      760,458   d-1              0.0123             0.00020   OK                          3,797,185     0.7937
    86         28    1,518,708   d-1 d+1          0.0234             0.00037   OK                          3,820,091     0.6476
    87         28    5,776,386   d+1              0.0849             0.00133   OK                          3,196,824     0.1672
    88         28    2,789,070   d-1              0.0392             0.00061   OK                          2,259,101     0.2858
    89         29      296,988   d-1              0.0040             0.00006   OK                          3,710,316     0.9059
    90         29    2,428,992   d-1              0.0312             0.00047   OK                          4,638,633     0.5701
    91         29    9,527,052   d+1              0.1169             0.00176   OK                          5,338,694     0.1707
    92         30    4,805,532   d-1 d+1          0.0564             0.00084   OK                          4,300,282     0.3198
    93         30    1,360,764   d-1              0.0153             0.00023   OK                          6,650,544     0.7909
    94         30    2,795,118   d+1              0.0301             0.00044   OK                          1,780,767     0.2084
    95         31    8,183,232   d+1              0.0844             0.00122   OK                         10,593,558     0.4464
    96         31      389,562   d-1 d+1          0.0039             0.00006   OK                          5,391,848     0.9148
    97         31    1,117,662   d-1              0.0106             0.00015   OK                          5,207,715     0.7834
    98         31    8,130,312   d+1              0.0740             0.00104   OK                          9,228,272     0.4016
    99         32    6,532,692   d+1              0.0571             0.00079   OK                          6,249,795     0.3429
   100         32    3,278,532   d-1              0.0275             0.00038   OK                          8,843,882     0.6666
   101         32    4,308,174   d-1              0.0347             0.00047   OK                          9,016,712     0.5981
   102         33    3,664,482   d+1              0.0284             0.00038   OK                          2,982,902     0.2878
   103         33      451,158   d+1              0.0034             0.00004   OK                         10,180,342     0.9448
   104         33    8,009,166   d+1              0.0573             0.00076   OK                          5,720,745     0.2447
   105         34   17,379,552   d+1              0.1197             0.00157   OK                          7,942,153     0.1175
   106         34    1,741,386   d+1              0.0115             0.00015   OK                          6,656,628     0.7461
   107         34    1,307,700   d+1              0.0083             0.00011   OK                          3,490,611     0.6643
   108         34      452,628   d+1              0.0028             0.00004   OK                          4,605,077     0.8891
   109         35   14,597,274   d-1              0.0864             0.00110   OK                          8,274,590     0.1739
   110         35   15,469,758   d+1              0.0882             0.00111   OK                          4,211,649     0.0304
   111         35    9,655,602   d+1              0.0531             0.00066   OK                          6,677,456     0.2343
   112         36   60,802,662   d+1              0.3223             0.00398   OK                         12,729,568     0.0114
   113         36    2,038,944   d-1              0.0104             0.00013   OK                          7,274,572     0.7318
   114         36       73,122   d-1              0.0004             0.00000   OK                          5,408,124     0.9815
   115         37   36,703,986   d+1              0.1748             0.00211   OK                         19,971,719     0.1624
   116         37    3,453,738   d+1              0.0159             0.00019   OK                         11,069,948     0.7081
   117         37   17,792,862   d-1              0.0790             0.00094   OK                         10,395,513     0.1826
   118         37    2,834,502   d-1              0.0122             0.00014   OK                         20,479,279     0.8509
   119         38   10,234,842   d-1 d+1          0.0424             0.00049   OK                         10,382,738     0.3633
   120         38   24,923,124   d-1              0.0999             0.00115   OK                         14,318,960     0.1777
   121         38   13,020,648   d-1 d+1          0.0504             0.00058   OK                          7,807,824     0.1902
   122         39   10,457,814   d-1              0.0392             0.00045   OK                          6,690,887     0.2098
   123         39    3,835,488   d-1              0.0139             0.00016   OK                         14,266,894     0.7409
   124         39      185,304   d-1              0.0006             0.00001   OK                          8,358,770     0.9709
   125         40    2,403,342   d+1              0.0082             0.00009   OK                         11,843,569     0.7939
   126         40   20,292,528   d-1              0.0667             0.00074   OK                         25,456,560     0.4366
   127         40   10,681,896   d+1              0.0340             0.00037   OK                         38,549,277     0.7354
   128         40    6,569,010   d-1 d+1          0.0202             0.00022   OK                          4,745,109     0.2483
   129         41    5,596,812   d+1              0.0167             0.00018   OK                          5,713,694     0.3658
   130         41      496,548   d+1              0.0014             0.00002   OK                         32,034,534     0.9791
   131         41    3,621,726   d+1              0.0102             0.00011   OK                         22,887,073     0.8332
   132         42   18,631,308   d+1              0.0507             0.00053   OK                         22,394,979     0.4221
   133         42    6,547,974   d-1              0.0173             0.00018   OK                         32,671,628     0.7969
   134         42   20,462,148   d+1              0.0523             0.00054   OK                          9,479,789     0.1203
   135         43   32,307,954   d-1              0.0802             0.00083   OK                         16,305,923     0.1419
   136         43    5,232,738   d-1              0.0126             0.00013   OK                          7,431,919     0.4788
   137         43    6,819,582   d+1              0.0159             0.00016   OK                         15,273,155     0.6184
   138         43    3,936,042   d+1              0.0089             0.00009   OK                         20,418,242     0.8036
   139         44   72,179,904   d-1              0.1590             0.00160   OK                         22,068,807     0.0435
   140         44       57,750   d+1              0.0001             0.00000   OK                          7,650,616     0.9894
   141         44   13,471,032   d+1              0.0280             0.00028   OK                         18,814,352     0.4728
   142         45    5,552,148   d-1              0.0112             0.00011   OK                         22,390,135     0.7583
   143         45   53,177,088   d-1              0.1043             0.00102   OK                         47,209,998     0.3178
   144         45    2,563,386   d+1              0.0049             0.00005   OK                         25,512,373     0.8880
   145         46   27,019,128   d-1              0.0501             0.00048   OK                          7,744,302     0.0354
   146         46   24,572,202   d-1              0.0443             0.00042   OK                         57,248,354     0.6299
   147         46  124,970,094   d-1              0.2191             0.00208   OK                         54,386,616     0.1058
   148         46    1,757,340   d-1              0.0030             0.00003   OK                         36,098,103     0.9413
   149         47   34,537,668   d+1              0.0573             0.00054   OK                         36,507,843     0.3781
   150         47   46,859,712   d-1 d+1          0.0756             0.00071   OK                         70,629,289     0.4987
   151         47   44,852,322   d-1              0.0705             0.00065   OK                         54,676,432     0.4274
   152         48  267,700,182   d+1              0.4094             0.00377   OK                         67,473,188     0.0231
   153         48    6,069,984   d-1              0.0090             0.00008   OK                         24,008,632     0.7549
   154         48    3,438,798   d-1              0.0050             0.00005   OK                         25,673,590     0.8560
   155         49    5,198,874   d-1              0.0073             0.00007   OK                         36,035,988     0.8470
   156         49   23,048,982   d-1              0.0317             0.00028   OK                         24,703,687     0.3831
   157         49  144,399,948   d+1              0.1935             0.00173   OK                         38,283,101     0.0275
   158         50   53,400,966   d+1              0.0697             0.00062   OK                         59,033,763     0.3938
   159         50   45,313,572   d-1              0.0577             0.00051   OK                         38,562,801     0.3034
   160         50  129,417,018   d-1              0.1605             0.00141   OK                         80,443,459     0.2010
   161         50   65,023,878   d-1 d+1          0.0786             0.00068   OK                         56,106,186     0.3081
   162         51  148,255,908   d+1              0.1747             0.00151   OK                         69,857,035     0.1244
   163         51   23,796,258   d-1              0.0274             0.00024   OK                         65,339,568     0.6733
   164         51  135,968,958   d-1              0.1524             0.00130   OK                         93,330,188     0.2321
   165         52   66,627,216   d+1              0.0729             0.00062   OK                         30,228,509     0.1152
   166         52    4,819,152   d-1 d+1          0.0051             0.00004   OK                         29,888,869     0.8322
   167         52   28,092,276   d+1              0.0292             0.00025   OK                         43,811,497     0.5102
   168         53   12,990,408   d+1              0.0132             0.00011   OK                         35,219,352     0.6705
   169         53   36,196,284   d-1              0.0359             0.00030   OK                         45,975,641     0.4418
   170         53   32,401,908   d-1              0.0314             0.00026   OK                         32,410,837     0.3593
   171         53  190,759,962   d+1              0.1802             0.00148   OK                         81,547,303     0.1017
   172         54   65,812,722   d+1              0.0607             0.00050   OK                         48,816,090     0.2573
   173         54  300,656,262   d-1 d+1          0.2708             0.00220   OK                         73,766,965     0.0209
   174         54   10,445,562   d+1              0.0092             0.00007   OK                        117,154,336     0.9000
   175         55   39,765,582   d-1              0.0342             0.00027   OK                         59,258,902     0.4954
   176         55   13,096,824   d-1              0.0110             0.00009   OK                         85,789,833     0.8398
   177         55   22,815,450   d+1              0.0187             0.00015   OK                         27,309,337     0.4216
   178         56   18,172,902   d-1              0.0146             0.00011   OK                         43,624,484     0.6384
   179         56   13,942,548   d-1              0.0109             0.00009   OK                         90,316,485     0.8388
   180         56   92,109,696   d+1              0.0705             0.00055   OK                         60,461,005     0.2178
   181         56   52,322,592   d-1              0.0392             0.00030   OK                         19,083,952     0.0698
   182         57    8,031,468   d-1 d+1          0.0059             0.00005   OK                         53,618,946     0.8426
   183         57      319,488   d+1              0.0002             0.00000   OK                         97,277,771     0.9951
   184         57  157,921,608   d-1              0.1105             0.00084   OK                         75,222,867     0.1269
   185         58  238,355,076   d+1              0.1631             0.00124   OK                         86,914,196     0.0700
   186         58   71,198,070   d-1              0.0477             0.00036   OK                         45,029,877     0.2062
   187         58   78,748,860   d+1              0.0516             0.00039   OK                         46,323,541     0.1843
   188         59   44,015,682   d+1              0.0282             0.00021   OK                         46,759,577     0.3804
   189         59   40,387,356   d+1              0.0253             0.00019   OK                         81,324,803     0.5896
   190         59   90,911,730   d-1              0.0558             0.00041   OK                         56,714,464     0.2020
   191         59   36,810,012   d+1              0.0221             0.00016   OK                         72,146,076     0.5813
   192         60   33,326,898   d-1              0.0196             0.00014   OK                        111,297,510     0.7205
   193         60   10,354,446   d+1              0.0060             0.00004   OK                         75,319,742     0.8542
   194         60   51,068,928   d+1              0.0288             0.00021   OK                         71,863,471     0.4764
   195         61   10,159,044   d-1              0.0056             0.00004   OK                        111,629,679     0.8987
   196         61  121,205,640   d-1              0.0655             0.00047   OK                         52,566,931     0.1047
   197         61   68,778,240   d-1              0.0364             0.00026   OK                         67,027,208     0.3503
   198         62   60,239,358   d-1              0.0312             0.00022   OK                         34,261,712     0.1744
   199         62   60,939,234   d-1              0.0309             0.00022   OK                        146,586,013     0.6398
   200         62   75,526,560   d-1              0.0375             0.00026   OK                         47,262,867     0.2029
   201         62   10,991,268   d+1              0.0054             0.00004   OK                         77,003,649     0.8491
   202         63    2,440,224   d-1              0.0012             0.00001   OK                        112,215,260     0.9725
   203         63   54,536,970   d+1              0.0255             0.00018   OK                         39,608,465     0.2503
   204         63   67,272,480   d+1              0.0308             0.00021   OK                         69,193,372     0.3694
   205         64  221,932,542   d-1              0.0997             0.00069   OK                         67,552,258     0.0424
   206         64  166,164,678   d+1              0.0732             0.00050   OK                        156,194,564     0.3381
   207         64  509,976,348   d-1              0.2201             0.00150   OK                        114,095,306     0.0145
   208         65  140,595,816   d+1              0.0595             0.00040   OK                        285,643,271     0.5929
   209         65  122,281,590   d-1              0.0507             0.00034   OK                        135,516,248     0.3953
   210         65   14,783,460   d-1              0.0060             0.00004   OK                        115,316,349     0.8628
   211         65   29,433,618   d-1 d+1          0.0117             0.00008   OK                         84,744,105     0.6865
   212         66   20,192,154   d-1              0.0079             0.00005   OK                         77,139,967     0.7495
   213         66   49,219,500   d+1              0.0189             0.00013   OK                        164,502,397     0.7210
   214         66   43,560,912   d-1              0.0164             0.00011   OK                         43,318,357     0.3576
   215         67  230,793,228   d+1              0.0853             0.00056   OK                        246,222,060     0.3823
   216         67   45,147,228   d-1              0.0164             0.00011   OK                         76,950,425     0.5392
   217         67   12,127,308   d+1              0.0043             0.00003   OK                        110,250,122     0.8805
   218         68   41,853,036   d+1              0.0146             0.00009   OK                        281,489,944     0.8445
   219         68  112,190,988   d+1              0.0384             0.00025   OK                         81,688,766     0.2512
   220         68   21,998,322   d-1              0.0074             0.00005   OK                        385,518,885     0.9338
   221         68  403,277,472   d-1              0.1330             0.00085   OK                        225,525,344     0.1697
   222         69   37,780,452   d-1 d+1          0.0122             0.00008   OK                        367,605,669     0.8877
   223         69   21,903,654   d-1              0.0070             0.00004   OK                        230,778,528     0.8951
   224         69   41,587,692   d-1              0.0130             0.00008   OK                        147,387,121     0.7338
   225         70   38,929,968   d-1              0.0119             0.00007   OK                        115,628,284     0.6941
   226         70  213,014,478   d+1              0.0641             0.00040   OK                        145,393,463     0.2303
   227         70   91,153,068   d-1              0.0269             0.00017   OK                        180,237,887     0.5852
   228         71   34,140,636   d+1              0.0099             0.00006   OK                        118,948,118     0.7304
   229         71  253,077,678   d-1              0.0721             0.00045   OK                        125,360,115     0.1365
   230         71  463,597,074   d-1              0.1298             0.00080   OK                        360,205,701     0.2730
   231         71    4,587,642   d+1              0.0013             0.00001   OK                        152,252,161     0.9629
   232         72  568,248,768   d-1              0.1535             0.00094   OK                        476,820,683     0.2991
   233         72  100,025,838   d+1              0.0266             0.00016   OK                        477,571,767     0.7924
   234         72  520,382,838   d+1              0.1357             0.00082   OK                        373,624,482     0.2467
   235         73    1,421,568   d+1              0.0004             0.00000   OK                        380,217,013     0.9946
   236         73    5,077,248   d+1              0.0013             0.00001   OK                        116,086,099     0.9479
   237         73  331,690,788   d-1              0.0821             0.00049   OK                        171,678,869     0.1481
   238         74   61,999,746   d+1              0.0151             0.00009   OK                        183,846,299     0.6941
   239         74  120,224,178   d+1              0.0287             0.00017   OK                         73,857,184     0.1972
   240         74  433,191,174   d-1              0.1018             0.00060   OK                        349,133,501     0.2853
   241         74  330,332,052   d+1              0.0763             0.00045   OK                        244,531,350     0.2568
   242         75  148,555,158   d-1              0.0337             0.00020   OK                        290,620,659     0.5821
   243         75   78,803,706   d+1              0.0176             0.00010   OK                        202,373,693     0.6581
   244         75   75,388,152   d-1              0.0166             0.00010   OK                        122,446,042     0.5246
   245         76  117,962,928   d-1              0.0255             0.00015   OK                        311,115,456     0.6649
   246         76  202,052,526   d+1              0.0429             0.00025   OK                        201,235,523     0.3584
   247         76   64,320,360   d-1              0.0134             0.00008   OK                        252,849,684     0.7558
   248         77   57,217,062   d+1              0.0118             0.00007   OK                        113,353,274     0.5860
   249         77   71,522,628   d+1              0.0144             0.00008   OK                        142,369,064     0.5871
   250         77  547,561,446   d+1              0.1088             0.00062   OK                        314,107,051     0.1769
   251         77  408,303,738   d-1              0.0798             0.00045   OK                        143,728,080     0.0635
   252         78   11,641,212   d-1              0.0022             0.00001   OK                        127,655,711     0.8992
   253         78  171,889,872   d-1              0.0325             0.00018   OK                        263,881,105     0.5065
   254         78  1,999,131,774   d-1              0.3721             0.00207   OK                        362,294,993     0.0056
   255         79  156,016,188   d-1              0.0286             0.00016   OK                        189,111,358     0.4266
   256         79   92,078,424   d-1              0.0166             0.00009   OK                        185,694,734     0.5913
   257         79  158,355,210   d-1              0.0281             0.00015   OK                        205,695,349     0.4503
   258         80    2,841,912   d-1              0.0005             0.00000   OK                        106,442,267     0.9672
   259         80  671,029,398   d+1              0.1153             0.00063   OK                        645,090,195     0.3463
   260         80  490,176,726   d+1              0.0829             0.00045   OK                        390,316,660     0.2813
   261         81   62,998,800   d+1              0.0105             0.00006   OK                        353,452,533     0.8189
   262         81  534,483,870   d-1              0.0876             0.00047   OK                        375,604,063     0.2397
   263         81   16,616,142   d-1              0.0027             0.00001   OK                        230,140,228     0.9181
   264         81  223,456,398   d+1              0.0355             0.00019   OK                        662,884,797     0.6947
   265         82   28,300,476   d+1              0.0044             0.00002   OK                        655,305,968     0.9489
   266         82  245,927,190   d-1              0.0379             0.00020   OK                        149,569,962     0.1942
   267         82  308,604,072   d-1              0.0468             0.00025   OK                        155,891,168     0.1415
   268         83  230,687,598   d+1              0.0344             0.00018   OK                        507,799,808     0.6166
   269         83  311,460,828   d-1 d+1          0.0458             0.00024   OK                        247,341,949     0.2803
   270         83   76,244,886   d+1              0.0110             0.00006   OK                        256,915,406     0.7239
   271         84  104,696,322   d-1 d+1          0.0149             0.00008   OK                        181,472,301     0.5449
   272         84  334,316,058   d-1              0.0469             0.00024   OK                        784,687,220     0.6348
   273         84    5,675,316   d+1              0.0008             0.00000   OK                        272,963,859     0.9740
   274         84  229,639,260   d+1              0.0313             0.00016   OK                        400,839,882     0.5475
   275         85  156,285,060   d+1              0.0210             0.00011   OK                        328,163,457     0.6030
   276         85  105,638,820   d+1              0.0140             0.00007   OK                        153,315,865     0.4881
   277         85   36,741,882   d+1              0.0048             0.00002   OK                        154,532,047     0.7699
   278         86  258,367,968   d+1              0.0332             0.00017   OK                        518,675,475     0.5903
   279         86   67,310,526   d+1              0.0085             0.00004   OK                        436,244,837     0.8405
   280         86      454,452   d-1 d+1          0.0001             0.00000   OK                        154,350,259     0.9958
   281         87   62,670,468   d-1              0.0077             0.00004   OK                        322,691,472     0.8057
   282         87  889,685,868   d+1              0.1077             0.00054   OK                        873,664,754     0.3538
   283         87   76,007,538   d-1 d+1          0.0091             0.00005   OK                        291,002,819     0.7511
   284         87  493,453,776   d+1              0.0580             0.00029   OK                        549,138,969     0.3976
   285         88  240,214,908   d-1              0.0278             0.00014   OK                        218,857,912     0.3276
   286         88  1,339,222,602   d-1              0.1529             0.00076   OK                      1,129,152,501     0.3010
   287         88  1,070,419,482   d-1              0.1205             0.00060   OK                        664,548,866     0.2005
   288         89  982,471,224   d-1              0.1090             0.00054   OK                        558,946,035     0.1745
   289         89  1,264,505,628   d+1              0.1383             0.00068   OK                        553,923,572     0.1066
   290         89  622,251,144   d-1              0.0671             0.00033   OK                        388,309,733     0.2021
   291         90  107,698,398   d+1              0.0115             0.00006   OK                        353,316,958     0.7180
   292         90  874,406,982   d+1              0.0917             0.00045   OK                        740,186,446     0.3023
   293         90  801,307,092   d+1              0.0828             0.00040   OK                        621,461,731     0.2725
   294         90  966,761,622   d+1              0.0985             0.00048   OK                        549,794,734     0.1743
   295         91  855,763,584   d-1              0.0860             0.00041   OK                        568,349,201     0.2216
   296         91  534,104,790   d-1              0.0529             0.00025   OK                        206,602,478     0.0802
   297         91  268,698,468   d-1              0.0263             0.00013   OK                        220,692,229     0.2918
   298         92   79,193,742   d+1              0.0076             0.00004   OK                        417,682,429     0.8098
   299         92  113,415,024   d-1              0.0108             0.00005   OK                        471,792,025     0.7678
   300         92  129,907,572   d-1              0.0122             0.00006   OK                        325,981,044     0.6530
   301         93  1,564,967,196   d+1              0.1448             0.00068   OK                        425,666,356     0.0294
   302         93  549,800,088   d-1              0.0502             0.00024   OK                        316,861,975     0.1781
   303         93  535,275,072   d-1              0.0482             0.00023   OK                        576,973,499     0.3865
   304         93  330,784,914   d-1              0.0294             0.00014   OK                        563,379,577     0.5403
   305         94  326,010,852   d-1              0.0286             0.00013   OK                        324,793,971     0.3589
   306         94  808,777,098   d-1              0.0699             0.00032   OK                        800,189,207     0.3566
   307         94   60,359,136   d+1              0.0051             0.00002   OK                        288,505,223     0.7932
   308         95   77,542,560   d+1              0.0065             0.00003   OK                        434,372,485     0.8196
   309         95  137,742,498   d+1              0.0114             0.00005   OK                        236,635,937     0.5431
   310         95  1,826,687,862   d-1              0.1497             0.00069   OK                        804,101,068     0.1076
   311         96  423,944,202   d+1              0.0343             0.00016   OK                        763,126,692     0.5578
   312         96  1,346,568,594   d-1              0.1074             0.00049   OK                        474,384,371     0.0635
   313         96  119,975,130   d+1              0.0094             0.00004   OK                        189,502,455     0.5164
   314         96  857,683,482   d-1              0.0667             0.00030   OK                        332,996,791     0.0809
   315         97  516,055,296   d+1              0.0396             0.00018   OK                        766,816,629     0.4963
   316         97  643,176,690   d-1              0.0487             0.00022   OK                        484,174,590     0.2625
   317         97  128,201,238   d-1              0.0096             0.00004   OK                        445,589,583     0.7315
   318         98  451,407,162   d-1              0.0333             0.00015   OK                        597,755,321     0.4576
   319         98  734,821,254   d-1              0.0535             0.00024   OK                      1,086,386,935     0.4946
   320         98  383,504,142   d-1              0.0276             0.00012   OK                        396,453,040     0.3719
   321         99  878,692,536   d+1              0.0624             0.00028   OK                      1,478,689,522     0.5368
   322         99   29,887,650   d+1              0.0021             0.00001   OK                        335,109,492     0.9021
   323         99  134,800,020   d-1              0.0093             0.00004   OK                        512,450,053     0.7505
   324         99  140,226,168   d-1              0.0096             0.00004   OK                        485,240,974     0.7307
   325        100  859,305,942   d+1              0.0579             0.00025   OK                        855,903,374     0.3590
   326        100  136,597,032   d-1              0.0091             0.00004   OK                      1,170,700,529     0.8757
   327        100  1,223,754,024   d-1              0.0805             0.00035   OK                        898,157,510     0.2541
   328        101  186,201,468   d-1              0.0121             0.00005   OK                        380,650,744     0.5962
   329        101  983,732,154   d-1              0.0631             0.00027   OK                        942,478,451     0.3454
   330        101  138,181,062   d-1 d+1          0.0087             0.00004   OK                        553,492,241     0.7611
   331        102  386,923,188   d+1              0.0242             0.00010   OK                      1,048,838,550     0.6733
   332        102  264,001,938   d+1              0.0163             0.00007   OK                        635,794,736     0.6424
   333        102  240,026,838   d-1              0.0146             0.00006   OK                        667,239,846     0.6796
   334        102  424,933,668   d-1              0.0256             0.00011   OK                        885,404,763     0.6017
   335        103  1,969,577,748   d+1              0.1172             0.00050   OK                        759,845,823     0.0797
   336        103  245,995,608   d+1              0.0145             0.00006   OK                        685,754,868     0.6801
   337        103  1,006,677,558   d-1              0.0585             0.00025   OK                        758,325,145     0.2627
   338        104  1,446,009,678   d+1              0.0829             0.00035   OK                        563,737,240     0.0818
   339        104  590,912,616   d+1              0.0335             0.00014   OK                        881,419,042     0.4978
   340        104  134,370,618   d+1              0.0075             0.00003   OK                        866,064,361     0.8401
   341        105  920,272,014   d-1              0.0509             0.00021   OK                      2,247,765,780     0.6465
   342        105  348,465,282   d+1              0.0190             0.00008   OK                        929,041,732     0.6690
   343        105   70,022,646   d+1              0.0038             0.00002   OK                      1,290,703,814     0.9376
   344        105  266,463,822   d+1              0.0142             0.00006   OK                        237,988,907     0.3208
   345        106  2,001,060,096   d+1              0.1055             0.00044   OK                        917,149,784     0.1169
   346        106  393,455,520   d-1              0.0205             0.00008   OK                        974,002,090     0.6497
   347        106   72,820,770   d+1              0.0037             0.00002   OK                        698,287,235     0.8872
   348        107  317,457,852   d-1              0.0161             0.00007   OK                        604,681,340     0.5754
   349        107   97,920,858   d+1              0.0049             0.00002   OK                        898,621,291     0.8830
   350        107  1,847,494,008   d+1              0.0918             0.00037   OK                      1,296,699,622     0.2394
   351        108  147,925,158   d-1 d+1          0.0073             0.00003   OK                      2,029,860,496     0.9186
   352        108  3,619,367,466   d+1              0.1756             0.00071   OK                      2,395,539,450     0.2205
   353        108  692,831,268   d-1              0.0332             0.00013   OK                        645,803,072     0.3358
   354        109  584,222,742   d-1              0.0277             0.00011   OK                        659,928,629     0.4030
   355        109  4,722,586,542   d-1 d+1          0.2212             0.00089   OK                      1,102,152,430     0.0168
   356        109  442,479,972   d-1              0.0205             0.00008   OK                        975,541,472     0.6180
   357        109    7,454,472   d-1              0.0003             0.00000   OK                        626,982,936     0.9847
   358        110  1,444,261,122   d+1              0.0654             0.00026   OK                      1,741,232,600     0.4257
   359        110  971,797,224   d-1              0.0435             0.00017   OK                      1,572,974,566     0.5245
   360        110  321,606,960   d-1              0.0142             0.00006   OK                        345,999,219     0.3860
   361        111    6,024,582   d+1              0.0003             0.00000   OK                      1,119,403,955     0.9927
   362        111  6,019,938,306   d+1              0.2602             0.00102   OK                      2,634,568,194     0.1061
   363        111   96,372,798   d-1 d+1          0.0041             0.00002   OK                      1,188,287,142     0.9102
   364        112   23,018,442   d-1              0.0010             0.00000   OK                      2,340,379,439     0.9872
   365        112  3,165,892,914   d-1              0.1323             0.00052   OK                      1,379,484,094     0.1051
   366        112  210,772,188   d+1              0.0087             0.00003   OK                        875,772,646     0.7686
   367        112  812,698,614   d-1              0.0332             0.00013   OK                        927,270,278     0.4066
   368        113  1,347,473,682   d-1              0.0544             0.00021   OK                        524,958,852     0.0814
   369        113  454,581,006   d+1              0.0182             0.00007   OK                      1,123,501,250     0.6496
   370        113   45,564,090   d-1              0.0018             0.00001   OK                        617,728,925     0.9178
   371        114  289,501,698   d+1              0.0113             0.00004   OK                        530,804,089     0.5639
   372        114   17,335,344   d-1              0.0007             0.00000   OK                        833,404,712     0.9744
   373        114  425,806,632   d-1              0.0163             0.00006   OK                        705,328,089     0.5321
   374        115   85,190,106   d+1              0.0032             0.00001   OK                      1,723,213,805     0.9429
   375        115  127,463,298   d+1              0.0048             0.00002   OK                        864,358,604     0.8477
   376        115  879,196,812   d-1              0.0325             0.00012   OK                        929,705,359     0.3800
   377        115  351,109,632   d-1              0.0128             0.00005   OK                      3,150,978,304     0.8811
   378        116  467,626,332   d-1              0.0169             0.00006   OK                      1,103,387,060     0.6372
   379        116  220,130,052   d-1              0.0079             0.00003   OK                      1,345,248,670     0.8331
   380        116  3,573,198,054   d-1              0.1264             0.00047   OK                      1,904,916,828     0.1559
   381        117  1,217,061,672   d+1              0.0426             0.00016   OK                        791,218,301     0.2147
   382        117  6,704,466,108   d-1              0.2321             0.00087   OK                      1,552,139,188     0.0162
   383        117  138,080,598   d+1              0.0047             0.00002   OK                      1,306,429,535     0.8864
   384        118  1,239,724,758   d-1              0.0420             0.00016   OK                      2,270,046,531     0.5639
   385        118  1,261,890,276   d+1              0.0423             0.00016   OK                        907,346,229     0.2473
   386        118   80,128,800   d-1              0.0027             0.00001   OK                        500,835,126     0.8366
   387        118  819,156,792   d-1              0.0269             0.00010   OK                      1,850,254,390     0.6252
   388        119  2,209,101,948   d+1              0.0717             0.00026   OK                      1,926,757,279     0.3129
   389        119  648,334,698   d-1              0.0208             0.00008   OK                      1,433,763,368     0.6193
   390        119  1,854,041,106   d+1              0.0589             0.00022   OK                      4,066,250,732     0.6173
   391        120  1,966,138,902   d+1              0.0618             0.00023   OK                        974,308,428     0.1362
   392        120  1,178,270,148   d-1              0.0367             0.00013   OK                      3,313,661,236     0.6832
   393        120  180,389,568   d+1              0.0056             0.00002   OK                      1,156,039,671     0.8400
   394        121  398,583,186   d+1              0.0121             0.00004   OK                      2,277,871,296     0.8235
   395        121  1,173,645,960   d-1              0.0354             0.00013   OK                      1,190,533,751     0.3656
   396        121   70,884,810   d-1              0.0021             0.00001   OK                        722,921,977     0.8940
   397        121  845,300,910   d-1              0.0250             0.00009   OK                      1,916,793,013     0.6263
   398        122  3,263,010,450   d-1              0.0954             0.00034   OK                        726,956,400     0.0138
   399        122  228,692,622   d-1              0.0066             0.00002   OK                      2,156,284,295     0.8861
   400        122  1,587,980,358   d-1              0.0455             0.00016   OK                      4,093,586,489     0.6613
   401        123  2,603,070,558   d+1              0.0738             0.00026   OK                      1,331,693,839     0.1446
   402        123  1,109,929,926   d+1              0.0311             0.00011   OK                      1,154,332,929     0.3743
   403        123  650,699,502   d+1              0.0181             0.00006   OK                        913,385,223     0.4779
   404        124  1,324,326,126   d+1              0.0364             0.00013   OK                      2,839,306,295     0.6109
   405        124  162,477,978   d-1 d+1          0.0044             0.00002   OK                        661,279,763     0.7649
   406        124  1,145,286,282   d+1              0.0308             0.00011   OK                      1,773,670,799     0.5105
   407        124  2,202,331,662   d-1              0.0587             0.00021   OK                      3,797,066,738     0.5452
   408        125  587,159,922   d-1              0.0155             0.00005   OK                      2,430,365,599     0.7682
   409        125  271,505,874   d-1              0.0071             0.00002   OK                      1,548,972,048     0.8233
   410        125  515,371,602   d-1              0.0133             0.00005   OK                        770,658,085     0.4991
   411        126  1,252,921,176   d+1              0.0321             0.00011   OK                      3,915,693,913     0.7087
   412        126  2,312,985,090   d-1 d+1          0.0586             0.00020   OK                      2,521,141,245     0.3909
   413        126  411,455,892   d+1              0.0103             0.00004   OK                      2,269,984,846     0.8180
   414        127    6,305,106   d+1              0.0002             0.00000   OK                      2,532,181,541     0.9965
   415        127  3,638,172,072   d-1 d+1          0.0895             0.00031   OK                        981,372,949     0.0283
   416        127  7,321,218,636   d+1              0.1783             0.00061   OK                      5,322,739,331     0.2511
   417        127  440,405,832   d-1              0.0106             0.00004   OK                      1,377,680,555     0.7084
   418        128  1,302,163,818   d-1              0.0311             0.00011   OK                      2,244,846,870     0.5452
   419        128  1,182,075,216   d+1              0.0279             0.00010   OK                      1,562,700,814     0.4577
   420        128  2,407,459,338   d-1 d+1          0.0563             0.00019   OK                      1,096,063,481     0.1151
   421        129  3,380,978,292   d-1              0.0784             0.00027   OK                      5,168,013,586     0.5066
   422        129  876,095,112   d+1              0.0201             0.00007   OK                        985,902,518     0.4019
   423        129  4,199,869,344   d-1              0.0954             0.00032   OK                      3,313,583,850     0.2785
   424        130  874,362,078   d+1              0.0197             0.00007   OK                        716,441,335     0.2912
   425        130  488,683,884   d-1              0.0109             0.00004   OK                      3,035,588,941     0.8361
   426        130  1,691,533,242   d-1              0.0373             0.00013   OK                        889,490,844     0.1520
   427        130  3,111,165,006   d+1              0.0680             0.00023   OK                      1,525,778,654     0.1335
   428        131   18,801,552   d+1              0.0004             0.00000   OK                      1,378,896,870     0.9828
   429        131  2,482,844,988   d+1              0.0532             0.00018   OK                      5,850,673,149     0.6376
   430        131  600,516,948   d-1              0.0128             0.00004   OK                      1,879,486,468     0.7090
   431        132  12,805,020,318   d-1              0.2694             0.00089   OK                      4,799,566,725     0.0741
   432        132  3,247,708,356   d+1              0.0677             0.00022   OK                      2,488,712,658     0.2686
   433        132  106,155,978   d-1              0.0022             0.00001   OK                        788,144,176     0.8597
   434        133  170,200,902   d+1              0.0035             0.00001   OK                      2,178,463,805     0.9137
   435        133  1,173,933,582   d-1              0.0238             0.00008   OK                      1,795,907,027     0.5067
   436        133  9,520,139,892   d-1              0.1909             0.00062   OK                      6,321,080,246     0.2216
   437        133  8,041,241,844   d-1              0.1598             0.00052   OK                      6,020,930,566     0.2609
   438        134  1,298,498,100   d-1              0.0256             0.00008   OK                      1,497,753,676     0.4107
   439        134  680,151,090   d-1              0.0133             0.00004   OK                      1,096,829,022     0.5239
   440        134  2,127,303,840   d-1              0.0411             0.00013   OK                      2,148,925,728     0.3642
   441        135  556,274,088   d-1              0.0106             0.00003   OK                      2,472,248,682     0.7815
   442        135  1,571,302,914   d-1              0.0298             0.00010   OK                      3,710,901,699     0.6381
   443        135  2,889,007,002   d+1              0.0543             0.00017   OK                        832,415,204     0.0351
   444        136  3,180,785,478   d+1              0.0592             0.00019   OK                      4,590,020,832     0.4875
   445        136  8,025,663,918   d-1              0.1479             0.00047   OK                      7,035,286,020     0.3148
   446        136  579,070,356   d+1              0.0106             0.00003   OK                      1,940,268,655     0.7246
   447        136  383,253,522   d+1              0.0069             0.00002   OK                      2,703,938,935     0.8531
   448        137  4,709,674,338   d-1              0.0844             0.00027   OK                      2,710,821,334     0.1777
   449        137  1,540,627,476   d+1              0.0274             0.00009   OK                      2,148,984,194     0.4759
   450        137  2,403,581,820   d-1              0.0423             0.00013   OK                      1,170,084,930     0.1315
   451        138  497,068,650   d+1              0.0087             0.00003   OK                      2,206,685,391     0.7813
   452        138   35,099,130   d+1              0.0006             0.00000   OK                        868,361,415     0.9530
   453        138  471,176,922   d-1              0.0081             0.00003   OK                      2,051,229,710     0.7777
   454        139  944,798,148   d-1              0.0160             0.00005   OK                      3,232,119,750     0.7294
   455        139  399,223,266   d+1              0.0067             0.00002   OK                      4,346,161,525     0.9002
   456        139  419,903,718   d-1 d+1          0.0070             0.00002   OK                        939,462,860     0.6232
   457        140  19,386,291,852   d-1              0.3202             0.00100   OK                      7,503,665,801     0.0800
   458        140  12,484,189,092   d+1              0.2043             0.00064   OK                      6,582,705,266     0.1528
   459        140  557,738,052   d+1              0.0090             0.00003   OK                      6,362,045,634     0.9045
   460        140  374,497,932   d-1              0.0060             0.00002   OK                      3,357,221,399     0.8812
   461        141  1,481,620,062   d-1              0.0236             0.00007   OK                      7,932,033,015     0.8140
   462        141  4,535,999,514   d-1              0.0716             0.00022   OK                      2,443,395,135     0.1587
   463        141  180,622,302   d-1              0.0028             0.00001   OK                      1,225,039,112     0.8484
   464        142  3,709,712,916   d+1              0.0575             0.00018   OK                      2,399,726,471     0.2132
   465        142   21,745,908   d+1              0.0003             0.00000   OK                      1,099,159,803     0.9758
   466        142  2,017,128,834   d-1              0.0307             0.00009   OK                      4,559,710,433     0.6263
   467        143  4,205,703,972   d+1              0.0635             0.00019   OK                      2,017,059,958     0.1279
   468        143  1,208,083,908   d-1              0.0181             0.00006   OK                      3,827,526,388     0.7121
   469        143  7,722,009,648   d+1              0.1146             0.00035   OK                      2,190,148,555     0.0334
   470        143  3,095,204,118   d-1              0.0455             0.00014   OK                      8,851,719,166     0.6881
   471        144  10,033,058,616   d+1              0.1463             0.00044   OK                      4,018,353,168     0.0868
   472        144  2,352,450,678   d+1              0.0340             0.00010   OK                      3,529,726,311     0.5004
   473        144  837,802,662   d-1              0.0120             0.00004   OK                      5,407,642,277     0.8415
   474        145  3,360,197,502   d-1              0.0477             0.00014   OK                      8,252,665,623     0.6490
   475        145  1,428,237,402   d-1              0.0201             0.00006   OK                      6,667,377,478     0.7909
   476        145  5,776,554,162   d+1              0.0806             0.00024   OK                      6,619,043,157     0.4086
   477        146  3,594,209,694   d-1              0.0497             0.00015   OK                      1,583,638,872     0.1074
   478        146  1,773,112,242   d-1              0.0243             0.00007   OK                      2,112,478,206     0.4222
   479        146  3,204,986,538   d-1              0.0436             0.00013   OK                      5,139,972,143     0.5224
   480        146  3,547,611,408   d+1              0.0478             0.00014   OK                      3,599,720,443     0.3660
   481        147  7,195,838,718   d-1              0.0962             0.00029   OK                      4,745,924,778     0.2194
   482        147  695,851,908   d+1              0.0092             0.00003   OK                      3,602,494,934     0.8084
   483        147  198,980,136   d+1              0.0026             0.00001   OK                      3,162,069,943     0.9293
   484        148  543,017,220   d-1 d+1          0.0071             0.00002   OK                      1,998,738,418     0.7452
   485        148  247,316,508   d-1              0.0032             0.00001   OK                      1,988,168,843     0.8695
   486        148  855,767,814   d-1              0.0110             0.00003   OK                      2,142,737,317     0.6537
   487        149  1,344,299,820   d+1              0.0171             0.00005   OK                      2,419,075,056     0.5590
   488        149  2,073,620,148   d+1              0.0261             0.00008   OK                      1,567,545,675     0.2640
   489        149  1,181,840,592   d-1 d+1          0.0148             0.00004   OK                      4,397,164,597     0.7475
   490        149  173,259,552   d+1              0.0021             0.00001   OK                      2,487,849,471     0.9224
   491        150  1,004,367,774   d-1              0.0123             0.00004   OK                      3,152,369,171     0.7100
   492        150  8,948,422,038   d-1              0.1090             0.00032   OK                      5,114,317,001     0.1756
   493        150  5,046,863,562   d-1              0.0609             0.00018   OK                      6,287,523,011     0.4377
   494        151  27,519,220,164   d-1              0.3295             0.00095   OK                      4,088,831,490     0.0018
   495        151  650,096,958   d-1              0.0077             0.00002   OK                      1,982,919,326     0.7035
   496        151  4,263,524,772   d+1              0.0502             0.00014   OK                      7,388,348,739     0.5473
   497        152  11,776,407,954   d-1              0.1375             0.00040   OK                      8,088,085,228     0.2324
   498        152  660,951,012   d+1              0.0077             0.00002   OK                      2,986,478,431     0.7848
   499        152  2,737,108,878   d+1              0.0314             0.00009   OK                      3,523,733,554     0.4489
   500        152  7,770,507,048   d-1 d+1          0.0885             0.00025   OK                      9,314,430,271     0.4245
   501        153  10,239,351,468   d+1              0.1157             0.00033   OK                      9,241,092,678     0.3250
   502        153  2,725,112,148   d-1 d+1          0.0305             0.00009   OK                      7,364,305,843     0.6739
   503        153  194,270,268   d-1              0.0022             0.00001   OK                      5,395,659,292     0.9577
   504        154  5,180,407,758   d+1              0.0571             0.00016   OK                     11,240,095,731     0.6150
   505        154  2,182,399,758   d-1              0.0239             0.00007   OK                      4,371,150,315     0.5914
   506        154  8,471,303,058   d+1              0.0919             0.00026   OK                     10,824,489,914     0.4466
   507        155   17,294,448   d-1              0.0002             0.00000   OK                      4,764,003,861     0.9951
   508        155  543,371,796   d+1              0.0058             0.00002   OK                      3,054,557,039     0.8216
   509        155  2,310,122,778   d-1              0.0244             0.00007   OK                      1,975,571,112     0.3062
   510        155  7,787,104,974   d-1              0.0817             0.00023   OK                      5,523,422,349     0.2429
   511        156  420,336,918   d+1              0.0044             0.00001   OK                      3,023,220,710     0.8562
   512        156  2,120,425,782   d-1              0.0219             0.00006   OK                      5,496,402,975     0.6633
   513        156  1,234,398,102   d+1              0.0126             0.00004   OK                      6,206,481,193     0.8040
   514        157  5,335,992,444   d-1              0.0542             0.00015   OK                      6,019,690,756     0.4032
   515        157  1,982,583,012   d-1 d+1          0.0200             0.00006   OK                      2,135,319,806     0.3870
   516        157  8,665,903,548   d+1              0.0867             0.00024   OK                     11,216,233,445     0.4511
   517        158  475,759,698   d+1              0.0047             0.00001   OK                      4,155,062,863     0.8787
   518        158  260,144,628   d-1              0.0026             0.00001   OK                      4,047,243,346     0.9282
   519        158  3,193,797,168   d+1              0.0312             0.00009   OK                      7,847,237,738     0.6495
   520        158  150,132,528   d-1              0.0015             0.00000   OK                      7,063,224,826     0.9743
   521        159  4,052,360,106   d+1              0.0389             0.00011   OK                     13,567,641,827     0.7253
   522        159  6,489,458,298   d+1              0.0619             0.00017   OK                      4,155,262,022     0.2100
   523        159  2,466,144,732   d-1              0.0233             0.00006   OK                      4,241,327,325     0.5449
   524        160  18,080,263,932   d-1              0.1697             0.00046   OK                      5,034,375,008     0.0313
   525        160  151,947,282   d-1 d+1          0.0014             0.00000   OK                      3,906,780,988     0.9548
   526        160  6,154,162,752   d+1              0.0569             0.00015   OK                     13,409,374,409     0.6163
   527        161  18,558,409,404   d-1              0.1701             0.00046   OK                      8,850,121,968     0.1264
   528        161  785,331,072   d+1              0.0071             0.00002   OK                      5,138,417,098     0.8436
   529        161  5,113,593,096   d+1              0.0461             0.00012   OK                      5,446,016,774     0.3831
   530        161  1,519,010,922   d-1              0.0136             0.00004   OK                      2,869,669,654     0.5741
   531        162  1,291,315,026   d+1              0.0115             0.00003   OK                      5,825,263,017     0.7850
   532        162  12,200,360,790   d-1              0.1076             0.00029   OK                      2,777,925,989     0.0150
   533        162  2,830,173,318   d-1              0.0248             0.00007   OK                      3,196,914,605     0.4038
   534        163  2,731,327,152   d+1              0.0237             0.00006   OK                     10,357,278,128     0.7517
   535        163  2,635,733,604   d-1              0.0227             0.00006   OK                      3,835,999,797     0.4906
   536        163  692,314,002   d+1              0.0059             0.00002   OK                      1,815,187,817     0.6665
   537        164  4,240,649,028   d-1              0.0360             0.00010   OK                      5,229,482,911     0.4343
   538        164  1,866,293,808   d+1              0.0157             0.00004   OK                     10,884,005,136     0.8275
   539        164  794,515,296   d+1              0.0066             0.00002   OK                      5,278,226,110     0.8458
   540        164  3,317,109,870   d-1              0.0275             0.00007   OK                      4,272,331,979     0.4494
   541        165  1,312,666,182   d+1              0.0108             0.00003   OK                      1,972,000,884     0.5013
   542        165  355,562,298   d+1              0.0029             0.00001   OK                      7,088,868,657     0.9428
   543        165  2,664,997,698   d-1              0.0216             0.00006   OK                     11,477,896,137     0.7767
   544        166  1,631,297,778   d-1              0.0131             0.00003   OK                      5,052,887,809     0.7074
   545        166  3,836,295,906   d+1              0.0306             0.00008   OK                      7,770,556,556     0.5952
   546        166  4,728,491,532   d-1              0.0374             0.00010   OK                      3,637,767,468     0.2700
   547        167  792,094,428   d-1              0.0062             0.00002   OK                      7,221,837,950     0.8837
   548        167  6,554,012,946   d+1              0.0511             0.00013   OK                      6,276,533,557     0.3458
   549        167  190,827,318   d+1              0.0015             0.00000   OK                      2,947,413,050     0.9278
   550        168  790,585,332   d+1              0.0061             0.00002   OK                      5,400,576,404     0.8496
   551        168  984,030,492   d-1              0.0075             0.00002   OK                      5,640,279,851     0.8248
   552        168  1,424,417,934   d-1              0.0108             0.00003   OK                      5,062,821,688     0.7381
   553        168  864,267,180   d-1              0.0065             0.00002   OK                      4,170,957,325     0.7971
   554        169  7,281,959,880   d-1              0.0543             0.00014   OK                      8,595,544,210     0.4192
   555        169  4,219,288,938   d-1              0.0312             0.00008   OK                      2,219,419,116     0.1519
   556        169  8,416,300,644   d-1              0.0618             0.00016   OK                     11,045,863,015     0.4559
   557        170  5,066,573,130   d-1              0.0369             0.00009   OK                      7,528,584,699     0.4976
   558        170  3,454,374,612   d-1              0.0250             0.00006   OK                      5,693,911,031     0.5314
   559        170  54,482,746,188   d+1              0.3914             0.00100   OK                     18,108,458,180     0.0537
   560        171  4,200,237,348   d-1              0.0300             0.00008   OK                     18,155,123,001     0.7776
   561        171  2,091,171,408   d+1              0.0148             0.00004   OK                      5,603,190,509     0.6721
   562        171  9,272,047,116   d+1              0.0652             0.00017   OK                     15,128,477,373     0.5285
   563        171  1,422,168,492   d-1              0.0099             0.00003   OK                      6,101,946,251     0.7757
   564        172  2,186,588,538   d+1              0.0151             0.00004   OK                     11,946,964,049     0.8176
   565        172  14,062,301,916   d+1              0.0967             0.00024   OK                      7,768,686,795     0.1658
   566        172  242,031,870   d-1              0.0017             0.00000   OK                      4,958,764,637     0.9444
   567        173   73,359,288   d-1              0.0005             0.00000   OK                      2,051,203,633     0.9584
   568        173  1,191,698,352   d+1              0.0080             0.00002   OK                      8,266,530,395     0.8519
   569        173  8,328,079,842   d-1              0.0556             0.00014   OK                      8,594,430,644     0.3722
   570        174  5,068,603,104   d-1              0.0336             0.00008   OK                      7,229,501,987     0.4842
   571        174  2,311,795,692   d-1 d+1          0.0152             0.00004   OK                      2,278,041,883     0.3558
   572        174  364,926,858   d-1              0.0024             0.00001   OK                      6,236,000,276     0.9342
   573        174  9,019,884,468   d+1              0.0585             0.00015   OK                      9,503,738,305     0.3795
   574        175  2,191,121,796   d+1              0.0141             0.00004   OK                     14,779,803,104     0.8482
   575        175  7,145,559,672   d-1              0.0457             0.00011   OK                      6,184,754,309     0.3104
   576        175  2,650,938,726   d+1              0.0168             0.00004   OK                      3,872,790,662     0.4920
   577        176  2,091,869,610   d-1              0.0132             0.00003   OK                      3,549,469,218     0.5409
   578        176  6,128,057,400   d-1              0.0383             0.00009   OK                      4,099,798,873     0.2239
   579        176  2,149,508,832   d-1              0.0134             0.00003   OK                      3,658,949,661     0.5419
   580        177  2,067,818,688   d+1              0.0128             0.00003   OK                     10,746,996,440     0.8097
   581        177  14,938,884,768   d+1              0.0915             0.00023   OK                      6,829,265,695     0.1159
   582        177  1,452,841,236   d+1              0.0088             0.00002   OK                      6,539,352,214     0.7850
   583        177  11,626,848,222   d-1              0.0702             0.00017   OK                      3,432,636,928     0.0377
   584        178  39,134,482,458   d+1              0.2347             0.00058   OK                     17,015,294,145     0.1043
   585        178  284,291,346   d+1              0.0017             0.00000   OK                      5,246,184,845     0.9387
   586        178  7,077,793,122   d+1              0.0418             0.00010   OK                      7,601,641,191     0.3861
   587        179  2,633,179,728   d-1              0.0155             0.00004   OK                      4,776,144,856     0.5618
   588        179  46,260,180,816   d+1              0.2697             0.00066   OK                     21,390,354,697     0.1187
   589        179    6,720,402   d+1              0.0000             0.00000   OK                      6,432,822,663     0.9985
   590        180  3,805,734,726   d+1              0.0219             0.00005   OK                     18,174,362,706     0.7956
   591        180  11,451,138,600   d-1              0.0654             0.00016   OK                      9,103,409,277     0.2812
   592        180  1,328,710,908   d+1              0.0075             0.00002   OK                      3,198,150,291     0.6441
   593        180  30,627,339,762   d+1              0.1724             0.00042   OK                      8,728,476,835     0.0337
   594        181  1,556,167,074   d-1              0.0087             0.00002   OK                      8,018,077,484     0.8082
   595        181  5,350,993,500   d-1              0.0297             0.00007   OK                      5,067,051,067     0.3418
   596        181  1,866,774,900   d+1              0.0103             0.00002   OK                      5,736,173,849     0.7058
   597        182  2,498,768,088   d+1              0.0137             0.00003   OK                      2,944,494,907     0.4187
   598        182  8,259,140,742   d-1              0.0449             0.00011   OK                     10,744,342,718     0.4530
   599        182  17,261,627,442   d-1              0.0932             0.00022   OK                      9,049,377,301     0.1511
   600        183  3,162,551,352   d-1              0.0170             0.00004   OK                      5,210,635,417     0.5315
   601        183  12,318,759,372   d-1 d+1          0.0656             0.00016   OK                     12,815,570,569     0.3751
   602        183  4,924,374,114   d-1              0.0260             0.00006   OK                      5,297,871,112     0.3867
   603        183  8,370,823,032   d-1              0.0440             0.00010   OK                      6,877,502,879     0.2925
   604        184  2,550,272,508   d-1              0.0133             0.00003   OK                     12,183,901,095     0.7957
   605        184  7,641,336,468   d-1              0.0396             0.00009   OK                     17,827,111,734     0.6357
   606        184  2,916,295,308   d+1              0.0150             0.00004   OK                     13,795,903,359     0.7938
   607        185  19,978,339,818   d-1              0.1021             0.00024   OK                     25,523,721,680     0.4470
   608        185  21,077,784,288   d+1              0.1070             0.00025   OK                     18,498,999,386     0.3154
   609        185  5,062,223,988   d-1              0.0255             0.00006   OK                     10,615,993,250     0.6055
   610        186  3,152,223,408   d-1              0.0158             0.00004   OK                      6,408,040,359     0.5964
   611        186  11,837,487,228   d+1              0.0589             0.00014   OK                      9,656,286,462     0.2901
   612        186  56,475,976,878   d-1              0.2791             0.00065   OK                     19,207,257,769     0.0572
   613        186  25,977,894,756   d+1              0.1275             0.00030   OK                      9,428,807,010     0.0680
   614        187  1,251,777,090   d-1 d+1          0.0061             0.00001   OK                      7,111,929,810     0.8239
   615        187  2,005,219,302   d+1              0.0097             0.00002   OK                      5,092,424,833     0.6585
   616        187  26,778,148,278   d+1              0.1288             0.00030   OK                     11,739,535,152     0.1061
   617        188  95,346,350,478   d+1              0.4556             0.00106   OK                     21,930,262,701     0.0155
   618        188  1,839,191,028   d-1              0.0087             0.00002   OK                      7,819,577,423     0.7744
   619        188  2,543,006,718   d-1              0.0120             0.00003   OK                     10,006,943,855     0.7596
   620        189  4,216,986,846   d+1              0.0197             0.00005   OK                      7,842,106,435     0.5696
   621        189  2,441,573,142   d+1              0.0114             0.00003   OK                      5,279,916,638     0.6145
   622        189  3,913,463,838   d-1              0.0181             0.00004   OK                     15,268,707,454     0.7581
   623        189  4,756,083,978   d+1              0.0218             0.00005   OK                      8,705,136,249     0.5648
   624        190  8,157,244,308   d-1              0.0372             0.00009   OK                     11,552,266,240     0.4819
   625        190  116,810,598   d-1              0.0005             0.00000   OK                      5,621,656,190     0.9749
   626        190  8,673,348,456   d+1              0.0390             0.00009   OK                      8,771,831,310     0.3651
   627        191  3,503,929,128   d+1              0.0157             0.00004   OK                      3,519,629,816     0.3627
   628        191  25,616,078,922   d-1              0.1138             0.00026   OK                      9,887,327,198     0.0793
   629        191  8,478,171,312   d+1              0.0374             0.00009   OK                      6,203,059,414     0.2532
   630        192  32,654,799,222   d+1              0.1431             0.00033   OK                     15,686,349,141     0.1280
   631        192  4,707,174,342   d-1              0.0205             0.00005   OK                      8,431,955,045     0.5582
   632        192  8,504,131,182   d+1              0.0368             0.00008   OK                     29,881,827,205     0.7364
   633        192  1,733,635,074   d-1              0.0075             0.00002   OK                      6,616,348,432     0.7533
   634        193  802,477,458   d-1              0.0034             0.00001   OK                      8,091,562,474     0.8937
   635        193  6,967,271,514   d-1              0.0296             0.00007   OK                     13,595,757,722     0.5844
   636        193  7,780,461,378   d+1              0.0328             0.00007   OK                     13,693,010,586     0.5526
   637        194  41,905,311,522   d+1              0.1755             0.00039   OK                     24,001,819,911     0.1762
   638        194  42,311,724,522   d+1              0.1760             0.00040   OK                     27,199,726,103     0.2113
   639        194  103,840,517,934   d-1              0.4293             0.00096   OK                     23,024,721,696     0.0134
   640        195  2,688,505,920   d+1              0.0110             0.00002   OK                      7,641,672,401     0.6873
   641        195   11,148,468   d+1              0.0000             0.00000   OK                      5,339,282,778     0.9971
   642        195  2,667,250,254   d-1              0.0108             0.00002   OK                     11,296,388,563     0.7739
   643        196  4,102,318,650   d+1              0.0165             0.00004   OK                      6,274,951,335     0.5076
   644        196  434,400,222   d-1              0.0017             0.00000   OK                     11,061,898,740     0.9546
   645        196  5,126,410,848   d-1              0.0204             0.00005   OK                     27,187,311,729     0.8134
   646        196  2,700,198,636   d+1              0.0107             0.00002   OK                     15,976,109,238     0.8302
   647        197  7,418,210,118   d+1              0.0291             0.00006   OK                      6,845,861,433     0.3330
   648        197  32,920,536,162   d+1              0.1284             0.00028   OK                     10,476,722,941     0.0473
   649        197  146,003,304   d-1              0.0006             0.00000   OK                     25,205,377,437     0.9925
   650        198  1,726,201,122   d+1              0.0066             0.00001   OK                      4,859,531,961     0.6850
   651        198  24,634,226,568   d+1              0.0943             0.00021   OK                     18,413,501,086     0.2604
   652        198  401,129,586   d+1              0.0015             0.00000   OK                     14,793,901,360     0.9678
   653        199  24,174,552,042   d+1              0.0914             0.00020   OK                      7,466,036,845     0.0434
   654        199  15,023,501,658   d-1 d+1          0.0564             0.00012   OK                     26,331,747,727     0.5516
   655        199  32,027,732,568   d-1              0.1195             0.00026   OK                     31,328,277,703     0.3536
   656        199  18,653,232,348   d-1              0.0692             0.00015   OK                     17,069,308,616     0.3301
   657        200  1,284,815,298   d-1 d+1          0.0047             0.00001   OK                     14,411,422,465     0.9038
   658        200  245,586,768   d-1 d+1          0.0009             0.00000   OK                      6,667,040,237     0.9572
   659        200  59,922,321,078   d+1              0.2181             0.00047   OK                      7,311,463,190     0.0005
   660        201  76,957,346,178   d-1              0.2783             0.00060   OK                     33,579,241,809     0.1050
   661        201  10,140,182,346   d+1              0.0364             0.00008   OK                     10,431,846,923     0.3712
   662        201  7,943,457,450   d-1              0.0284             0.00006   OK                      6,069,631,516     0.2677
   663        202  6,696,115,752   d+1              0.0238             0.00005   OK                      5,182,654,811     0.2721
   664        202  2,414,659,068   d+1              0.0085             0.00002   OK                     11,956,350,422     0.8020
   665        202  197,997,048   d-1 d+1          0.0007             0.00000   OK                     13,005,864,751     0.9812
   666        202  6,490,811,916   d+1              0.0226             0.00005   OK                     24,736,313,852     0.7533
   667        203  7,827,440,922   d+1              0.0271             0.00006   OK                      4,551,621,262     0.1804
   668        203  10,335,343,848   d+1              0.0356             0.00008   OK                      9,720,742,020     0.3396
   669        203  47,054,876,718   d-1              0.1609             0.00034   OK                     34,787,888,224     0.2568
   670        204  4,903,664,958   d-1              0.0167             0.00004   OK                     22,523,395,260     0.7890
   671        204  12,115,430,778   d+1              0.0409             0.00009   OK                     20,029,038,124     0.5329
   672        204  5,541,849,858   d-1              0.0186             0.00004   OK                     32,830,309,662     0.8305
   673        205  4,251,561,288   d-1 d+1          0.0142             0.00003   OK                     11,471,291,321     0.6744
   674        205  16,525,322,478   d+1              0.0548             0.00012   OK                     15,988,256,732     0.3496
   675        205  23,777,417,898   d+1              0.0784             0.00017   OK                     20,724,379,719     0.3131
   676        205  25,032,134,448   d-1              0.0820             0.00017   OK                     32,036,764,398     0.4477
   677        206  13,613,465,808   d-1              0.0443             0.00009   OK                     12,682,890,292     0.3363
   678        206  9,969,243,396   d+1              0.0323             0.00007   OK                     11,612,667,063     0.4149
   679        206  2,904,089,658   d+1              0.0093             0.00002   OK                     17,214,903,703     0.8304
   680        207  38,587,447,302   d+1              0.1234             0.00026   OK                     11,379,755,071     0.0375
   681        207  6,549,429,564   d-1              0.0208             0.00004   OK                     17,705,421,201     0.6749
   682        207  13,556,274,138   d+1              0.0428             0.00009   OK                      7,635,163,671     0.1711
   683        208  3,191,242,032   d-1              0.0100             0.00002   OK                     15,247,069,308     0.7959
   684        208  8,886,037,422   d+1              0.0277             0.00006   OK                     16,918,397,304     0.5772
   685        208  263,801,184   d-1              0.0008             0.00000   OK                     15,476,535,544     0.9793
   686        208  22,689,259,650   d+1              0.0699             0.00015   OK                     16,444,610,376     0.2501
   687        209  777,274,950   d+1              0.0024             0.00000   OK                      6,106,129,752     0.8677
   688        209  12,343,165,950   d-1 d+1          0.0376             0.00008   OK                     20,888,056,515     0.5405
   689        209  77,434,247,892   d+1              0.2345             0.00049   OK                     20,760,886,888     0.0274
   690        210  6,820,569,726   d+1              0.0205             0.00004   OK                     14,286,508,661     0.6054
   691        210  28,552,074,078   d-1              0.0854             0.00018   OK                     11,588,220,598     0.0892
   692        210  11,252,171,172   d+1              0.0335             0.00007   OK                     14,801,908,041     0.4570
   693        211  27,526,078,632   d+1              0.0814             0.00017   OK                     39,074,236,452     0.4831
   694        211  4,761,864,402   d+1              0.0140             0.00003   OK                     27,209,049,033     0.8250
   695        211  1,025,815,794   d-1              0.0030             0.00001   OK                     23,446,529,119     0.9501
   696        211  591,672,798   d+1              0.0017             0.00000   OK                      6,530,364,942     0.9025
   697        212  5,262,660,432   d+1              0.0152             0.00003   OK                     40,945,754,902     0.8667
   698        212  5,426,758,974   d-1              0.0156             0.00003   OK                     14,396,436,014     0.6701
   699        212  11,526,170,670   d+1              0.0329             0.00007   OK                      7,063,387,182     0.1963
   700        213  17,295,339,870   d+1              0.0490             0.00010   OK                      5,498,141,276     0.0470
   701        213  11,247,986,760   d-1              0.0317             0.00006   OK                     17,083,102,851     0.5053
   702        213  3,775,868,820   d-1              0.0106             0.00002   OK                     14,493,634,659     0.7547
   703        214  4,266,020,970   d+1              0.0119             0.00002   OK                     17,788,100,243     0.7711
   704        214  4,772,497,560   d-1              0.0132             0.00003   OK                      8,665,514,561     0.5627
   705        214  6,899,504,538   d-1              0.0190             0.00004   OK                      8,527,998,993     0.4356
   706        214  15,993,953,874   d-1              0.0438             0.00009   OK                     12,185,471,404     0.2668
   707        215  12,346,957,158   d-1              0.0336             0.00007   OK                     12,980,523,981     0.3788
   708        215  117,566,409,612   d+1              0.3181             0.00064   OK                     35,378,247,720     0.0399
   709        215  8,264,968,572   d-1              0.0222             0.00004   OK                     14,345,740,851     0.5485
   710        216  16,468,775,244   d-1              0.0440             0.00009   OK                     18,176,484,505     0.3961
   711        216  211,391,130   d-1              0.0006             0.00000   OK                     12,810,575,504     0.9799
   712        216  271,865,730   d+1              0.0007             0.00000   OK                      9,221,424,736     0.9654
   713        217  8,504,956,458   d+1              0.0224             0.00004   OK                      6,941,964,436     0.2903
   714        217  28,258,805,022   d-1              0.0738             0.00015   OK                     20,297,104,134     0.2471
   715        217  24,423,380,442   d-1              0.0635             0.00013   OK                     29,811,793,281     0.4313
   716        217  2,297,519,562   d-1 d+1          0.0059             0.00001   OK                     27,207,755,845     0.9086
   717        218  273,169,932   d+1              0.0007             0.00000   OK                     16,203,356,032     0.9795
   718        218  121,824,445,362   d+1              0.3111             0.00062   OK                     39,090,182,196     0.0484
   719        218  4,553,853,252   d-1              0.0116             0.00002   OK                     33,383,076,351     0.8594
   720        219  103,550,263,044   d-1              0.2614             0.00052   OK                     38,684,655,955     0.0730
   721        219  4,832,752,278   d+1              0.0121             0.00002   OK                     22,733,198,747     0.7933
   722        219  19,287,600,714   d-1              0.0481             0.00010   OK                     39,591,105,676     0.5998
   723        220  25,725,769,602   d+1              0.0638             0.00013   OK                     20,210,486,074     0.2773
   724        220  34,174,964,736   d+1              0.0843             0.00017   OK                     16,123,360,569     0.1234
   725        220  8,433,928,560   d+1              0.0207             0.00004   OK                     14,715,078,710     0.5500
   726        220  3,182,686,482   d+1              0.0078             0.00002   OK                      9,763,778,954     0.7060
   727        221  9,143,624,538   d-1              0.0222             0.00004   OK                     43,880,287,697     0.7971
   728        221  4,905,644,898   d-1              0.0118             0.00002   OK                     32,440,927,809     0.8463
   729        221  16,686,183,126   d+1              0.0400             0.00008   OK                     45,065,368,574     0.6750
   730        222  10,558,903,998   d-1              0.0252             0.00005   OK                     26,433,833,058     0.6552
   731        222  6,650,210,112   d+1              0.0158             0.00003   OK                     19,408,733,494     0.6941
   732        222  40,434,733,182   d-1              0.0953             0.00019   OK                     49,239,113,265     0.4306
   733        223  33,076,968,912   d+1              0.0775             0.00015   OK                     26,606,776,848     0.2854
   734        223  9,761,438,892   d-1              0.0228             0.00004   OK                     12,157,508,441     0.4382
   735        223  2,276,182,062   d-1              0.0053             0.00001   OK                     27,498,624,785     0.9104
   736        223  2,829,226,632   d+1              0.0065             0.00001   OK                     38,372,271,682     0.9193
   737        224  19,429,222,932   d+1              0.0445             0.00009   OK                     14,738,568,074     0.2654
   738        224  4,162,442,724   d-1              0.0095             0.00002   OK                     39,049,093,072     0.8872
   739        224  2,574,393,708   d+1              0.0058             0.00001   OK                      9,263,737,947     0.7417
   740        225  5,120,308,662   d+1              0.0115             0.00002   OK                     20,617,268,389     0.7645
   741        225  82,203,307,932   d+1              0.1842             0.00036   OK                     46,310,444,920     0.1713
   742        225  13,274,558,742   d-1              0.0296             0.00006   OK                     45,151,285,610     0.7296
   743        226  79,259,301,762   d-1 d+1          0.1757             0.00034   OK                     39,976,049,172     0.1406
   744        226  10,001,595,624   d-1              0.0220             0.00004   OK                     49,387,902,305     0.8020
   745        226  22,013,007,408   d-1              0.0483             0.00009   OK                      9,813,056,282     0.1097
   746        227  21,537,017,424   d-1              0.0469             0.00009   OK                     35,075,996,959     0.5284
   747        227  230,891,670   d-1              0.0005             0.00000   OK                     15,627,554,612     0.9819
   748        227  1,003,002,522   d+1              0.0022             0.00000   OK                     12,725,919,023     0.9142
   749        227  72,459,235,758   d+1              0.1554             0.00030   OK                     21,802,330,983     0.0399
   750        228  9,129,867,996   d+1              0.0195             0.00004   OK                     19,548,624,081     0.6121
   751        228  15,006,378,222   d+1              0.0318             0.00006   OK                     26,416,350,476     0.5531
   752        228  122,147,281,236   d+1              0.2576             0.00049   OK                     59,734,996,499     0.1325
   753        229  1,449,981,618   d+1              0.0030             0.00001   OK                     12,329,518,420     0.8769
   754        229  9,282,682,542   d+1              0.0194             0.00004   OK                     32,979,179,190     0.7391
   755        229  23,617,118,172   d-1              0.0490             0.00009   OK                     54,562,227,035     0.6337
   756        230  85,344,743,322   d-1              0.1761             0.00033   OK                     50,782,165,881     0.1875
   757        230  7,413,306,672   d+1              0.0152             0.00003   OK                     33,404,654,888     0.7860
   758        230  24,904,364,022   d-1              0.0508             0.00010   OK                     33,879,410,151     0.4687
   759        230  14,482,546,734   d-1              0.0294             0.00006   OK                     20,656,401,350     0.4847
   760        231  65,791,096,140   d+1              0.1328             0.00025   OK                     18,193,683,460     0.0304
   761        231  21,720,619,572   d+1              0.0436             0.00008   OK                     22,834,660,920     0.3790
   762        231  108,824,022,798   d+1              0.2173             0.00041   OK                     28,965,240,132     0.0267
   763        232  28,989,909,006   d+1              0.0576             0.00011   OK                     36,146,226,710     0.4389
   764        232  9,042,602,022   d-1              0.0179             0.00003   OK                      8,388,893,398     0.3349
   765        232  12,036,747,978   d-1              0.0236             0.00004   OK                     35,789,150,273     0.6988
   766        233  10,454,750,196   d+1              0.0204             0.00004   OK                     17,120,309,429     0.5302
   767        233  29,670,002,250   d-1              0.0577             0.00011   OK                     16,421,251,207     0.1661
   768        233  141,345,923,442   d+1              0.2732             0.00051   OK                     20,548,232,092     0.0015
   769        233  98,209,516,296   d+1              0.1888             0.00035   OK                     67,123,754,079     0.2309
   770        234  46,098,670,740   d+1              0.0882             0.00016   OK                     25,321,812,217     0.1640
   771        234  8,066,737,920   d-1              0.0153             0.00003   OK                     26,668,752,118     0.7232
   772        234  59,313,147,942   d-1              0.1122             0.00021   OK                     15,409,844,354     0.0245
   773        235  4,017,690,498   d+1              0.0076             0.00001   OK                     25,935,173,823     0.8430
   774        235  14,177,662,878   d+1              0.0265             0.00005   OK                     26,708,347,478     0.5740
   775        235  2,137,403,298   d+1              0.0040             0.00001   OK                     21,850,312,737     0.8957
   776        236  5,274,276,906   d+1              0.0098             0.00002   OK                     35,348,719,661     0.8481
   777        236  6,499,193,400   d-1              0.0120             0.00002   OK                      6,710,999,407     0.3726
   778        236  29,157,121,560   d+1              0.0534             0.00010   OK                     12,554,646,968     0.1018
   779        236  24,813,891,858   d+1              0.0452             0.00008   OK                      7,664,630,058     0.0431
   780        237  1,797,877,392   d-1              0.0033             0.00001   OK                     18,602,406,761     0.8968
   781        237  37,523,362,752   d+1              0.0677             0.00012   OK                     33,419,491,986     0.3207
   782        237  11,945,908,242   d-1              0.0214             0.00004   OK                     26,927,811,787     0.6268
   783        238  11,404,008,024   d-1              0.0204             0.00004   OK                     36,311,306,011     0.7150
   784        238  498,213,942   d-1              0.0009             0.00000   OK                      9,964,676,867     0.9436
   785        238  41,270,493,498   d+1              0.0729             0.00013   OK                     34,571,056,213     0.2994
   786        239  11,636,680,788   d-1              0.0204             0.00004   OK                     20,917,632,551     0.5597
   787        239  46,828,419,108   d-1 d+1          0.0818             0.00015   OK                     16,428,595,251     0.0620
   788        239    9,721,518   d+1              0.0000             0.00000   OK                     30,184,204,600     0.9995
   789        239  87,651,623,406   d+1              0.1516             0.00028   OK                     24,719,761,791     0.0324
   790        240  13,805,465,538   d-1              0.0237             0.00004   OK                      9,704,508,433     0.2399
   791        240  7,800,832,812   d-1              0.0133             0.00002   OK                     75,177,905,236     0.8902
   792        240  12,913,083,984   d-1              0.0220             0.00004   OK                     55,939,357,160     0.7788
   793        241  9,952,896,978   d+1              0.0169             0.00003   OK                     34,721,605,771     0.7352
   794        241  4,578,525,762   d-1              0.0077             0.00001   OK                     72,626,877,839     0.9303
   795        241  84,279,264,912   d-1              0.1412             0.00025   OK                     17,914,359,944     0.0111
   796        242  26,303,802,342   d-1              0.0439             0.00008   OK                     46,133,479,688     0.5521
   797        242  27,843,826,884   d-1              0.0462             0.00008   OK                     24,962,345,361     0.3230
   798        242  35,924,340,852   d+1              0.0593             0.00011   OK                     15,281,861,593     0.0991
   799        242  24,058,497,288   d+1              0.0395             0.00007   OK                     45,046,709,921     0.5726
   800        243  9,414,563,148   d+1              0.0154             0.00003   OK                     38,027,025,558     0.7653
   801        243  11,120,236,908   d+1              0.0181             0.00003   OK                     61,916,394,083     0.8216
   802        243  28,790,777,838   d-1              0.0465             0.00008   OK                     56,821,890,957     0.5884
   803        244  2,804,186,568   d+1              0.0045             0.00001   OK                     67,136,225,176     0.9523
   804        244  3,672,158,388   d-1              0.0059             0.00001   OK                     26,965,660,779     0.8599
   805        244  21,732,126,186   d+1              0.0346             0.00006   OK                     54,367,959,878     0.6553
   806        245  3,900,208,212   d-1              0.0062             0.00001   OK                     11,215,509,878     0.6908
   807        245  1,132,561,056   d+1              0.0018             0.00000   OK                     39,114,271,356     0.9662
   808        245  1,933,196,232   d+1              0.0030             0.00001   OK                     12,691,297,202     0.8454
   809        245  29,424,293,676   d+1              0.0459             0.00008   OK                     30,949,476,556     0.3793
   810        246  11,681,046,930   d-1              0.0181             0.00003   OK                     18,930,668,081     0.5270
   811        246  11,627,964,198   d-1              0.0179             0.00003   OK                     22,233,652,799     0.5786
   812        246  24,385,310,814   d-1              0.0374             0.00007   OK                     47,914,346,930     0.5870
   813        247  5,774,392,320   d-1              0.0088             0.00002   OK                     31,878,823,991     0.8201
   814        247  3,056,614,308   d-1              0.0046             0.00001   OK                     37,266,612,202     0.9111
   815        247  4,676,095,764   d-1              0.0071             0.00001   OK                     29,139,074,334     0.8381
   816        248  22,955,470,008   d-1              0.0345             0.00006   OK                     16,651,469,232     0.2504
   817        248  48,637,212,204   d-1              0.0728             0.00013   OK                     37,546,761,384     0.2714
   818        248  13,173,358,278   d-1              0.0196             0.00003   OK                     26,349,202,588     0.5921
   819        248  330,460,390,872   d+1              0.4898             0.00086   OK                     53,304,270,358     0.0028
   820        249  141,002,214,702   d-1              0.2079             0.00036   OK                     88,591,043,775     0.2041
   821        249  22,325,133,462   d-1 d+1          0.0328             0.00006   OK                     24,921,134,103     0.4002
   822        249  28,438,190,172   d-1              0.0415             0.00007   OK                     29,471,868,887     0.3741
   823        250  40,638,810,894   d-1              0.0590             0.00010   OK                     71,853,720,826     0.5549
   824        250  59,965,983,288   d+1              0.0867             0.00015   OK                     36,837,843,901     0.1971
   825        250  24,529,974,252   d-1              0.0353             0.00006   OK                     41,323,264,584     0.5396
   826        251  3,285,880,422   d-1              0.0047             0.00001   OK                     75,189,331,595     0.9503
   827        251  178,203,787,254   d-1              0.2537             0.00044   OK                     33,537,168,992     0.0063
   828        251  956,179,788   d-1              0.0014             0.00000   OK                     39,974,221,119     0.9716
   829        251  174,607,457,382   d+1              0.2461             0.00043   OK                     69,705,800,149     0.0857
   830        252  104,353,948,272   d-1              0.1464             0.00025   OK                     19,324,795,666     0.0059
   831        252  6,116,851,332   d+1              0.0085             0.00001   OK                     19,067,922,166     0.7100
   832        252  13,700,611,014   d-1              0.0190             0.00003   OK                     70,736,534,237     0.8097
   833        253  2,919,693,138   d-1              0.0040             0.00001   OK                     16,817,794,624     0.8268
   834        253  2,065,287,972   d-1              0.0028             0.00000   OK                     30,696,968,842     0.9259
   835        253  4,590,154,572   d-1              0.0063             0.00001   OK                     26,113,633,328     0.8249
   836        254  39,301,351,752   d+1              0.0535             0.00009   OK                     33,837,959,994     0.3089
   837        254  4,901,718,084   d-1              0.0066             0.00001   OK                     39,107,423,886     0.8699
   838        254  1,030,090,170   d-1              0.0014             0.00000   OK                     18,943,417,077     0.9392
   839        255  15,291,668,178   d-1              0.0205             0.00004   OK                     22,306,724,596     0.4922
   840        255  16,355,474,274   d-1              0.0218             0.00004   OK                     89,658,508,031     0.8193
   841        255  3,980,952,108   d+1              0.0053             0.00001   OK                     19,310,480,728     0.7992
   842        255  19,110,608,412   d-1              0.0253             0.00004   OK                     33,001,811,368     0.5473
   843        256  25,230,389,664   d-1              0.0332             0.00006   OK                     35,510,142,194     0.4804
   844        256  13,051,928,940   d+1              0.0171             0.00003   OK                     38,412,403,063     0.6964
   845        256  1,739,517,270   d+1              0.0023             0.00000   OK                     16,615,731,634     0.8894
   846        257  5,540,887,380   d-1              0.0072             0.00001   OK                     21,245,634,076     0.7553
   847        257  8,668,004,118   d+1              0.0112             0.00002   OK                     25,539,837,578     0.6965
   848        257  30,940,315,032   d+1              0.0397             0.00007   OK                     65,785,424,114     0.6104
   849        258  31,648,065,642   d-1 d+1          0.0404             0.00007   OK                     62,665,373,674     0.5895
   850        258  12,355,581,144   d-1              0.0157             0.00003   OK                     98,646,542,951     0.8702
   851        258  1,534,174,062   d+1              0.0019             0.00000   OK                     39,767,108,639     0.9557
   852        258  16,371,052,386   d+1              0.0206             0.00003   OK                     34,977,272,015     0.6118
   853        259  43,697,577,960   d+1              0.0547             0.00009   OK                     50,599,773,379     0.4132
   854        259  1,909,769,988   d+1              0.0024             0.00000   OK                     10,349,575,991     0.8175
   855        259  29,347,755,012   d-1              0.0364             0.00006   OK                     23,253,803,445     0.2802
   856        260  19,431,937,332   d+1              0.0240             0.00004   OK                     55,605,657,721     0.6899
   857        260  35,957,087,124   d-1              0.0442             0.00007   OK                     27,679,652,975     0.2704
   858        260  50,563,951,440   d+1              0.0618             0.00010   OK                     15,047,596,817     0.0384
   859        261  14,147,164,962   d-1              0.0172             0.00003   OK                     29,906,694,193     0.6088
   860        261  16,505,851,176   d+1              0.0200             0.00003   OK                     83,367,098,717     0.8061
   861        261  58,430,348,910   d-1              0.0704             0.00012   OK                     36,213,092,888     0.1998
   862        261  46,439,610,762   d-1              0.0557             0.00009   OK                     21,003,477,723     0.1132
   863        262  132,115,616,946   d+1              0.1577             0.00026   OK                     42,217,554,852     0.0477
   864        262  20,563,012,560   d-1              0.0244             0.00004   OK                     27,807,251,321     0.4669
   865        262  9,307,669,470   d+1              0.0110             0.00002   OK                     26,275,875,055     0.6865
   866        263  4,760,966,952   d+1              0.0056             0.00001   OK                     20,953,494,164     0.7819
   867        263  56,150,316,018   d-1              0.0658             0.00011   OK                     108,828,917,257     0.5833
   868        263  14,143,243,566   d+1              0.0165             0.00003   OK                     62,561,792,565     0.7831
   869        264  23,770,040,418   d-1              0.0276             0.00005   OK                     15,127,687,475     0.2080
   870        264  42,058,140,642   d+1              0.0486             0.00008   OK                     40,068,564,647     0.3444
   871        264  7,018,801,404   d-1              0.0081             0.00001   OK                     86,059,285,229     0.9118
   872        264  20,754,082,848   d-1              0.0237             0.00004   OK                     17,225,536,963     0.2961
   873        265  101,791,003,272   d-1              0.1159             0.00019   OK                     58,328,566,050     0.1762
   874        265  95,216,396,274   d-1              0.1079             0.00018   OK                     109,000,346,578     0.4093
   875        265  31,691,326,368   d-1              0.0357             0.00006   OK                     17,077,445,421     0.1584
   876        266  32,806,446,852   d+1              0.0368             0.00006   OK                     34,531,077,278     0.3796
   877        266  87,689,226,222   d+1              0.0979             0.00016   OK                     34,179,261,129     0.0809
   878        266  174,872,153,334   d-1              0.1944             0.00032   OK                     110,292,134,626     0.2053
   879        267  7,988,016,012   d-1 d+1          0.0088             0.00001   OK                     57,189,077,260     0.8569
   880        267  168,450,160,458   d-1              0.1855             0.00030   OK                     96,917,651,058     0.1774
   881        267  3,722,891,148   d-1              0.0041             0.00001   OK                     48,607,716,182     0.9168
   882        267  27,259,822,758   d-1              0.0297             0.00005   OK                     47,053,315,529     0.5474
   883        268  23,490,265,836   d+1              0.0255             0.00004   OK                     26,524,846,816     0.4043
   884        268  15,266,151,990   d+1              0.0165             0.00003   OK                     26,009,663,700     0.5432
   885        268  35,697,950,370   d+1              0.0384             0.00006   OK                     24,708,080,186     0.2349
   886        269  62,575,108,872   d+1              0.0670             0.00011   OK                     32,373,739,804     0.1473
   887        269  4,239,188,418   d-1              0.0045             0.00001   OK                     22,439,435,699     0.8136
   888        269  16,923,059,388   d+1              0.0180             0.00003   OK                     97,934,929,182     0.8277
   889        270  20,007,124,638   d+1              0.0211             0.00003   OK                     86,775,167,072     0.7794
   890        270  261,579,484,146   d+1              0.2749             0.00044   OK                     73,943,270,384     0.0326
   891        270  1,923,696,408   d-1              0.0020             0.00000   OK                     11,276,443,225     0.8296
   892        270  31,557,697,044   d-1              0.0329             0.00005   OK                     99,681,199,614     0.7135
   893        271  44,069,007,612   d+1              0.0457             0.00007   OK                     16,599,826,865     0.0743
   894        271  7,748,833,788   d-1              0.0080             0.00001   OK                     29,572,898,722     0.7543
   895        271  56,342,391,666   d+1              0.0579             0.00009   OK                     82,454,758,998     0.4937
   896        272  57,423,196,890   d-1              0.0587             0.00009   OK                     23,072,644,854     0.0869
   897        272  24,185,657,112   d+1              0.0246             0.00004   OK                     38,983,174,112     0.5252
   898        272  16,183,024,746   d+1              0.0164             0.00003   OK                     36,076,880,414     0.6239
   899        273  5,030,776,842   d+1              0.0051             0.00001   OK                     19,291,140,967     0.7554
   900        273  84,783,031,518   d-1              0.0851             0.00014   OK                     45,104,915,458     0.1549
   901        273  274,102,543,068   d+1              0.2738             0.00044   OK                     129,779,109,664     0.1242
   902        273  329,990,934,438   d-1              0.3282             0.00052   OK                     100,201,369,161     0.0409
   903        274  27,751,376,766   d+1              0.0275             0.00004   OK                     79,009,120,865     0.6886
   904        274  22,269,831,972   d+1              0.0219             0.00003   OK                     25,614,633,244     0.4108
   905        274  213,861,781,158   d-1              0.2098             0.00033   OK                     79,252,608,671     0.0714
   906        275  28,807,898,736   d+1              0.0281             0.00004   OK                     129,766,428,871     0.7865
   907        275  23,796,468,768   d-1              0.0231             0.00004   OK                     26,544,328,138     0.4001
   908        275  34,618,513,884   d-1              0.0335             0.00005   OK                     35,955,499,061     0.3749
   909        276  22,962,149,130   d+1              0.0221             0.00003   OK                     23,080,889,999     0.3633
   910        276  902,535,000   d-1 d+1          0.0009             0.00000   OK                     52,510,986,294     0.9793
   911        276  82,623,260,730   d-1              0.0789             0.00012   OK                     57,282,248,947     0.2355
   912        276  122,091,719,928   d+1              0.1160             0.00018   OK                     43,628,911,114     0.0650
   913        277  23,450,453,652   d-1              0.0222             0.00003   OK                     114,934,519,805     0.8012
   914        277  35,998,015,014   d-1              0.0339             0.00005   OK                     78,110,974,392     0.6164
   915        277  19,035,394,458   d+1              0.0178             0.00003   OK                     66,311,289,816     0.7353
   916        278  195,936,630,102   d-1 d+1          0.1828             0.00029   OK                     106,616,104,139     0.1613
   917        278  31,403,086,242   d+1              0.0292             0.00005   OK                     88,254,078,109     0.6855
   918        278  11,299,671,162   d-1              0.0104             0.00002   OK                     109,476,671,603     0.8910
   919        279  97,988,363,532   d+1              0.0902             0.00014   OK                     99,998,207,254     0.3688
   920        279  136,039,218,792   d+1              0.1247             0.00019   OK                     74,712,190,418     0.1639
   921        279  7,894,330,344   d-1              0.0072             0.00001   OK                     79,729,542,715     0.8950
   922        279  17,883,009,210   d+1              0.0162             0.00003   OK                     31,082,749,352     0.5496
   923        280  14,927,623,890   d-1              0.0135             0.00002   OK                     28,278,579,342     0.5763
   924        280  26,522,206,290   d-1              0.0239             0.00004   OK                     36,465,105,132     0.4724
   925        280  23,923,443,120   d-1              0.0214             0.00003   OK                     26,803,879,146     0.4016
   926        281  82,091,655,708   d-1              0.0732             0.00011   OK                     43,671,998,763     0.1549
   927        281  121,336,420,254   d-1              0.1078             0.00017   OK                     37,755,544,344     0.0441
   928        281  74,300,896,212   d-1              0.0657             0.00010   OK                     62,452,913,913     0.3006
   929        282  7,541,043,108   d+1              0.0066             0.00001   OK                     129,625,985,244     0.9355
   930        282  69,305,145,396   d+1              0.0607             0.00009   OK                     96,265,578,672     0.4762
   931        282  37,587,013,962   d+1              0.0328             0.00005   OK                     61,909,419,908     0.5324
   932        282  41,043,899,208   d+1              0.0357             0.00005   OK                     32,098,747,453     0.2758
   933        283  82,952,988,168   d+1              0.0717             0.00011   OK                     59,180,559,471     0.2449
   934        283  82,267,774,338   d+1              0.0708             0.00011   OK                     67,734,322,180     0.2935
   935        283  88,137,062,538   d+1              0.0755             0.00012   OK                     64,509,998,747     0.2535
   936        284  122,656,718,328   d+1              0.1047             0.00016   OK                     109,941,135,033     0.3231
   937        284  15,343,408,938   d-1              0.0130             0.00002   OK                     145,941,679,129     0.8892
   938        284  187,039,993,998   d+1              0.1582             0.00024   OK                     106,888,468,292     0.1754
   939        285  216,579,859,908   d-1              0.1824             0.00028   OK                     127,224,721,419     0.1836
   940        285  6,003,774,438   d-1              0.0050             0.00001   OK                     82,219,792,571     0.9205
   941        285  19,718,584,536   d+1              0.0165             0.00003   OK                     61,624,065,724     0.7111
   942        286  3,002,439,450   d-1              0.0025             0.00000   OK                     17,493,200,083     0.8288
   943        286  52,386,767,262   d-1              0.0434             0.00007   OK                     74,970,787,255     0.4862
   944        286  112,955,748,396   d+1              0.0931             0.00014   OK                     118,635,706,185     0.3790
   945        286  1,354,280,622   d-1              0.0011             0.00000   OK                     19,152,820,250     0.9228
   946        287  5,126,783,196   d+1              0.0042             0.00001   OK                     66,356,024,616     0.9161
   947        287  4,990,372,728   d-1              0.0041             0.00001   OK                     20,342,834,727     0.7677
   948        287  41,907,066,432   d-1              0.0339             0.00005   OK                     52,750,654,924     0.4423
   949        288  24,649,139,502   d+1              0.0199             0.00003   OK                     91,255,677,909     0.7483
   950        288  16,612,382,694   d-1              0.0133             0.00002   OK                     45,669,708,660     0.6800
   951        288  118,184,512,002   d-1              0.0944             0.00014   OK                     31,590,000,085     0.0269
   952        289  54,881,941,086   d+1              0.0437             0.00007   OK                     39,641,901,795     0.2490
   953        289  16,218,586,500   d-1              0.0128             0.00002   OK                     27,425,154,237     0.5409
   954        289  31,298,608,848   d+1              0.0247             0.00004   OK                     77,884,749,857     0.6543
   955        289  80,996,940,282   d-1              0.0636             0.00010   OK                     108,090,347,179     0.4626
   956        290  5,506,070,292   d+1              0.0043             0.00001   OK                     56,450,271,892     0.8964
   957        290  12,444,622,242   d-1 d+1          0.0097             0.00001   OK                     74,340,230,414     0.8326
   958        290  10,921,825,224   d-1              0.0085             0.00001   OK                     39,036,108,239     0.7408
   959        291  35,053,377,450   d-1 d+1          0.0271             0.00004   OK                     28,335,575,616     0.2871
   960        291  23,153,039,010   d-1              0.0178             0.00003   OK                     72,090,858,587     0.7101
   961        291  48,027,344,952   d-1              0.0368             0.00005   OK                     68,594,124,643     0.4855
   962        292  121,575,464,076   d+1              0.0926             0.00014   OK                     59,643,961,930     0.1332
   963        292  24,299,017,968   d+1              0.0184             0.00003   OK                     70,382,436,167     0.6929
   964        292  50,208,310,932   d-1              0.0379             0.00006   OK                     68,210,765,421     0.4687
   965        292  181,185,392,742   d-1              0.1363             0.00020   OK                     114,485,542,915     0.2059
   966        293  154,122,690,054   d-1              0.1154             0.00017   OK                     140,571,114,891     0.3293
   967        293  139,063,043,988   d+1              0.1037             0.00015   OK                     61,531,632,371     0.1080
   968        293  10,102,397,484   d-1              0.0075             0.00001   OK                     53,028,239,197     0.8126
   969        294  61,427,176,950   d-1              0.0454             0.00007   OK                     58,783,813,905     0.3461
   970        294  26,105,496,750   d-1 d+1          0.0192             0.00003   OK                     31,975,175,357     0.4329
   971        294  54,447,688,788   d-1              0.0399             0.00006   OK                     50,269,685,102     0.3334
   972        295  1,205,651,926,884   d-1              0.8803             0.00130   OK                     125,510,945,794     0.0001
   973        295  11,002,329,480   d-1              0.0080             0.00001   OK                     29,098,275,253     0.6703
   974        295  53,282,793,618   d-1              0.0386             0.00006   OK                     45,224,720,085     0.3040
   975        295  7,537,532,712   d+1              0.0054             0.00001   OK                     90,953,231,965     0.9108
   976        296  161,703,323,322   d+1              0.1161             0.00017   OK                     54,434,038,817     0.0553
   977        296  38,048,245,224   d-1              0.0272             0.00004   OK                     51,428,539,002     0.4669
   978        296  64,403,430,108   d-1              0.0458             0.00007   OK                     26,629,564,086     0.0928
   979        297  82,503,381,594   d-1              0.0585             0.00009   OK                     127,200,062,496     0.5111
   980        297  38,738,123,922   d+1              0.0273             0.00004   OK                     53,612,391,675     0.4748
   981        297  31,314,699,456   d+1              0.0220             0.00003   OK                     48,639,043,561     0.5135
   982        298  10,622,657,430   d-1              0.0074             0.00001   OK                     43,851,785,131     0.7702
   983        298  87,879,166,512   d-1              0.0612             0.00009   OK                     61,710,255,582     0.2397
   984        298  292,266,010,026   d+1              0.2028             0.00030   OK                     166,226,302,438     0.1740
   985        298  201,435,292,512   d-1              0.1392             0.00020   OK                     53,148,604,804     0.0258
   986        299  66,608,068,758   d-1              0.0458             0.00007   OK                     96,293,753,077     0.4898
   987        299  381,278,800,116   d+1              0.2613             0.00038   OK                     150,216,405,417     0.0830
   988        299  17,843,179,458   d-1              0.0122             0.00002   OK                     51,048,503,236     0.6898
   989        300  296,328,610,554   d-1              0.2014             0.00029   OK                     98,569,787,311     0.0534
   990        300  24,230,629,992   d-1              0.0164             0.00002   OK                     29,096,753,372     0.4260
   991        300  27,237,067,716   d+1              0.0184             0.00003   OK                     76,946,974,216     0.6869
   992        301  11,875,232,232   d-1              0.0080             0.00001   OK                     52,455,303,006     0.7830
   993        301  102,586,133,178   d+1              0.0686             0.00010   OK                     64,556,623,528     0.2045
   994        301  14,938,692,798   d+1              0.0099             0.00001   OK                     127,597,842,192     0.8780
   995        301  53,960,372,826   d+1              0.0358             0.00005   OK                     70,971,142,523     0.4576
   996        302  16,554,772,938   d+1              0.0109             0.00002   OK                     22,201,274,131     0.4642
   997        302  3,631,874,382   d+1              0.0024             0.00000   OK                     116,507,963,090     0.9639
   998        302  28,577,653,422   d-1              0.0187             0.00003   OK                     192,076,264,162     0.8492
   999        303  6,455,754,252   d-1              0.0042             0.00001   OK                     170,024,081,020     0.9567
  1000        303  68,104,137,384   d-1              0.0442             0.00006   OK                     127,430,155,927     0.5727
  1001        303  157,668,887,400   d+1              0.1019             0.00015   OK                     85,281,370,006     0.1596
  1002        304  3,518,878,842   d+1              0.0023             0.00000   OK                     81,859,463,489     0.9512
  1003        304  341,644,151,586   d+1              0.2191             0.00031   OK                     194,852,655,408     0.1748
  1004        304  41,346,366,438   d-1              0.0264             0.00004   OK                     42,719,700,279     0.3730
  1005        304  11,138,735,214   d-1              0.0071             0.00001   OK                     41,072,341,406     0.7475
  1006        305  239,687,172   d-1              0.0002             0.00000   OK                     43,993,863,773     0.9930
  1007        305  63,259,475,706   d+1              0.0399             0.00006   OK                     56,923,427,918     0.3245
  1008        305  12,290,499,132   d-1              0.0077             0.00001   OK                     33,143,596,119     0.6753
  1009        306  105,821,091,348   d+1              0.0662             0.00009   OK                     62,201,767,204     0.1837
  1010        306  15,657,531,018   d-1              0.0098             0.00001   OK                     171,969,615,458     0.9028
  1011        306  64,656,891,666   d+1              0.0401             0.00006   OK                     176,573,945,036     0.6787
  1012        307  29,470,142,442   d-1              0.0182             0.00003   OK                     70,923,637,944     0.6453
  1013        307  227,464,934,868   d+1              0.1400             0.00020   OK                     80,510,669,611     0.0633
  1014        307  82,135,558,698   d-1              0.0504             0.00007   OK                     139,038,037,171     0.5415
  1015        307  301,913,298,768   d-1              0.1843             0.00026   OK                     148,603,259,894     0.1340
  1016        308  477,968,158,476   d+1              0.2906             0.00041   OK                     134,496,542,701     0.0320
  1017        308  47,855,967,342   d+1              0.0290             0.00004   OK                     62,414,467,798     0.4546
  1018        308  22,587,227,178   d-1              0.0136             0.00002   OK                     65,308,015,902     0.6927
  1019        309  37,528,145,778   d-1              0.0225             0.00003   OK                     98,768,323,026     0.6693
  1020        309  98,816,384,058   d-1              0.0591             0.00008   OK                     54,103,901,934     0.1630
  1021        309  175,969,483,968   d+1              0.1049             0.00015   OK                     64,921,499,780     0.0705
  1022        310  83,554,925,358   d+1              0.0496             0.00007   OK                     128,884,020,908     0.5115
  1023        310  212,139,960,816   d+1              0.1254             0.00018   OK                     85,312,561,198     0.0871
  1024        310  36,458,646,480   d+1              0.0215             0.00003   OK                     81,767,245,491     0.6259
  1025        310  17,842,935,492   d+1              0.0105             0.00001   OK                     81,482,557,512     0.7889
  1026        311  17,059,584,798   d+1              0.0100             0.00001   OK                     102,803,599,978     0.8338
  1027        311  133,604,309,388   d+1              0.0777             0.00011   OK                     192,162,630,717     0.4882
  1028        311  22,462,342,188   d-1              0.0130             0.00002   OK                     194,193,697,213     0.8795
  1029        312  86,474,951,586   d+1              0.0499             0.00007   OK                     118,034,123,981     0.4705
  1030        312  26,395,383,492   d+1              0.0152             0.00002   OK                     51,987,430,545     0.5884
  1031        312  142,062,738,708   d+1              0.0813             0.00011   OK                     88,758,431,670     0.2023
  1032        313  3,960,702,108   d-1              0.0023             0.00000   OK                     126,047,196,820     0.9637
  1033        313  89,658,664,488   d+1              0.0509             0.00007   OK                     124,096,187,196     0.4752
  1034        313  44,647,577,466   d+1              0.0252             0.00004   OK                     98,124,158,986     0.6204
  1035        314  43,475,802,012   d-1              0.0245             0.00003   OK                     49,915,304,835     0.4104
  1036        314  36,148,357,446   d+1              0.0203             0.00003   OK                     61,862,903,676     0.5448
  1037        314  10,713,768,180   d+1              0.0060             0.00001   OK                     60,384,840,437     0.8240
  1038        314  106,675,279,230   d+1              0.0594             0.00008   OK                     28,686,263,370     0.0274
  1039        315  26,386,323,642   d+1              0.0146             0.00002   OK                     46,096,170,423     0.5514
  1040        315  385,849,897,056   d+1              0.2130             0.00029   OK                     230,724,798,383     0.1889
  1041        315  90,622,897,620   d-1              0.0498             0.00007   OK                     53,082,685,935     0.1826
  1042        316  12,895,181,712   d-1 d+1          0.0071             0.00001   OK                     32,861,461,982     0.6608
  1043        316  3,924,963,126   d+1              0.0021             0.00000   OK                     44,331,069,884     0.9052
  1044        316  159,048,787,482   d-1              0.0864             0.00012   OK                     46,146,915,394     0.0353
  1045        317  324,845,499,138   d-1              0.1758             0.00024   OK                     180,098,064,281     0.1666
  1046        317  1,780,634,466   d+1              0.0010             0.00000   OK                     94,388,009,805     0.9775
  1047        317  24,353,978,190   d-1              0.0131             0.00002   OK                     61,605,278,420     0.6589
  1048        317  36,531,170,130   d+1              0.0195             0.00003   OK                     35,654,501,239     0.3531
  1049        318  24,314,221,038   d+1              0.0130             0.00002   OK                     45,535,130,357     0.5731
  1050        318  4,657,853,814   d-1              0.0025             0.00000   OK                     87,911,983,391     0.9410
  1051        318  73,753,864,422   d+1              0.0390             0.00005   OK                     45,479,591,704     0.1982
  1052        319  109,999,559,148   d+1              0.0579             0.00008   OK                     128,851,474,792     0.4175
  1053        319  1,441,512,083,376   d+1              0.7561             0.00103   OK                     237,188,621,298     0.0031
  1054        319  9,788,994,768   d-1              0.0051             0.00001   OK                     58,207,802,862     0.8320
  1055        320  42,254,376,732   d+1              0.0220             0.00003   OK                     117,365,192,052     0.6828
  1056        320  10,016,097,192   d-1              0.0052             0.00001   OK                     109,443,884,603     0.9025
  1057        320  69,627,043,572   d-1              0.0360             0.00005   OK                     99,733,839,649     0.4868
  1058        320  37,291,535,454   d-1              0.0192             0.00003   OK                     118,601,234,417     0.7155
  1059        321  103,148,065,998   d-1              0.0528             0.00007   OK                     64,120,854,843     0.2007
  1060        321  124,723,479,282   d-1              0.0636             0.00009   OK                     130,726,583,903     0.3784
  1061        321  83,848,322,292   d+1              0.0426             0.00006   OK                     67,776,147,605     0.2872
  1062        322  47,097,513,834   d-1              0.0238             0.00003   OK                     90,463,754,999     0.5808
  1063        322  22,925,283,348   d-1              0.0116             0.00002   OK                     26,753,742,809     0.4161
  1064        322  33,001,384,122   d-1              0.0166             0.00002   OK                     142,081,897,309     0.7786
  1065        323  58,517,644,662   d+1              0.0293             0.00004   OK                     114,532,789,720     0.5864
  1066        323  39,888,318,132   d+1              0.0199             0.00003   OK                     137,298,805,292     0.7333
  1067        323  60,652,725,642   d+1              0.0301             0.00004   OK                     84,396,768,774     0.4770
  1068        323  277,585,908,852   d-1              0.1373             0.00018   OK                     124,210,226,982     0.1105
  1069        324  5,012,411,634   d-1              0.0025             0.00000   OK                     192,993,770,796     0.9697
  1070        324  18,974,304,762   d+1              0.0093             0.00001   OK                     22,962,068,738     0.4288
  1071        324  8,746,577,658   d-1              0.0043             0.00001   OK                     78,465,286,414     0.8833
  1072        325  55,228,150,668   d+1              0.0269             0.00004   OK                     71,027,462,670     0.4500
  1073        325  47,699,891,238   d-1              0.0231             0.00003   OK                     132,319,854,616     0.6828
  1074        325  133,020,060,516   d+1              0.0643             0.00009   OK                     104,428,657,133     0.2772
  1075        326  12,936,820,410   d-1 d+1          0.0062             0.00001   OK                     75,520,529,887     0.8291
  1076        326  82,892,107,950   d+1              0.0398             0.00005   OK                     96,130,459,859     0.4139
  1077        326  25,086,613,338   d+1              0.0120             0.00002   OK                     41,573,620,344     0.5347
  1078        326  218,178,685,662   d+1              0.1039             0.00014   OK                     95,323,476,080     0.1050
  1079        327  89,699,133,732   d-1              0.0425             0.00006   OK                     97,086,850,057     0.3897
  1080        327  19,803,515,094   d-1              0.0094             0.00001   OK                     118,210,422,303     0.8326
  1081        327  365,981,807,898   d+1              0.1722             0.00023   OK                     71,613,693,901     0.0076
  1082        328  327,092,457,534   d-1              0.1533             0.00020   OK                     167,216,935,057     0.1440
  1083        328  18,415,335,072   d+1              0.0086             0.00001   OK                     97,409,994,728     0.8140
  1084        328  45,249,567,756   d+1              0.0211             0.00003   OK                     133,878,225,180     0.6985
  1085        329  1,026,787,278   d-1              0.0005             0.00000   OK                     63,416,959,060     0.9806
  1086        329  559,010,420,694   d-1              0.2581             0.00034   OK                     170,034,684,725     0.0410
  1087        329  67,827,648,738   d-1              0.0312             0.00004   OK                     63,944,057,945     0.3409
  1088        329  14,512,549,854   d-1              0.0066             0.00001   OK                     73,169,275,928     0.8062
  1089        330  21,233,255,568   d-1 d+1          0.0097             0.00001   OK                     58,391,501,261     0.6805
  1090        330  417,465,910,362   d+1              0.1898             0.00025   OK                     286,350,826,644     0.2321
  1091        330  56,585,642,742   d-1              0.0256             0.00003   OK                     146,624,389,647     0.6652
  1092        331  69,832,940,814   d-1              0.0315             0.00004   OK                     117,783,043,153     0.5404
  1093        331  152,383,927,968   d-1              0.0685             0.00009   OK                     130,592,075,355     0.3075
  1094        331  65,934,308,964   d-1              0.0295             0.00004   OK                     94,322,917,611     0.4863
  1095        332  89,501,768,280   d+1              0.0399             0.00005   OK                     80,323,095,839     0.3236
  1096        332  40,044,621,768   d-1 d+1          0.0178             0.00002   OK                     83,271,573,942     0.6046
  1097        332  138,956,108,172   d-1              0.0615             0.00008   OK                     75,105,259,969     0.1593
  1098        332  378,500,158,542   d-1              0.1670             0.00022   OK                     77,421,465,783     0.0093
  1099        333  144,039,480,042   d+1              0.0633             0.00008   OK                     106,853,764,369     0.2580
  1100        333  3,783,909,402   d+1              0.0017             0.00000   OK                     76,852,432,156     0.9448
  1101        333  78,521,734,062   d+1              0.0343             0.00004   OK                     85,721,984,100     0.3927
  1102        334  87,932,999,232   d+1              0.0382             0.00005   OK                     145,167,889,964     0.5337
  1103        334  704,629,932   d-1              0.0003             0.00000   OK                     144,737,721,277     0.9938
  1104        334  279,215,532   d+1              0.0001             0.00000   OK                     100,438,720,428     0.9963
  1105        335  116,786,543,064   d-1              0.0502             0.00007   OK                     98,193,844,764     0.3008
  1106        335  9,219,404,868   d+1              0.0039             0.00001   OK                     46,613,126,998     0.8068
  1107        335  77,910,890,472   d-1              0.0332             0.00004   OK                     136,034,753,767     0.5514
  1108        335  298,151,435,472   d+1              0.1267             0.00016   OK                     102,579,567,222     0.0586
  1109        336  39,154,948,434   d-1              0.0166             0.00002   OK                     92,175,105,021     0.6396
  1110        336  1,496,204,478   d-1              0.0006             0.00000   OK                     76,371,908,068     0.9767
  1111        336  565,222,570,014   d-1              0.2375             0.00031   OK                     119,560,886,165     0.0108
  1112        337  106,045,583,490   d+1              0.0444             0.00006   OK                     51,959,483,441     0.1327
  1113        337  28,949,602,770   d+1              0.0121             0.00002   OK                     52,144,909,541     0.5612
  1114        337  238,545,093,720   d-1              0.0991             0.00013   OK                     137,461,658,122     0.1778
  1115        338  6,077,314,890   d-1              0.0025             0.00000   OK                     123,594,571,247     0.9449
  1116        338  13,577,202,642   d-1              0.0056             0.00001   OK                     155,204,868,375     0.9064
  1117        338  32,742,092,916   d+1              0.0135             0.00002   OK                     244,053,427,105     0.8625
  1118        338  35,802,742,092   d-1              0.0147             0.00002   OK                     70,862,606,831     0.5900
  1119        339  105,903,402,918   d+1              0.0432             0.00006   OK                     134,755,925,275     0.4464
  1120        339  11,626,349,346   d+1              0.0047             0.00001   OK                     93,751,514,979     0.8717
  1121        339  11,192,872,092   d-1              0.0045             0.00001   OK                     49,986,868,471     0.7853
  1122        340  154,467,200,136   d+1              0.0623             0.00008   OK                     255,571,784,100     0.5344
  1123        340  98,146,800,480   d+1              0.0395             0.00005   OK                     128,502,978,632     0.4562
  1124        340  18,040,168,038   d+1              0.0072             0.00001   OK                     50,119,332,251     0.6831
  1125        341  254,485,352,442   d-1              0.1016             0.00013   OK                     206,998,599,351     0.2894
  1126        341  58,949,082,192   d-1              0.0234             0.00003   OK                     81,676,166,353     0.4755
  1127        341  111,875,539,272   d+1              0.0443             0.00006   OK                     114,304,454,704     0.3694
  1128        342  38,127,003,954   d-1              0.0150             0.00002   OK                     75,781,175,619     0.5912
  1129        342  123,539,202,300   d-1              0.0486             0.00006   OK                     150,110,374,596     0.4304
  1130        342  49,061,864,328   d+1              0.0192             0.00002   OK                     126,100,186,492     0.6631
  1131        342  31,012,157,382   d-1              0.0121             0.00002   OK                     115,592,757,310     0.7502
  1132        343  125,997,326,334   d-1              0.0490             0.00006   OK                     62,946,618,155     0.1378
  1133        343  92,548,181,532   d+1              0.0359             0.00005   OK                     53,642,173,432     0.1794
  1134        343  157,889,303,238   d+1              0.0610             0.00008   OK                     142,639,936,829     0.3260

  steps failing a check: 0
  mean d/((ln t)^4 lnln t) over all steps : 0.0528   (exhaustive mean to 1e8: 0.0575)
  mean over the 1099 steps with t > 1e12 : 0.0510
  max d/((ln t)^5 lnln t) : 0.55562   (Conjecture B' asserts < 1 for every t >= 5)
  max d/t                 : 1.412e+00;  last t has 343 digits

  Poisson model P(d(t) > Y) = exp(-E_t(Y)) with Bateman-Horn E_t, over 1134 steps:
    sum(observed d) / sum(model E[d(t)]) : 1.0146   (1 if the model is calibrated)
    mean of P(d(t) > d_observed)          : 0.5160   (0.5 under the model)
    KS distance of those values to U(0,1) : 0.0376   (5% critical value ~ 0.0403)
    same, restricted to the 1099 steps with t > 1e12: ratio 1.0146, mean survival 0.5184, KS 0.0391
